"B_demag.region2:0","B_demag.region2:1","B_demag.region2:2","vtkValidPointMask","arc_length","Points:0","Points:1","Points:2"
-1.1801e-11,8.0509e-08,-0.00032849,1,0,1.275e-07,0,6.4e-08
-1.1824e-11,1.2159e-07,-0.00032849,1,2.55e-10,1.275e-07,2.55e-10,6.4e-08
-1.1848e-11,1.6268e-07,-0.00032849,1,5.1e-10,1.275e-07,5.1e-10,6.4e-08
-1.1872e-11,2.0376e-07,-0.00032849,1,7.65e-10,1.275e-07,7.65e-10,6.4e-08
-1.1932e-11,2.4485e-07,-0.00032849,1,1.02e-09,1.275e-07,1.02e-09,6.4e-08
-1.2424e-11,2.8598e-07,-0.00032849,1,1.275e-09,1.275e-07,1.275e-09,6.4e-08
-1.2915e-11,3.271e-07,-0.00032849,1,1.53e-09,1.275e-07,1.53e-09,6.4e-08
-1.3406e-11,3.6822e-07,-0.00032849,1,1.785e-09,1.275e-07,1.785e-09,6.4e-08
-1.3949e-11,4.0935e-07,-0.00032849,1,2.04e-09,1.275e-07,2.04e-09,6.4e-08
-1.4763e-11,4.5054e-07,-0.00032848,1,2.295e-09,1.275e-07,2.295e-09,6.4e-08
-1.5578e-11,4.9172e-07,-0.00032848,1,2.55e-09,1.275e-07,2.55e-09,6.4e-08
-1.6393e-11,5.3291e-07,-0.00032848,1,2.805e-09,1.275e-07,2.805e-09,6.4e-08
-1.727e-11,5.7411e-07,-0.00032848,1,3.06e-09,1.275e-07,3.06e-09,6.4e-08
-1.8351e-11,6.1538e-07,-0.00032848,1,3.315e-09,1.275e-07,3.315e-09,6.4e-08
-1.9432e-11,6.5665e-07,-0.00032848,1,3.57e-09,1.275e-07,3.57e-09,6.4e-08
-2.0512e-11,6.9793e-07,-0.00032847,1,3.825e-09,1.275e-07,3.825e-09,6.4e-08
-2.1681e-11,7.3923e-07,-0.00032847,1,4.08e-09,1.275e-07,4.08e-09,6.4e-08
-2.3043e-11,7.8061e-07,-0.00032847,1,4.335e-09,1.275e-07,4.335e-09,6.4e-08
-2.4405e-11,8.22e-07,-0.00032847,1,4.59e-09,1.275e-07,4.59e-09,6.4e-08
-2.5766e-11,8.6338e-07,-0.00032846,1,4.845e-09,1.275e-07,4.845e-09,6.4e-08
-2.719e-11,9.0481e-07,-0.00032846,1,5.1e-09,1.275e-07,5.1e-09,6.4e-08
-2.871e-11,9.4633e-07,-0.00032846,1,5.355e-09,1.275e-07,5.355e-09,6.4e-08
-3.0229e-11,9.8785e-07,-0.00032846,1,5.61e-09,1.275e-07,5.61e-09,6.4e-08
-3.1749e-11,1.0294e-06,-0.00032845,1,5.865e-09,1.275e-07,5.865e-09,6.4e-08
-3.3382e-11,1.071e-06,-0.00032845,1,6.12e-09,1.275e-07,6.12e-09,6.4e-08
-3.5143e-11,1.1126e-06,-0.00032845,1,6.375e-09,1.275e-07,6.375e-09,6.4e-08
-3.6904e-11,1.1543e-06,-0.00032844,1,6.63e-09,1.275e-07,6.63e-09,6.4e-08
-3.8664e-11,1.196e-06,-0.00032844,1,6.885e-09,1.275e-07,6.885e-09,6.4e-08
-4.0299e-11,1.2378e-06,-0.00032844,1,7.14e-09,1.275e-07,7.14e-09,6.4e-08
-4.1831e-11,1.2796e-06,-0.00032843,1,7.395e-09,1.275e-07,7.395e-09,6.4e-08
-4.3362e-11,1.3215e-06,-0.00032843,1,7.65e-09,1.275e-07,7.65e-09,6.4e-08
-4.4893e-11,1.3633e-06,-0.00032842,1,7.905e-09,1.275e-07,7.905e-09,6.4e-08
-4.6289e-11,1.4053e-06,-0.00032842,1,8.16e-09,1.275e-07,8.16e-09,6.4e-08
-4.7605e-11,1.4474e-06,-0.00032841,1,8.415e-09,1.275e-07,8.415e-09,6.4e-08
-4.892e-11,1.4895e-06,-0.00032841,1,8.67e-09,1.275e-07,8.67e-09,6.4e-08
-5.0236e-11,1.5315e-06,-0.0003284,1,8.925e-09,1.275e-07,8.925e-09,6.4e-08
-5.138e-11,1.5738e-06,-0.0003284,1,9.18e-09,1.275e-07,9.18e-09,6.4e-08
-5.2453e-11,1.6161e-06,-0.00032839,1,9.435e-09,1.275e-07,9.435e-09,6.4e-08
-5.3525e-11,1.6584e-06,-0.00032839,1,9.69e-09,1.275e-07,9.69e-09,6.4e-08
-5.4598e-11,1.7007e-06,-0.00032838,1,9.945e-09,1.275e-07,9.945e-09,6.4e-08
-5.5426e-11,1.7432e-06,-0.00032838,1,1.02e-08,1.275e-07,1.02e-08,6.4e-08
-5.6187e-11,1.7857e-06,-0.00032837,1,1.0455e-08,1.275e-07,1.0455e-08,6.4e-08
-5.6948e-11,1.8283e-06,-0.00032837,1,1.071e-08,1.275e-07,1.071e-08,6.4e-08
-5.7709e-11,1.8708e-06,-0.00032836,1,1.0965e-08,1.275e-07,1.0965e-08,6.4e-08
-5.8076e-11,1.9136e-06,-0.00032836,1,1.122e-08,1.275e-07,1.122e-08,6.4e-08
-5.838e-11,1.9565e-06,-0.00032835,1,1.1475e-08,1.275e-07,1.1475e-08,6.4e-08
-5.8684e-11,1.9993e-06,-0.00032834,1,1.173e-08,1.275e-07,1.173e-08,6.4e-08
-5.8988e-11,2.0421e-06,-0.00032834,1,1.1985e-08,1.275e-07,1.1985e-08,6.4e-08
-5.8982e-11,2.0853e-06,-0.00032833,1,1.224e-08,1.275e-07,1.224e-08,6.4e-08
-5.8958e-11,2.1284e-06,-0.00032832,1,1.2495e-08,1.275e-07,1.2495e-08,6.4e-08
-5.8933e-11,2.1715e-06,-0.00032832,1,1.275e-08,1.275e-07,1.275e-08,6.4e-08
-5.89e-11,2.2147e-06,-0.00032831,1,1.3005e-08,1.275e-07,1.3005e-08,6.4e-08
-5.8476e-11,2.2582e-06,-0.0003283,1,1.326e-08,1.275e-07,1.326e-08,6.4e-08
-5.8052e-11,2.3016e-06,-0.00032829,1,1.3515e-08,1.275e-07,1.3515e-08,6.4e-08
-5.7627e-11,2.3451e-06,-0.00032829,1,1.377e-08,1.275e-07,1.377e-08,6.4e-08
-5.7171e-11,2.3886e-06,-0.00032828,1,1.4025e-08,1.275e-07,1.4025e-08,6.4e-08
-5.6415e-11,2.4324e-06,-0.00032827,1,1.428e-08,1.275e-07,1.428e-08,6.4e-08
-5.5659e-11,2.4762e-06,-0.00032826,1,1.4535e-08,1.275e-07,1.4535e-08,6.4e-08
-5.4903e-11,2.5201e-06,-0.00032826,1,1.479e-08,1.275e-07,1.479e-08,6.4e-08
-5.4025e-11,2.564e-06,-0.00032825,1,1.5045e-08,1.275e-07,1.5045e-08,6.4e-08
-5.2571e-11,2.6081e-06,-0.00032824,1,1.53e-08,1.275e-07,1.53e-08,6.4e-08
-5.1118e-11,2.6523e-06,-0.00032823,1,1.5555e-08,1.275e-07,1.5555e-08,6.4e-08
-4.9665e-11,2.6965e-06,-0.00032822,1,1.581e-08,1.275e-07,1.581e-08,6.4e-08
-4.8195e-11,2.7408e-06,-0.00032821,1,1.6065e-08,1.275e-07,1.6065e-08,6.4e-08
-4.6674e-11,2.7854e-06,-0.0003282,1,1.632e-08,1.275e-07,1.632e-08,6.4e-08
-4.5153e-11,2.83e-06,-0.00032819,1,1.6575e-08,1.275e-07,1.6575e-08,6.4e-08
-4.3632e-11,2.8747e-06,-0.00032818,1,1.683e-08,1.275e-07,1.683e-08,6.4e-08
-4.2089e-11,2.9194e-06,-0.00032817,1,1.7085e-08,1.275e-07,1.7085e-08,6.4e-08
-4.0503e-11,2.9644e-06,-0.00032816,1,1.734e-08,1.275e-07,1.734e-08,6.4e-08
-3.8916e-11,3.0094e-06,-0.00032815,1,1.7595e-08,1.275e-07,1.7595e-08,6.4e-08
-3.733e-11,3.0545e-06,-0.00032814,1,1.785e-08,1.275e-07,1.785e-08,6.4e-08
-3.5707e-11,3.0997e-06,-0.00032813,1,1.8105e-08,1.275e-07,1.8105e-08,6.4e-08
-3.4032e-11,3.1452e-06,-0.00032812,1,1.836e-08,1.275e-07,1.836e-08,6.4e-08
-3.2358e-11,3.1906e-06,-0.00032811,1,1.8615e-08,1.275e-07,1.8615e-08,6.4e-08
-3.0683e-11,3.2361e-06,-0.0003281,1,1.887e-08,1.275e-07,1.887e-08,6.4e-08
-2.9038e-11,3.2818e-06,-0.00032809,1,1.9125e-08,1.275e-07,1.9125e-08,6.4e-08
-2.7424e-11,3.3277e-06,-0.00032808,1,1.938e-08,1.275e-07,1.938e-08,6.4e-08
-2.5809e-11,3.3737e-06,-0.00032807,1,1.9635e-08,1.275e-07,1.9635e-08,6.4e-08
-2.4195e-11,3.4196e-06,-0.00032806,1,1.989e-08,1.275e-07,1.989e-08,6.4e-08
-2.2765e-11,3.4659e-06,-0.00032804,1,2.0145e-08,1.275e-07,2.0145e-08,6.4e-08
-2.1475e-11,3.5123e-06,-0.00032803,1,2.04e-08,1.275e-07,2.04e-08,6.4e-08
-2.0185e-11,3.5587e-06,-0.00032802,1,2.0655e-08,1.275e-07,2.0655e-08,6.4e-08
-1.8896e-11,3.6052e-06,-0.00032801,1,2.091e-08,1.275e-07,2.091e-08,6.4e-08
-1.7789e-11,3.652e-06,-0.000328,1,2.1165e-08,1.275e-07,2.1165e-08,6.4e-08
-1.6783e-11,3.6989e-06,-0.00032798,1,2.142e-08,1.275e-07,2.142e-08,6.4e-08
-1.5776e-11,3.7459e-06,-0.00032797,1,2.1675e-08,1.275e-07,2.1675e-08,6.4e-08
-1.477e-11,3.7928e-06,-0.00032796,1,2.193e-08,1.275e-07,2.193e-08,6.4e-08
-1.3917e-11,3.8402e-06,-0.00032794,1,2.2185e-08,1.275e-07,2.2185e-08,6.4e-08
-1.3123e-11,3.8877e-06,-0.00032793,1,2.244e-08,1.275e-07,2.244e-08,6.4e-08
-1.2329e-11,3.9352e-06,-0.00032792,1,2.2695e-08,1.275e-07,2.2695e-08,6.4e-08
-1.1534e-11,3.9827e-06,-0.0003279,1,2.295e-08,1.275e-07,2.295e-08,6.4e-08
-1.0668e-11,4.0306e-06,-0.00032789,1,2.3205e-08,1.275e-07,2.3205e-08,6.4e-08
-9.7851e-12,4.0787e-06,-0.00032787,1,2.346e-08,1.275e-07,2.346e-08,6.4e-08
-8.9019e-12,4.1267e-06,-0.00032786,1,2.3715e-08,1.275e-07,2.3715e-08,6.4e-08
-8.0187e-12,4.1748e-06,-0.00032784,1,2.397e-08,1.275e-07,2.397e-08,6.4e-08
-7.0071e-12,4.2233e-06,-0.00032783,1,2.4225e-08,1.275e-07,2.4225e-08,6.4e-08
-5.9784e-12,4.272e-06,-0.00032781,1,2.448e-08,1.275e-07,2.448e-08,6.4e-08
-4.9497e-12,4.3206e-06,-0.0003278,1,2.4735e-08,1.275e-07,2.4735e-08,6.4e-08
-3.921e-12,4.3692e-06,-0.00032778,1,2.499e-08,1.275e-07,2.499e-08,6.4e-08
-3.1401e-12,4.4185e-06,-0.00032776,1,2.5245e-08,1.275e-07,2.5245e-08,6.4e-08
-2.3693e-12,4.4677e-06,-0.00032775,1,2.55e-08,1.275e-07,2.55e-08,6.4e-08
-1.5985e-12,4.5169e-06,-0.00032773,1,2.5755e-08,1.275e-07,2.5755e-08,6.4e-08
-8.2376e-13,4.5662e-06,-0.00032771,1,2.601e-08,1.275e-07,2.601e-08,6.4e-08
4.633e-14,4.6161e-06,-0.0003277,1,2.6265e-08,1.275e-07,2.6265e-08,6.4e-08
9.1641e-13,4.6659e-06,-0.00032768,1,2.652e-08,1.275e-07,2.652e-08,6.4e-08
1.7865e-12,4.7158e-06,-0.00032766,1,2.6775e-08,1.275e-07,2.6775e-08,6.4e-08
2.6574e-12,4.7657e-06,-0.00032764,1,2.703e-08,1.275e-07,2.703e-08,6.4e-08
3.5343e-12,4.8162e-06,-0.00032763,1,2.7285e-08,1.275e-07,2.7285e-08,6.4e-08
4.4113e-12,4.8667e-06,-0.00032761,1,2.754e-08,1.275e-07,2.754e-08,6.4e-08
5.2882e-12,4.9173e-06,-0.00032759,1,2.7795e-08,1.275e-07,2.7795e-08,6.4e-08
6.0872e-12,4.9679e-06,-0.00032757,1,2.805e-08,1.275e-07,2.805e-08,6.4e-08
6.5667e-12,5.0191e-06,-0.00032755,1,2.8305e-08,1.275e-07,2.8305e-08,6.4e-08
7.0463e-12,5.0702e-06,-0.00032753,1,2.856e-08,1.275e-07,2.856e-08,6.4e-08
7.5258e-12,5.1214e-06,-0.00032751,1,2.8815e-08,1.275e-07,2.8815e-08,6.4e-08
7.901e-12,5.1728e-06,-0.00032749,1,2.907e-08,1.275e-07,2.907e-08,6.4e-08
8.0005e-12,5.2246e-06,-0.00032747,1,2.9325e-08,1.275e-07,2.9325e-08,6.4e-08
8.1001e-12,5.2765e-06,-0.00032745,1,2.958e-08,1.275e-07,2.958e-08,6.4e-08
8.1996e-12,5.3283e-06,-0.00032743,1,2.9835e-08,1.275e-07,2.9835e-08,6.4e-08
8.2438e-12,5.3804e-06,-0.00032741,1,3.009e-08,1.275e-07,3.009e-08,6.4e-08
8.1864e-12,5.433e-06,-0.00032739,1,3.0345e-08,1.275e-07,3.0345e-08,6.4e-08
8.129e-12,5.4855e-06,-0.00032737,1,3.06e-08,1.275e-07,3.06e-08,6.4e-08
8.0717e-12,5.5381e-06,-0.00032735,1,3.0855e-08,1.275e-07,3.0855e-08,6.4e-08
8.1111e-12,5.5909e-06,-0.00032732,1,3.111e-08,1.275e-07,3.111e-08,6.4e-08
8.2783e-12,5.6442e-06,-0.0003273,1,3.1365e-08,1.275e-07,3.1365e-08,6.4e-08
8.4454e-12,5.6974e-06,-0.00032728,1,3.162e-08,1.275e-07,3.162e-08,6.4e-08
8.6125e-12,5.7507e-06,-0.00032726,1,3.1875e-08,1.275e-07,3.1875e-08,6.4e-08
8.5154e-12,5.8043e-06,-0.00032723,1,3.213e-08,1.275e-07,3.213e-08,6.4e-08
8.1641e-12,5.8583e-06,-0.00032721,1,3.2385e-08,1.275e-07,3.2385e-08,6.4e-08
7.8128e-12,5.9123e-06,-0.00032718,1,3.264e-08,1.275e-07,3.264e-08,6.4e-08
7.4616e-12,5.9663e-06,-0.00032716,1,3.2895e-08,1.275e-07,3.2895e-08,6.4e-08
6.7883e-12,6.0208e-06,-0.00032714,1,3.315e-08,1.275e-07,3.315e-08,6.4e-08
5.8897e-12,6.0755e-06,-0.00032711,1,3.3405e-08,1.275e-07,3.3405e-08,6.4e-08
4.991e-12,6.1303e-06,-0.00032709,1,3.366e-08,1.275e-07,3.366e-08,6.4e-08
4.0924e-12,6.185e-06,-0.00032706,1,3.3915e-08,1.275e-07,3.3915e-08,6.4e-08
2.9134e-12,6.2403e-06,-0.00032703,1,3.417e-08,1.275e-07,3.417e-08,6.4e-08
1.5942e-12,6.2958e-06,-0.00032701,1,3.4425e-08,1.275e-07,3.4425e-08,6.4e-08
2.75e-13,6.3513e-06,-0.00032698,1,3.468e-08,1.275e-07,3.468e-08,6.4e-08
-1.0442e-12,6.4068e-06,-0.00032695,1,3.4935e-08,1.275e-07,3.4935e-08,6.4e-08
-2.6687e-12,6.4629e-06,-0.00032693,1,3.519e-08,1.275e-07,3.519e-08,6.4e-08
-4.3975e-12,6.5192e-06,-0.0003269,1,3.5445e-08,1.275e-07,3.5445e-08,6.4e-08
-6.1264e-12,6.5754e-06,-0.00032687,1,3.57e-08,1.275e-07,3.57e-08,6.4e-08
-7.8553e-12,6.6317e-06,-0.00032684,1,3.5955e-08,1.275e-07,3.5955e-08,6.4e-08
-9.5142e-12,6.6887e-06,-0.00032681,1,3.621e-08,1.275e-07,3.621e-08,6.4e-08
-1.1158e-11,6.7457e-06,-0.00032678,1,3.6465e-08,1.275e-07,3.6465e-08,6.4e-08
-1.2802e-11,6.8028e-06,-0.00032676,1,3.672e-08,1.275e-07,3.672e-08,6.4e-08
-1.4446e-11,6.8599e-06,-0.00032673,1,3.6975e-08,1.275e-07,3.6975e-08,6.4e-08
-1.6084e-11,6.9176e-06,-0.0003267,1,3.723e-08,1.275e-07,3.723e-08,6.4e-08
-1.7721e-11,6.9755e-06,-0.00032666,1,3.7485e-08,1.275e-07,3.7485e-08,6.4e-08
-1.9357e-11,7.0334e-06,-0.00032663,1,3.774e-08,1.275e-07,3.774e-08,6.4e-08
-2.0994e-11,7.0912e-06,-0.0003266,1,3.7995e-08,1.275e-07,3.7995e-08,6.4e-08
-2.2717e-11,7.1499e-06,-0.00032657,1,3.825e-08,1.275e-07,3.825e-08,6.4e-08
-2.4442e-11,7.2086e-06,-0.00032654,1,3.8505e-08,1.275e-07,3.8505e-08,6.4e-08
-2.6166e-11,7.2672e-06,-0.00032651,1,3.876e-08,1.275e-07,3.876e-08,6.4e-08
-2.7858e-11,7.3259e-06,-0.00032647,1,3.9015e-08,1.275e-07,3.9015e-08,6.4e-08
-2.9023e-11,7.3854e-06,-0.00032644,1,3.927e-08,1.275e-07,3.927e-08,6.4e-08
-3.0188e-11,7.4449e-06,-0.00032641,1,3.9525e-08,1.275e-07,3.9525e-08,6.4e-08
-3.1353e-11,7.5044e-06,-0.00032637,1,3.978e-08,1.275e-07,3.978e-08,6.4e-08
-3.251e-11,7.564e-06,-0.00032634,1,4.0035e-08,1.275e-07,4.0035e-08,6.4e-08
-3.3618e-11,7.6243e-06,-0.0003263,1,4.029e-08,1.275e-07,4.029e-08,6.4e-08
-3.4726e-11,7.6846e-06,-0.00032627,1,4.0545e-08,1.275e-07,4.0545e-08,6.4e-08
-3.5834e-11,7.7448e-06,-0.00032623,1,4.08e-08,1.275e-07,4.08e-08,6.4e-08
-3.6936e-11,7.8053e-06,-0.00032619,1,4.1055e-08,1.275e-07,4.1055e-08,6.4e-08
-3.8019e-11,7.8664e-06,-0.00032616,1,4.131e-08,1.275e-07,4.131e-08,6.4e-08
-3.9101e-11,7.9275e-06,-0.00032612,1,4.1565e-08,1.275e-07,4.1565e-08,6.4e-08
-4.0183e-11,7.9886e-06,-0.00032608,1,4.182e-08,1.275e-07,4.182e-08,6.4e-08
-4.1148e-11,8.05e-06,-0.00032604,1,4.2075e-08,1.275e-07,4.2075e-08,6.4e-08
-4.1832e-11,8.1119e-06,-0.00032601,1,4.233e-08,1.275e-07,4.233e-08,6.4e-08
-4.2516e-11,8.1738e-06,-0.00032597,1,4.2585e-08,1.275e-07,4.2585e-08,6.4e-08
-4.32e-11,8.2358e-06,-0.00032593,1,4.284e-08,1.275e-07,4.284e-08,6.4e-08
-4.3736e-11,8.298e-06,-0.00032589,1,4.3095e-08,1.275e-07,4.3095e-08,6.4e-08
-4.4023e-11,8.3607e-06,-0.00032585,1,4.335e-08,1.275e-07,4.335e-08,6.4e-08
-4.431e-11,8.4235e-06,-0.00032581,1,4.3605e-08,1.275e-07,4.3605e-08,6.4e-08
-4.4596e-11,8.4862e-06,-0.00032576,1,4.386e-08,1.275e-07,4.386e-08,6.4e-08
-4.4827e-11,8.5493e-06,-0.00032572,1,4.4115e-08,1.275e-07,4.4115e-08,6.4e-08
-4.4989e-11,8.6129e-06,-0.00032568,1,4.437e-08,1.275e-07,4.437e-08,6.4e-08
-4.5152e-11,8.6764e-06,-0.00032564,1,4.4625e-08,1.275e-07,4.4625e-08,6.4e-08
-4.5314e-11,8.74e-06,-0.00032559,1,4.488e-08,1.275e-07,4.488e-08,6.4e-08
-4.5325e-11,8.804e-06,-0.00032555,1,4.5135e-08,1.275e-07,4.5135e-08,6.4e-08
-4.5201e-11,8.8683e-06,-0.0003255,1,4.539e-08,1.275e-07,4.539e-08,6.4e-08
-4.5078e-11,8.9327e-06,-0.00032546,1,4.5645e-08,1.275e-07,4.5645e-08,6.4e-08
-4.4954e-11,8.997e-06,-0.00032541,1,4.59e-08,1.275e-07,4.59e-08,6.4e-08
-4.4697e-11,9.0619e-06,-0.00032537,1,4.6155e-08,1.275e-07,4.6155e-08,6.4e-08
-4.4355e-11,9.127e-06,-0.00032532,1,4.641e-08,1.275e-07,4.641e-08,6.4e-08
-4.4012e-11,9.1921e-06,-0.00032527,1,4.6665e-08,1.275e-07,4.6665e-08,6.4e-08
-4.367e-11,9.2573e-06,-0.00032523,1,4.692e-08,1.275e-07,4.692e-08,6.4e-08
-4.2717e-11,9.323e-06,-0.00032518,1,4.7175e-08,1.275e-07,4.7175e-08,6.4e-08
-4.1485e-11,9.3889e-06,-0.00032513,1,4.743e-08,1.275e-07,4.743e-08,6.4e-08
-4.0253e-11,9.4548e-06,-0.00032508,1,4.7685e-08,1.275e-07,4.7685e-08,6.4e-08
-3.9021e-11,9.5207e-06,-0.00032503,1,4.794e-08,1.275e-07,4.794e-08,6.4e-08
-3.7962e-11,9.5872e-06,-0.00032498,1,4.8195e-08,1.275e-07,4.8195e-08,6.4e-08
-3.6957e-11,9.6539e-06,-0.00032493,1,4.845e-08,1.275e-07,4.845e-08,6.4e-08
-3.5951e-11,9.7206e-06,-0.00032488,1,4.8705e-08,1.275e-07,4.8705e-08,6.4e-08
-3.4946e-11,9.7872e-06,-0.00032482,1,4.896e-08,1.275e-07,4.896e-08,6.4e-08
-3.381e-11,9.8545e-06,-0.00032477,1,4.9215e-08,1.275e-07,4.9215e-08,6.4e-08
-3.265e-11,9.9219e-06,-0.00032472,1,4.947e-08,1.275e-07,4.947e-08,6.4e-08
-3.1489e-11,9.9893e-06,-0.00032466,1,4.9725e-08,1.275e-07,4.9725e-08,6.4e-08
-3.0329e-11,1.0057e-05,-0.00032461,1,4.998e-08,1.275e-07,4.998e-08,6.4e-08
-2.9118e-11,1.0125e-05,-0.00032455,1,5.0235e-08,1.275e-07,5.0235e-08,6.4e-08
-2.7901e-11,1.0193e-05,-0.0003245,1,5.049e-08,1.275e-07,5.049e-08,6.4e-08
-2.6685e-11,1.0261e-05,-0.00032444,1,5.0745e-08,1.275e-07,5.0745e-08,6.4e-08
-2.5469e-11,1.0329e-05,-0.00032438,1,5.1e-08,1.275e-07,5.1e-08,6.4e-08
-2.4187e-11,1.0398e-05,-0.00032433,1,5.1255e-08,1.275e-07,5.1255e-08,6.4e-08
-2.2904e-11,1.0467e-05,-0.00032427,1,5.151e-08,1.275e-07,5.151e-08,6.4e-08
-2.1621e-11,1.0536e-05,-0.00032421,1,5.1765e-08,1.275e-07,5.1765e-08,6.4e-08
-2.0329e-11,1.0604e-05,-0.00032415,1,5.202e-08,1.275e-07,5.202e-08,6.4e-08
-1.8931e-11,1.0674e-05,-0.00032409,1,5.2275e-08,1.275e-07,5.2275e-08,6.4e-08
-1.7533e-11,1.0743e-05,-0.00032403,1,5.253e-08,1.275e-07,5.253e-08,6.4e-08
-1.6134e-11,1.0813e-05,-0.00032396,1,5.2785e-08,1.275e-07,5.2785e-08,6.4e-08
-1.4801e-11,1.0882e-05,-0.0003239,1,5.304e-08,1.275e-07,5.304e-08,6.4e-08
-1.3818e-11,1.0952e-05,-0.00032384,1,5.3295e-08,1.275e-07,5.3295e-08,6.4e-08
-1.2835e-11,1.1022e-05,-0.00032377,1,5.355e-08,1.275e-07,5.355e-08,6.4e-08
-1.1852e-11,1.1093e-05,-0.00032371,1,5.3805e-08,1.275e-07,5.3805e-08,6.4e-08
-1.0867e-11,1.1163e-05,-0.00032364,1,5.406e-08,1.275e-07,5.406e-08,6.4e-08
-9.8783e-12,1.1233e-05,-0.00032358,1,5.4315e-08,1.275e-07,5.4315e-08,6.4e-08
-8.8892e-12,1.1304e-05,-0.00032351,1,5.457e-08,1.275e-07,5.457e-08,6.4e-08
-7.9001e-12,1.1375e-05,-0.00032344,1,5.4825e-08,1.275e-07,5.4825e-08,6.4e-08
-6.9623e-12,1.1445e-05,-0.00032338,1,5.508e-08,1.275e-07,5.508e-08,6.4e-08
-6.1366e-12,1.1516e-05,-0.00032331,1,5.5335e-08,1.275e-07,5.5335e-08,6.4e-08
-5.311e-12,1.1588e-05,-0.00032324,1,5.559e-08,1.275e-07,5.559e-08,6.4e-08
-4.4854e-12,1.1659e-05,-0.00032317,1,5.5845e-08,1.275e-07,5.5845e-08,6.4e-08
-3.7e-12,1.173e-05,-0.00032309,1,5.61e-08,1.275e-07,5.61e-08,6.4e-08
-2.9771e-12,1.1802e-05,-0.00032302,1,5.6355e-08,1.275e-07,5.6355e-08,6.4e-08
-2.2542e-12,1.1873e-05,-0.00032295,1,5.661e-08,1.275e-07,5.661e-08,6.4e-08
-1.5313e-12,1.1945e-05,-0.00032288,1,5.6865e-08,1.275e-07,5.6865e-08,6.4e-08
-1.0004e-12,1.2017e-05,-0.0003228,1,5.712e-08,1.275e-07,5.712e-08,6.4e-08
-6.8557e-13,1.2089e-05,-0.00032273,1,5.7375e-08,1.275e-07,5.7375e-08,6.4e-08
-3.7072e-13,1.2161e-05,-0.00032265,1,5.763e-08,1.275e-07,5.763e-08,6.4e-08
-5.5879e-14,1.2233e-05,-0.00032257,1,5.7885e-08,1.275e-07,5.7885e-08,6.4e-08
2.0205e-13,1.2305e-05,-0.0003225,1,5.814e-08,1.275e-07,5.814e-08,6.4e-08
4.1323e-13,1.2377e-05,-0.00032242,1,5.8395e-08,1.275e-07,5.8395e-08,6.4e-08
6.2441e-13,1.245e-05,-0.00032234,1,5.865e-08,1.275e-07,5.865e-08,6.4e-08
8.3559e-13,1.2522e-05,-0.00032226,1,5.8905e-08,1.275e-07,5.8905e-08,6.4e-08
9.675e-13,1.2594e-05,-0.00032218,1,5.916e-08,1.275e-07,5.916e-08,6.4e-08
1.0524e-12,1.2667e-05,-0.00032209,1,5.9415e-08,1.275e-07,5.9415e-08,6.4e-08
1.1372e-12,1.274e-05,-0.00032201,1,5.967e-08,1.275e-07,5.967e-08,6.4e-08
1.2221e-12,1.2812e-05,-0.00032193,1,5.9925e-08,1.275e-07,5.9925e-08,6.4e-08
1.2113e-12,1.2885e-05,-0.00032185,1,6.018e-08,1.275e-07,6.018e-08,6.4e-08
1.1608e-12,1.2958e-05,-0.00032176,1,6.0435e-08,1.275e-07,6.0435e-08,6.4e-08
1.1103e-12,1.303e-05,-0.00032167,1,6.069e-08,1.275e-07,6.069e-08,6.4e-08
1.0597e-12,1.3103e-05,-0.00032159,1,6.0945e-08,1.275e-07,6.0945e-08,6.4e-08
7.1326e-13,1.3176e-05,-0.0003215,1,6.12e-08,1.275e-07,6.12e-08,6.4e-08
2.8542e-13,1.3249e-05,-0.00032141,1,6.1455e-08,1.275e-07,6.1455e-08,6.4e-08
-1.4242e-13,1.3322e-05,-0.00032132,1,6.171e-08,1.275e-07,6.171e-08,6.4e-08
-5.7025e-13,1.3395e-05,-0.00032123,1,6.1965e-08,1.275e-07,6.1965e-08,6.4e-08
-8.4291e-13,1.3467e-05,-0.00032114,1,6.222e-08,1.275e-07,6.222e-08,6.4e-08
-1.0909e-12,1.354e-05,-0.00032105,1,6.2475e-08,1.275e-07,6.2475e-08,6.4e-08
-1.3389e-12,1.3613e-05,-0.00032095,1,6.273e-08,1.275e-07,6.273e-08,6.4e-08
-1.5868e-12,1.3686e-05,-0.00032086,1,6.2985e-08,1.275e-07,6.2985e-08,6.4e-08
-1.5786e-12,1.3759e-05,-0.00032076,1,6.324e-08,1.275e-07,6.324e-08,6.4e-08
-1.5543e-12,1.3832e-05,-0.00032067,1,6.3495e-08,1.275e-07,6.3495e-08,6.4e-08
-1.53e-12,1.3904e-05,-0.00032057,1,6.375e-08,1.275e-07,6.375e-08,6.4e-08
-1.5099e-12,1.3977e-05,-0.00032047,1,6.4005e-08,1.275e-07,6.4005e-08,6.4e-08
-1.6971e-12,1.405e-05,-0.00032037,1,6.426e-08,1.275e-07,6.426e-08,6.4e-08
-1.8844e-12,1.4122e-05,-0.00032027,1,6.4515e-08,1.275e-07,6.4515e-08,6.4e-08
-2.0716e-12,1.4195e-05,-0.00032017,1,6.477e-08,1.275e-07,6.477e-08,6.4e-08
-2.262e-12,1.4267e-05,-0.00032007,1,6.5025e-08,1.275e-07,6.5025e-08,6.4e-08
-2.4804e-12,1.4339e-05,-0.00031997,1,6.528e-08,1.275e-07,6.528e-08,6.4e-08
-2.6989e-12,1.4411e-05,-0.00031987,1,6.5535e-08,1.275e-07,6.5535e-08,6.4e-08
-2.9174e-12,1.4484e-05,-0.00031976,1,6.579e-08,1.275e-07,6.579e-08,6.4e-08
-3.0614e-12,1.4556e-05,-0.00031966,1,6.6045e-08,1.275e-07,6.6045e-08,6.4e-08
-2.8572e-12,1.4628e-05,-0.00031955,1,6.63e-08,1.275e-07,6.63e-08,6.4e-08
-2.6531e-12,1.4699e-05,-0.00031944,1,6.6555e-08,1.275e-07,6.6555e-08,6.4e-08
-2.449e-12,1.4771e-05,-0.00031933,1,6.681e-08,1.275e-07,6.681e-08,6.4e-08
-2.3e-12,1.4843e-05,-0.00031922,1,6.7065e-08,1.275e-07,6.7065e-08,6.4e-08
-2.3119e-12,1.4914e-05,-0.00031911,1,6.732e-08,1.275e-07,6.732e-08,6.4e-08
-2.3239e-12,1.4985e-05,-0.000319,1,6.7575e-08,1.275e-07,6.7575e-08,6.4e-08
-2.3358e-12,1.5056e-05,-0.00031889,1,6.783e-08,1.275e-07,6.783e-08,6.4e-08
-2.1982e-12,1.5127e-05,-0.00031878,1,6.8085e-08,1.275e-07,6.8085e-08,6.4e-08
-1.7612e-12,1.5197e-05,-0.00031866,1,6.834e-08,1.275e-07,6.834e-08,6.4e-08
-1.3243e-12,1.5268e-05,-0.00031854,1,6.8595e-08,1.275e-07,6.8595e-08,6.4e-08
-8.8739e-13,1.5338e-05,-0.00031843,1,6.885e-08,1.275e-07,6.885e-08,6.4e-08
-5.8794e-13,1.5408e-05,-0.00031831,1,6.9105e-08,1.275e-07,6.9105e-08,6.4e-08
-4.8487e-13,1.5477e-05,-0.00031819,1,6.936e-08,1.275e-07,6.936e-08,6.4e-08
-3.8181e-13,1.5547e-05,-0.00031807,1,6.9615e-08,1.275e-07,6.9615e-08,6.4e-08
-2.7874e-13,1.5616e-05,-0.00031795,1,6.987e-08,1.275e-07,6.987e-08,6.4e-08
-1.2883e-13,1.5685e-05,-0.00031783,1,7.0125e-08,1.275e-07,7.0125e-08,6.4e-08
6.9796e-14,1.5754e-05,-0.0003177,1,7.038e-08,1.275e-07,7.038e-08,6.4e-08
2.6842e-13,1.5822e-05,-0.00031758,1,7.0635e-08,1.275e-07,7.0635e-08,6.4e-08
4.6704e-13,1.5891e-05,-0.00031745,1,7.089e-08,1.275e-07,7.089e-08,6.4e-08
6.1903e-13,1.5958e-05,-0.00031733,1,7.1145e-08,1.275e-07,7.1145e-08,6.4e-08
7.3564e-13,1.6026e-05,-0.0003172,1,7.14e-08,1.275e-07,7.14e-08,6.4e-08
8.5225e-13,1.6093e-05,-0.00031707,1,7.1655e-08,1.275e-07,7.1655e-08,6.4e-08
9.6886e-13,1.616e-05,-0.00031694,1,7.191e-08,1.275e-07,7.191e-08,6.4e-08
1.1344e-12,1.6226e-05,-0.00031681,1,7.2165e-08,1.275e-07,7.2165e-08,6.4e-08
1.3266e-12,1.6292e-05,-0.00031668,1,7.242e-08,1.275e-07,7.242e-08,6.4e-08
1.5189e-12,1.6358e-05,-0.00031655,1,7.2675e-08,1.275e-07,7.2675e-08,6.4e-08
1.7111e-12,1.6423e-05,-0.00031641,1,7.293e-08,1.275e-07,7.293e-08,6.4e-08
1.6243e-12,1.6488e-05,-0.00031628,1,7.3185e-08,1.275e-07,7.3185e-08,6.4e-08
1.4319e-12,1.6552e-05,-0.00031614,1,7.344e-08,1.275e-07,7.344e-08,6.4e-08
1.2396e-12,1.6616e-05,-0.000316,1,7.3695e-08,1.275e-07,7.3695e-08,6.4e-08
1.0472e-12,1.668e-05,-0.00031587,1,7.395e-08,1.275e-07,7.395e-08,6.4e-08
1.0234e-12,1.6743e-05,-0.00031573,1,7.4205e-08,1.275e-07,7.4205e-08,6.4e-08
1.0407e-12,1.6805e-05,-0.00031558,1,7.446e-08,1.275e-07,7.446e-08,6.4e-08
1.0581e-12,1.6868e-05,-0.00031544,1,7.4715e-08,1.275e-07,7.4715e-08,6.4e-08
1.0754e-12,1.693e-05,-0.0003153,1,7.497e-08,1.275e-07,7.497e-08,6.4e-08
8.7487e-13,1.6991e-05,-0.00031516,1,7.5225e-08,1.275e-07,7.5225e-08,6.4e-08
6.453e-13,1.7051e-05,-0.00031501,1,7.548e-08,1.275e-07,7.548e-08,6.4e-08
4.1574e-13,1.7111e-05,-0.00031486,1,7.5735e-08,1.275e-07,7.5735e-08,6.4e-08
1.8618e-13,1.7172e-05,-0.00031472,1,7.599e-08,1.275e-07,7.599e-08,6.4e-08
-1.3785e-13,1.723e-05,-0.00031457,1,7.6245e-08,1.275e-07,7.6245e-08,6.4e-08
-4.6573e-13,1.7288e-05,-0.00031442,1,7.65e-08,1.275e-07,7.65e-08,6.4e-08
-7.9361e-13,1.7346e-05,-0.00031427,1,7.6755e-08,1.275e-07,7.6755e-08,6.4e-08
-1.128e-12,1.7404e-05,-0.00031412,1,7.701e-08,1.275e-07,7.701e-08,6.4e-08
-1.6231e-12,1.746e-05,-0.00031396,1,7.7265e-08,1.275e-07,7.7265e-08,6.4e-08
-2.1181e-12,1.7515e-05,-0.00031381,1,7.752e-08,1.275e-07,7.752e-08,6.4e-08
-2.6132e-12,1.7571e-05,-0.00031365,1,7.7775e-08,1.275e-07,7.7775e-08,6.4e-08
-3.1196e-12,1.7626e-05,-0.0003135,1,7.803e-08,1.275e-07,7.803e-08,6.4e-08
-3.7111e-12,1.7679e-05,-0.00031334,1,7.8285e-08,1.275e-07,7.8285e-08,6.4e-08
-4.3026e-12,1.7732e-05,-0.00031318,1,7.854e-08,1.275e-07,7.854e-08,6.4e-08
-4.8942e-12,1.7785e-05,-0.00031302,1,7.8795e-08,1.275e-07,7.8795e-08,6.4e-08
-5.462e-12,1.7837e-05,-0.00031286,1,7.905e-08,1.275e-07,7.905e-08,6.4e-08
-5.9326e-12,1.7887e-05,-0.0003127,1,7.9305e-08,1.275e-07,7.9305e-08,6.4e-08
-6.4032e-12,1.7937e-05,-0.00031254,1,7.956e-08,1.275e-07,7.956e-08,6.4e-08
-6.8738e-12,1.7987e-05,-0.00031237,1,7.9815e-08,1.275e-07,7.9815e-08,6.4e-08
-7.4276e-12,1.8036e-05,-0.00031221,1,8.007e-08,1.275e-07,8.007e-08,6.4e-08
-8.2012e-12,1.8083e-05,-0.00031204,1,8.0325e-08,1.275e-07,8.0325e-08,6.4e-08
-8.9748e-12,1.813e-05,-0.00031187,1,8.058e-08,1.275e-07,8.058e-08,6.4e-08
-9.7485e-12,1.8176e-05,-0.0003117,1,8.0835e-08,1.275e-07,8.0835e-08,6.4e-08
-1.0446e-11,1.8222e-05,-0.00031154,1,8.109e-08,1.275e-07,8.109e-08,6.4e-08
-1.1005e-11,1.8265e-05,-0.00031136,1,8.1345e-08,1.275e-07,8.1345e-08,6.4e-08
-1.1563e-11,1.8309e-05,-0.00031119,1,8.16e-08,1.275e-07,8.16e-08,6.4e-08
-1.2121e-11,1.8352e-05,-0.00031102,1,8.1855e-08,1.275e-07,8.1855e-08,6.4e-08
-1.2501e-11,1.8394e-05,-0.00031085,1,8.211e-08,1.275e-07,8.211e-08,6.4e-08
-1.2645e-11,1.8433e-05,-0.00031067,1,8.2365e-08,1.275e-07,8.2365e-08,6.4e-08
-1.2789e-11,1.8473e-05,-0.0003105,1,8.262e-08,1.275e-07,8.262e-08,6.4e-08
-1.2933e-11,1.8512e-05,-0.00031032,1,8.2875e-08,1.275e-07,8.2875e-08,6.4e-08
-1.306e-11,1.855e-05,-0.00031014,1,8.313e-08,1.275e-07,8.313e-08,6.4e-08
-1.317e-11,1.8586e-05,-0.00030996,1,8.3385e-08,1.275e-07,8.3385e-08,6.4e-08
-1.3279e-11,1.8621e-05,-0.00030978,1,8.364e-08,1.275e-07,8.364e-08,6.4e-08
-1.3389e-11,1.8657e-05,-0.0003096,1,8.3895e-08,1.275e-07,8.3895e-08,6.4e-08
-1.3072e-11,1.869e-05,-0.00030942,1,8.415e-08,1.275e-07,8.415e-08,6.4e-08
-1.2456e-11,1.8721e-05,-0.00030924,1,8.4405e-08,1.275e-07,8.4405e-08,6.4e-08
-1.184e-11,1.8753e-05,-0.00030905,1,8.466e-08,1.275e-07,8.466e-08,6.4e-08
-1.1223e-11,1.8784e-05,-0.00030887,1,8.4915e-08,1.275e-07,8.4915e-08,6.4e-08
-1.0693e-11,1.8813e-05,-0.00030868,1,8.517e-08,1.275e-07,8.517e-08,6.4e-08
-1.0206e-11,1.8839e-05,-0.00030849,1,8.5425e-08,1.275e-07,8.5425e-08,6.4e-08
-9.7188e-12,1.8866e-05,-0.00030831,1,8.568e-08,1.275e-07,8.568e-08,6.4e-08
-9.2316e-12,1.8893e-05,-0.00030812,1,8.5935e-08,1.275e-07,8.5935e-08,6.4e-08
-8.4989e-12,1.8916e-05,-0.00030793,1,8.619e-08,1.275e-07,8.619e-08,6.4e-08
-7.6823e-12,1.8938e-05,-0.00030774,1,8.6445e-08,1.275e-07,8.6445e-08,6.4e-08
-6.8656e-12,1.896e-05,-0.00030755,1,8.67e-08,1.275e-07,8.67e-08,6.4e-08
-6.049e-12,1.8983e-05,-0.00030735,1,8.6955e-08,1.275e-07,8.6955e-08,6.4e-08
-5.1983e-12,1.9e-05,-0.00030716,1,8.721e-08,1.275e-07,8.721e-08,6.4e-08
-4.3403e-12,1.9017e-05,-0.00030697,1,8.7465e-08,1.275e-07,8.7465e-08,6.4e-08
-3.4823e-12,1.9034e-05,-0.00030677,1,8.772e-08,1.275e-07,8.772e-08,6.4e-08
-2.6244e-12,1.9051e-05,-0.00030658,1,8.7975e-08,1.275e-07,8.7975e-08,6.4e-08
-1.8239e-12,1.9063e-05,-0.00030638,1,8.823e-08,1.275e-07,8.823e-08,6.4e-08
-1.0296e-12,1.9075e-05,-0.00030618,1,8.8485e-08,1.275e-07,8.8485e-08,6.4e-08
-2.3532e-13,1.9087e-05,-0.00030598,1,8.874e-08,1.275e-07,8.874e-08,6.4e-08
5.5895e-13,1.9098e-05,-0.00030579,1,8.8995e-08,1.275e-07,8.8995e-08,6.4e-08
1.3814e-12,1.9104e-05,-0.00030558,1,8.925e-08,1.275e-07,8.925e-08,6.4e-08
2.2044e-12,1.911e-05,-0.00030538,1,8.9505e-08,1.275e-07,8.9505e-08,6.4e-08
3.0273e-12,1.9116e-05,-0.00030518,1,8.976e-08,1.275e-07,8.976e-08,6.4e-08
3.8441e-12,1.9122e-05,-0.00030498,1,9.0015e-08,1.275e-07,9.0015e-08,6.4e-08
4.5618e-12,1.9122e-05,-0.00030478,1,9.027e-08,1.275e-07,9.027e-08,6.4e-08
5.2794e-12,1.9122e-05,-0.00030457,1,9.0525e-08,1.275e-07,9.0525e-08,6.4e-08
5.9971e-12,1.9122e-05,-0.00030437,1,9.078e-08,1.275e-07,9.078e-08,6.4e-08
6.6884e-12,1.9121e-05,-0.00030417,1,9.1035e-08,1.275e-07,9.1035e-08,6.4e-08
7.2137e-12,1.9115e-05,-0.00030396,1,9.129e-08,1.275e-07,9.129e-08,6.4e-08
7.7391e-12,1.9109e-05,-0.00030376,1,9.1545e-08,1.275e-07,9.1545e-08,6.4e-08
8.2645e-12,1.9103e-05,-0.00030355,1,9.18e-08,1.275e-07,9.18e-08,6.4e-08
8.7531e-12,1.9096e-05,-0.00030334,1,9.2055e-08,1.275e-07,9.2055e-08,6.4e-08
9.108e-12,1.9083e-05,-0.00030313,1,9.231e-08,1.275e-07,9.231e-08,6.4e-08
9.4629e-12,1.9071e-05,-0.00030293,1,9.2565e-08,1.275e-07,9.2565e-08,6.4e-08
9.8178e-12,1.9058e-05,-0.00030272,1,9.282e-08,1.275e-07,9.282e-08,6.4e-08
1.0005e-11,1.9044e-05,-0.00030251,1,9.3075e-08,1.275e-07,9.3075e-08,6.4e-08
9.7912e-12,1.9024e-05,-0.0003023,1,9.333e-08,1.275e-07,9.333e-08,6.4e-08
9.577e-12,1.9005e-05,-0.00030209,1,9.3585e-08,1.275e-07,9.3585e-08,6.4e-08
9.3629e-12,1.8986e-05,-0.00030188,1,9.384e-08,1.275e-07,9.384e-08,6.4e-08
9.2567e-12,1.8964e-05,-0.00030167,1,9.4095e-08,1.275e-07,9.4095e-08,6.4e-08
9.3323e-12,1.8938e-05,-0.00030146,1,9.435e-08,1.275e-07,9.435e-08,6.4e-08
9.408e-12,1.8912e-05,-0.00030124,1,9.4605e-08,1.275e-07,9.4605e-08,6.4e-08
9.4836e-12,1.8886e-05,-0.00030103,1,9.486e-08,1.275e-07,9.486e-08,6.4e-08
9.6459e-12,1.8857e-05,-0.00030082,1,9.5115e-08,1.275e-07,9.5115e-08,6.4e-08
9.9135e-12,1.8823e-05,-0.00030061,1,9.537e-08,1.275e-07,9.537e-08,6.4e-08
1.0181e-11,1.879e-05,-0.00030039,1,9.5625e-08,1.275e-07,9.5625e-08,6.4e-08
1.0449e-11,1.8757e-05,-0.00030018,1,9.588e-08,1.275e-07,9.588e-08,6.4e-08
1.0544e-11,1.872e-05,-0.00029997,1,9.6135e-08,1.275e-07,9.6135e-08,6.4e-08
1.0485e-11,1.8679e-05,-0.00029976,1,9.639e-08,1.275e-07,9.639e-08,6.4e-08
1.0427e-11,1.8639e-05,-0.00029954,1,9.6645e-08,1.275e-07,9.6645e-08,6.4e-08
1.0368e-11,1.8598e-05,-0.00029933,1,9.69e-08,1.275e-07,9.69e-08,6.4e-08
1.0427e-11,1.8553e-05,-0.00029911,1,9.7155e-08,1.275e-07,9.7155e-08,6.4e-08
1.056e-11,1.8505e-05,-0.0002989,1,9.741e-08,1.275e-07,9.741e-08,6.4e-08
1.0694e-11,1.8457e-05,-0.00029869,1,9.7665e-08,1.275e-07,9.7665e-08,6.4e-08
1.0828e-11,1.8408e-05,-0.00029847,1,9.792e-08,1.275e-07,9.792e-08,6.4e-08
1.1009e-11,1.8355e-05,-0.00029826,1,9.8175e-08,1.275e-07,9.8175e-08,6.4e-08
1.1211e-11,1.8299e-05,-0.00029804,1,9.843e-08,1.275e-07,9.843e-08,6.4e-08
1.1414e-11,1.8243e-05,-0.00029783,1,9.8685e-08,1.275e-07,9.8685e-08,6.4e-08
1.1616e-11,1.8187e-05,-0.00029762,1,9.894e-08,1.275e-07,9.894e-08,6.4e-08
1.1528e-11,1.8125e-05,-0.0002974,1,9.9195e-08,1.275e-07,9.9195e-08,6.4e-08
1.135e-11,1.8062e-05,-0.00029719,1,9.945e-08,1.275e-07,9.945e-08,6.4e-08
1.1172e-11,1.7998e-05,-0.00029698,1,9.9705e-08,1.275e-07,9.9705e-08,6.4e-08
1.0995e-11,1.7934e-05,-0.00029676,1,9.996e-08,1.275e-07,9.996e-08,6.4e-08
1.1022e-11,1.7864e-05,-0.00029655,1,1.0022e-07,1.275e-07,1.0022e-07,6.4e-08
1.1087e-11,1.7792e-05,-0.00029634,1,1.0047e-07,1.275e-07,1.0047e-07,6.4e-08
1.1152e-11,1.772e-05,-0.00029613,1,1.0073e-07,1.275e-07,1.0073e-07,6.4e-08
1.1217e-11,1.7648e-05,-0.00029591,1,1.0098e-07,1.275e-07,1.0098e-07,6.4e-08
1.0929e-11,1.7569e-05,-0.0002957,1,1.0124e-07,1.275e-07,1.0124e-07,6.4e-08
1.061e-11,1.7489e-05,-0.00029549,1,1.0149e-07,1.275e-07,1.0149e-07,6.4e-08
1.0291e-11,1.7409e-05,-0.00029528,1,1.0175e-07,1.275e-07,1.0175e-07,6.4e-08
9.9728e-12,1.7329e-05,-0.00029507,1,1.02e-07,1.275e-07,1.02e-07,6.4e-08
9.6835e-12,1.7241e-05,-0.00029486,1,1.0226e-07,1.275e-07,1.0226e-07,6.4e-08
9.3941e-12,1.7153e-05,-0.00029465,1,1.0251e-07,1.275e-07,1.0251e-07,6.4e-08
9.1048e-12,1.7065e-05,-0.00029445,1,1.0277e-07,1.275e-07,1.0277e-07,6.4e-08
8.8069e-12,1.6976e-05,-0.00029424,1,1.0302e-07,1.275e-07,1.0302e-07,6.4e-08
8.4092e-12,1.688e-05,-0.00029403,1,1.0327e-07,1.275e-07,1.0327e-07,6.4e-08
8.0115e-12,1.6783e-05,-0.00029382,1,1.0353e-07,1.275e-07,1.0353e-07,6.4e-08
7.6138e-12,1.6687e-05,-0.00029362,1,1.0378e-07,1.275e-07,1.0378e-07,6.4e-08
7.1992e-12,1.6589e-05,-0.00029341,1,1.0404e-07,1.275e-07,1.0404e-07,6.4e-08
6.6932e-12,1.6485e-05,-0.00029321,1,1.043e-07,1.275e-07,1.043e-07,6.4e-08
6.1872e-12,1.638e-05,-0.00029301,1,1.0455e-07,1.275e-07,1.0455e-07,6.4e-08
5.6812e-12,1.6275e-05,-0.0002928,1,1.0481e-07,1.275e-07,1.0481e-07,6.4e-08
5.2231e-12,1.6169e-05,-0.0002926,1,1.0506e-07,1.275e-07,1.0506e-07,6.4e-08
4.9206e-12,1.6056e-05,-0.0002924,1,1.0532e-07,1.275e-07,1.0532e-07,6.4e-08
4.618e-12,1.5943e-05,-0.0002922,1,1.0557e-07,1.275e-07,1.0557e-07,6.4e-08
4.3154e-12,1.583e-05,-0.000292,1,1.0583e-07,1.275e-07,1.0583e-07,6.4e-08
4.079e-12,1.5714e-05,-0.0002918,1,1.0608e-07,1.275e-07,1.0608e-07,6.4e-08
3.9872e-12,1.5593e-05,-0.00029161,1,1.0634e-07,1.275e-07,1.0634e-07,6.4e-08
3.8953e-12,1.5472e-05,-0.00029141,1,1.0659e-07,1.275e-07,1.0659e-07,6.4e-08
3.8035e-12,1.535e-05,-0.00029122,1,1.0685e-07,1.275e-07,1.0685e-07,6.4e-08
3.5939e-12,1.5226e-05,-0.00029102,1,1.071e-07,1.275e-07,1.071e-07,6.4e-08
3.2019e-12,1.5097e-05,-0.00029083,1,1.0735e-07,1.275e-07,1.0735e-07,6.4e-08
2.8099e-12,1.4967e-05,-0.00029064,1,1.0761e-07,1.275e-07,1.0761e-07,6.4e-08
2.418e-12,1.4838e-05,-0.00029045,1,1.0786e-07,1.275e-07,1.0786e-07,6.4e-08
2.1439e-12,1.4705e-05,-0.00029026,1,1.0812e-07,1.275e-07,1.0812e-07,6.4e-08
2.0027e-12,1.4567e-05,-0.00029008,1,1.0838e-07,1.275e-07,1.0838e-07,6.4e-08
1.8614e-12,1.4429e-05,-0.00028989,1,1.0863e-07,1.275e-07,1.0863e-07,6.4e-08
1.7201e-12,1.4292e-05,-0.00028971,1,1.0889e-07,1.275e-07,1.0889e-07,6.4e-08
1.438e-12,1.415e-05,-0.00028952,1,1.0914e-07,1.275e-07,1.0914e-07,6.4e-08
1.0401e-12,1.4005e-05,-0.00028934,1,1.094e-07,1.275e-07,1.094e-07,6.4e-08
6.4228e-13,1.3859e-05,-0.00028916,1,1.0965e-07,1.275e-07,1.0965e-07,6.4e-08
2.4444e-13,1.3714e-05,-0.00028899,1,1.0991e-07,1.275e-07,1.0991e-07,6.4e-08
-3.9207e-14,1.3563e-05,-0.00028881,1,1.1016e-07,1.275e-07,1.1016e-07,6.4e-08
-2.5506e-13,1.341e-05,-0.00028864,1,1.1042e-07,1.275e-07,1.1042e-07,6.4e-08
-4.7091e-13,1.3257e-05,-0.00028846,1,1.1067e-07,1.275e-07,1.1067e-07,6.4e-08
-6.8676e-13,1.3104e-05,-0.00028829,1,1.1093e-07,1.275e-07,1.1093e-07,6.4e-08
-1.099e-12,1.2945e-05,-0.00028812,1,1.1118e-07,1.275e-07,1.1118e-07,6.4e-08
-1.593e-12,1.2784e-05,-0.00028795,1,1.1143e-07,1.275e-07,1.1143e-07,6.4e-08
-2.087e-12,1.2623e-05,-0.00028779,1,1.1169e-07,1.275e-07,1.1169e-07,6.4e-08
-2.581e-12,1.2462e-05,-0.00028762,1,1.1194e-07,1.275e-07,1.1194e-07,6.4e-08
-3.2932e-12,1.2296e-05,-0.00028746,1,1.122e-07,1.275e-07,1.122e-07,6.4e-08
-4.0653e-12,1.2128e-05,-0.0002873,1,1.1245e-07,1.275e-07,1.1245e-07,6.4e-08
-4.8374e-12,1.1959e-05,-0.00028714,1,1.1271e-07,1.275e-07,1.1271e-07,6.4e-08
-5.6095e-12,1.1791e-05,-0.00028698,1,1.1297e-07,1.275e-07,1.1297e-07,6.4e-08
-6.3464e-12,1.1617e-05,-0.00028683,1,1.1322e-07,1.275e-07,1.1322e-07,6.4e-08
-7.0777e-12,1.1442e-05,-0.00028668,1,1.1348e-07,1.275e-07,1.1348e-07,6.4e-08
-7.8089e-12,1.1266e-05,-0.00028653,1,1.1373e-07,1.275e-07,1.1373e-07,6.4e-08
-8.5402e-12,1.1091e-05,-0.00028638,1,1.1399e-07,1.275e-07,1.1399e-07,6.4e-08
-9.8605e-12,1.0909e-05,-0.00028623,1,1.1424e-07,1.275e-07,1.1424e-07,6.4e-08
-1.1218e-11,1.0727e-05,-0.00028609,1,1.145e-07,1.275e-07,1.145e-07,6.4e-08
-1.2575e-11,1.0545e-05,-0.00028595,1,1.1475e-07,1.275e-07,1.1475e-07,6.4e-08
-1.3957e-11,1.0363e-05,-0.00028581,1,1.1501e-07,1.275e-07,1.1501e-07,6.4e-08
-1.6592e-11,1.0175e-05,-0.00028567,1,1.1526e-07,1.275e-07,1.1526e-07,6.4e-08
-1.9227e-11,9.9865e-06,-0.00028554,1,1.1552e-07,1.275e-07,1.1552e-07,6.4e-08
-2.1862e-11,9.7981e-06,-0.0002854,1,1.1577e-07,1.275e-07,1.1577e-07,6.4e-08
-2.465e-11,9.6091e-06,-0.00028527,1,1.1602e-07,1.275e-07,1.1602e-07,6.4e-08
-2.8838e-11,9.4147e-06,-0.00028515,1,1.1628e-07,1.275e-07,1.1628e-07,6.4e-08
-3.3027e-11,9.2203e-06,-0.00028502,1,1.1653e-07,1.275e-07,1.1653e-07,6.4e-08
-3.7216e-11,9.0259e-06,-0.0002849,1,1.1679e-07,1.275e-07,1.1679e-07,6.4e-08
-4.1812e-11,8.8305e-06,-0.00028477,1,1.1705e-07,1.275e-07,1.1705e-07,6.4e-08
-4.8311e-11,8.6307e-06,-0.00028466,1,1.173e-07,1.275e-07,1.173e-07,6.4e-08
-5.4811e-11,8.4308e-06,-0.00028454,1,1.1756e-07,1.275e-07,1.1756e-07,6.4e-08
-6.131e-11,8.2309e-06,-0.00028443,1,1.1781e-07,1.275e-07,1.1781e-07,6.4e-08
-6.8333e-11,8.0297e-06,-0.00028431,1,1.1807e-07,1.275e-07,1.1807e-07,6.4e-08
-7.6885e-11,7.8249e-06,-0.00028421,1,1.1832e-07,1.275e-07,1.1832e-07,6.4e-08
-8.5438e-11,7.6201e-06,-0.0002841,1,1.1858e-07,1.275e-07,1.1858e-07,6.4e-08
-9.399e-11,7.4152e-06,-0.000284,1,1.1883e-07,1.275e-07,1.1883e-07,6.4e-08
-1.0313e-10,7.209e-06,-0.00028389,1,1.1909e-07,1.275e-07,1.1909e-07,6.4e-08
-1.1344e-10,6.9998e-06,-0.0002838,1,1.1934e-07,1.275e-07,1.1934e-07,6.4e-08
-1.2375e-10,6.7907e-06,-0.0002837,1,1.196e-07,1.275e-07,1.196e-07,6.4e-08
-1.3405e-10,6.5815e-06,-0.00028361,1,1.1985e-07,1.275e-07,1.1985e-07,6.4e-08
-1.4482e-10,6.3709e-06,-0.00028352,1,1.201e-07,1.275e-07,1.201e-07,6.4e-08
-1.5622e-10,6.1581e-06,-0.00028343,1,1.2036e-07,1.275e-07,1.2036e-07,6.4e-08
-1.6763e-10,5.9452e-06,-0.00028335,1,1.2061e-07,1.275e-07,1.2061e-07,6.4e-08
-1.7903e-10,5.7324e-06,-0.00028327,1,1.2087e-07,1.275e-07,1.2087e-07,6.4e-08
-1.9048e-10,5.5181e-06,-0.00028319,1,1.2112e-07,1.275e-07,1.2112e-07,6.4e-08
-2.0198e-10,5.3022e-06,-0.00028311,1,1.2138e-07,1.275e-07,1.2138e-07,6.4e-08
-2.1347e-10,5.0864e-06,-0.00028304,1,1.2163e-07,1.275e-07,1.2163e-07,6.4e-08
-2.2496e-10,4.8705e-06,-0.00028297,1,1.2189e-07,1.275e-07,1.2189e-07,6.4e-08
-2.3586e-10,4.6532e-06,-0.0002829,1,1.2214e-07,1.275e-07,1.2214e-07,6.4e-08
-2.463e-10,4.4349e-06,-0.00028284,1,1.224e-07,1.275e-07,1.224e-07,6.4e-08
-2.5674e-10,4.2166e-06,-0.00028278,1,1.2265e-07,1.275e-07,1.2265e-07,6.4e-08
-2.6718e-10,3.9983e-06,-0.00028271,1,1.2291e-07,1.275e-07,1.2291e-07,6.4e-08
-2.7542e-10,3.7787e-06,-0.00028266,1,1.2316e-07,1.275e-07,1.2316e-07,6.4e-08
-2.8247e-10,3.5585e-06,-0.00028261,1,1.2342e-07,1.275e-07,1.2342e-07,6.4e-08
-2.8951e-10,3.3383e-06,-0.00028256,1,1.2368e-07,1.275e-07,1.2368e-07,6.4e-08
-2.9656e-10,3.1181e-06,-0.00028251,1,1.2393e-07,1.275e-07,1.2393e-07,6.4e-08
-3.004e-10,2.8968e-06,-0.00028247,1,1.2419e-07,1.275e-07,1.2419e-07,6.4e-08
-3.0303e-10,2.6751e-06,-0.00028243,1,1.2444e-07,1.275e-07,1.2444e-07,6.4e-08
-3.0566e-10,2.4534e-06,-0.00028239,1,1.247e-07,1.275e-07,1.247e-07,6.4e-08
-3.0829e-10,2.2317e-06,-0.00028236,1,1.2495e-07,1.275e-07,1.2495e-07,6.4e-08
-3.0879e-10,2.0092e-06,-0.00028233,1,1.2521e-07,1.275e-07,1.2521e-07,6.4e-08
-3.0877e-10,1.7864e-06,-0.0002823,1,1.2546e-07,1.275e-07,1.2546e-07,6.4e-08
-3.0876e-10,1.5637e-06,-0.00028228,1,1.2572e-07,1.275e-07,1.2572e-07,6.4e-08
-3.0874e-10,1.3409e-06,-0.00028225,1,1.2597e-07,1.275e-07,1.2597e-07,6.4e-08
-3.0813e-10,1.1176e-06,-0.00028224,1,1.2623e-07,1.275e-07,1.2623e-07,6.4e-08
-3.0745e-10,8.9415e-07,-0.00028223,1,1.2648e-07,1.275e-07,1.2648e-07,6.4e-08
-3.0676e-10,6.7073e-07,-0.00028221,1,1.2674e-07,1.275e-07,1.2674e-07,6.4e-08
-3.0608e-10,4.473e-07,-0.0002822,1,1.2699e-07,1.275e-07,1.2699e-07,6.4e-08
-3.0615e-10,2.2365e-07,-0.0002822,1,1.2725e-07,1.275e-07,1.2725e-07,6.4e-08
-3.0624e-10,-3.6315e-12,-0.0002822,1,1.275e-07,1.275e-07,1.275e-07,6.4e-08
-3.0634e-10,-2.2366e-07,-0.0002822,1,1.2776e-07,1.275e-07,1.2776e-07,6.4e-08
-3.0648e-10,-4.4731e-07,-0.0002822,1,1.2801e-07,1.275e-07,1.2801e-07,6.4e-08
-3.0758e-10,-6.7073e-07,-0.00028221,1,1.2827e-07,1.275e-07,1.2827e-07,6.4e-08
-3.0869e-10,-8.9415e-07,-0.00028223,1,1.2852e-07,1.275e-07,1.2852e-07,6.4e-08
-3.0979e-10,-1.1176e-06,-0.00028224,1,1.2877e-07,1.275e-07,1.2877e-07,6.4e-08
-3.1082e-10,-1.3409e-06,-0.00028225,1,1.2903e-07,1.275e-07,1.2903e-07,6.4e-08
-3.1124e-10,-1.5637e-06,-0.00028228,1,1.2928e-07,1.275e-07,1.2928e-07,6.4e-08
-3.1167e-10,-1.7864e-06,-0.0002823,1,1.2954e-07,1.275e-07,1.2954e-07,6.4e-08
-3.1209e-10,-2.0092e-06,-0.00028233,1,1.2979e-07,1.275e-07,1.2979e-07,6.4e-08
-3.1198e-10,-2.2317e-06,-0.00028236,1,1.3005e-07,1.275e-07,1.3005e-07,6.4e-08
-3.0968e-10,-2.4534e-06,-0.00028239,1,1.303e-07,1.275e-07,1.303e-07,6.4e-08
-3.0738e-10,-2.6751e-06,-0.00028243,1,1.3056e-07,1.275e-07,1.3056e-07,6.4e-08
-3.0508e-10,-2.8968e-06,-0.00028247,1,1.3081e-07,1.275e-07,1.3081e-07,6.4e-08
-3.0166e-10,-3.1181e-06,-0.00028251,1,1.3107e-07,1.275e-07,1.3107e-07,6.4e-08
-2.9528e-10,-3.3383e-06,-0.00028256,1,1.3132e-07,1.275e-07,1.3132e-07,6.4e-08
-2.8891e-10,-3.5585e-06,-0.00028261,1,1.3158e-07,1.275e-07,1.3158e-07,6.4e-08
-2.8253e-10,-3.7787e-06,-0.00028266,1,1.3184e-07,1.275e-07,1.3184e-07,6.4e-08
-2.7486e-10,-3.9983e-06,-0.00028271,1,1.3209e-07,1.275e-07,1.3209e-07,6.4e-08
-2.6481e-10,-4.2166e-06,-0.00028278,1,1.3235e-07,1.275e-07,1.3235e-07,6.4e-08
-2.5476e-10,-4.4349e-06,-0.00028284,1,1.326e-07,1.275e-07,1.326e-07,6.4e-08
-2.4471e-10,-4.6532e-06,-0.0002829,1,1.3286e-07,1.275e-07,1.3286e-07,6.4e-08
-2.3413e-10,-4.8705e-06,-0.00028297,1,1.3311e-07,1.275e-07,1.3311e-07,6.4e-08
-2.2285e-10,-5.0864e-06,-0.00028304,1,1.3337e-07,1.275e-07,1.3337e-07,6.4e-08
-2.1158e-10,-5.3022e-06,-0.00028311,1,1.3362e-07,1.275e-07,1.3362e-07,6.4e-08
-2.0031e-10,-5.5181e-06,-0.00028319,1,1.3388e-07,1.275e-07,1.3388e-07,6.4e-08
-1.8917e-10,-5.7324e-06,-0.00028327,1,1.3413e-07,1.275e-07,1.3413e-07,6.4e-08
-1.7817e-10,-5.9452e-06,-0.00028335,1,1.3439e-07,1.275e-07,1.3439e-07,6.4e-08
-1.6716e-10,-6.1581e-06,-0.00028343,1,1.3464e-07,1.275e-07,1.3464e-07,6.4e-08
-1.5616e-10,-6.3709e-06,-0.00028352,1,1.349e-07,1.275e-07,1.349e-07,6.4e-08
-1.4575e-10,-6.5815e-06,-0.00028361,1,1.3515e-07,1.275e-07,1.3515e-07,6.4e-08
-1.3576e-10,-6.7907e-06,-0.0002837,1,1.3541e-07,1.275e-07,1.3541e-07,6.4e-08
-1.2576e-10,-6.9998e-06,-0.0002838,1,1.3566e-07,1.275e-07,1.3566e-07,6.4e-08
-1.1577e-10,-7.209e-06,-0.00028389,1,1.3592e-07,1.275e-07,1.3592e-07,6.4e-08
-1.0674e-10,-7.4152e-06,-0.000284,1,1.3617e-07,1.275e-07,1.3617e-07,6.4e-08
-9.8185e-11,-7.6201e-06,-0.0002841,1,1.3643e-07,1.275e-07,1.3643e-07,6.4e-08
-8.9632e-11,-7.8249e-06,-0.00028421,1,1.3668e-07,1.275e-07,1.3668e-07,6.4e-08
-8.108e-11,-8.0297e-06,-0.00028431,1,1.3694e-07,1.275e-07,1.3694e-07,6.4e-08
-7.4259e-11,-8.2309e-06,-0.00028443,1,1.3719e-07,1.275e-07,1.3719e-07,6.4e-08
-6.8032e-11,-8.4308e-06,-0.00028454,1,1.3744e-07,1.275e-07,1.3744e-07,6.4e-08
-6.1804e-11,-8.6307e-06,-0.00028466,1,1.377e-07,1.275e-07,1.377e-07,6.4e-08
-5.5577e-11,-8.8306e-06,-0.00028477,1,1.3795e-07,1.275e-07,1.3795e-07,6.4e-08
-5.1222e-11,-9.0259e-06,-0.0002849,1,1.3821e-07,1.275e-07,1.3821e-07,6.4e-08
-4.7269e-11,-9.2203e-06,-0.00028502,1,1.3846e-07,1.275e-07,1.3846e-07,6.4e-08
-4.3316e-11,-9.4147e-06,-0.00028515,1,1.3872e-07,1.275e-07,1.3872e-07,6.4e-08
-3.9363e-11,-9.6091e-06,-0.00028527,1,1.3897e-07,1.275e-07,1.3897e-07,6.4e-08
-3.6919e-11,-9.7981e-06,-0.0002854,1,1.3923e-07,1.275e-07,1.3923e-07,6.4e-08
-3.4639e-11,-9.9865e-06,-0.00028554,1,1.3948e-07,1.275e-07,1.3948e-07,6.4e-08
-3.2359e-11,-1.0175e-05,-0.00028567,1,1.3974e-07,1.275e-07,1.3974e-07,6.4e-08
-3.0079e-11,-1.0363e-05,-0.00028581,1,1.3999e-07,1.275e-07,1.3999e-07,6.4e-08
-2.9013e-11,-1.0545e-05,-0.00028595,1,1.4025e-07,1.275e-07,1.4025e-07,6.4e-08
-2.7971e-11,-1.0727e-05,-0.00028609,1,1.4051e-07,1.275e-07,1.4051e-07,6.4e-08
-2.6929e-11,-1.091e-05,-0.00028623,1,1.4076e-07,1.275e-07,1.4076e-07,6.4e-08
-2.593e-11,-1.1091e-05,-0.00028638,1,1.4102e-07,1.275e-07,1.4102e-07,6.4e-08
-2.5604e-11,-1.1266e-05,-0.00028653,1,1.4127e-07,1.275e-07,1.4127e-07,6.4e-08
-2.5279e-11,-1.1442e-05,-0.00028668,1,1.4153e-07,1.275e-07,1.4153e-07,6.4e-08
-2.4954e-11,-1.1617e-05,-0.00028683,1,1.4178e-07,1.275e-07,1.4178e-07,6.4e-08
-2.4638e-11,-1.1791e-05,-0.00028698,1,1.4204e-07,1.275e-07,1.4204e-07,6.4e-08
-2.4388e-11,-1.1959e-05,-0.00028714,1,1.4229e-07,1.275e-07,1.4229e-07,6.4e-08
-2.4138e-11,-1.2128e-05,-0.0002873,1,1.4255e-07,1.275e-07,1.4255e-07,6.4e-08
-2.3888e-11,-1.2296e-05,-0.00028746,1,1.428e-07,1.275e-07,1.428e-07,6.4e-08
-2.3714e-11,-1.2462e-05,-0.00028762,1,1.4306e-07,1.275e-07,1.4306e-07,6.4e-08
-2.3818e-11,-1.2623e-05,-0.00028779,1,1.4331e-07,1.275e-07,1.4331e-07,6.4e-08
-2.3921e-11,-1.2784e-05,-0.00028795,1,1.4357e-07,1.275e-07,1.4357e-07,6.4e-08
-2.4025e-11,-1.2945e-05,-0.00028812,1,1.4382e-07,1.275e-07,1.4382e-07,6.4e-08
-2.4104e-11,-1.3104e-05,-0.00028829,1,1.4408e-07,1.275e-07,1.4408e-07,6.4e-08
-2.4124e-11,-1.3257e-05,-0.00028846,1,1.4433e-07,1.275e-07,1.4433e-07,6.4e-08
-2.4144e-11,-1.341e-05,-0.00028864,1,1.4459e-07,1.275e-07,1.4459e-07,6.4e-08
-2.4164e-11,-1.3563e-05,-0.00028881,1,1.4484e-07,1.275e-07,1.4484e-07,6.4e-08
-2.3991e-11,-1.3714e-05,-0.00028899,1,1.451e-07,1.275e-07,1.451e-07,6.4e-08
-2.3496e-11,-1.3859e-05,-0.00028916,1,1.4535e-07,1.275e-07,1.4535e-07,6.4e-08
-2.3e-11,-1.4005e-05,-0.00028934,1,1.4561e-07,1.275e-07,1.4561e-07,6.4e-08
-2.2504e-11,-1.415e-05,-0.00028952,1,1.4586e-07,1.275e-07,1.4586e-07,6.4e-08
-2.2031e-11,-1.4292e-05,-0.00028971,1,1.4611e-07,1.275e-07,1.4611e-07,6.4e-08
-2.1585e-11,-1.4429e-05,-0.00028989,1,1.4637e-07,1.275e-07,1.4637e-07,6.4e-08
-2.114e-11,-1.4567e-05,-0.00029008,1,1.4662e-07,1.275e-07,1.4662e-07,6.4e-08
-2.0694e-11,-1.4705e-05,-0.00029026,1,1.4688e-07,1.275e-07,1.4688e-07,6.4e-08
-2.0152e-11,-1.4838e-05,-0.00029045,1,1.4713e-07,1.275e-07,1.4713e-07,6.4e-08
-1.9525e-11,-1.4967e-05,-0.00029064,1,1.4739e-07,1.275e-07,1.4739e-07,6.4e-08
-1.8897e-11,-1.5097e-05,-0.00029083,1,1.4764e-07,1.275e-07,1.4764e-07,6.4e-08
-1.8269e-11,-1.5226e-05,-0.00029102,1,1.479e-07,1.275e-07,1.479e-07,6.4e-08
-1.749e-11,-1.535e-05,-0.00029122,1,1.4815e-07,1.275e-07,1.4815e-07,6.4e-08
-1.6611e-11,-1.5472e-05,-0.00029141,1,1.4841e-07,1.275e-07,1.4841e-07,6.4e-08
-1.5733e-11,-1.5593e-05,-0.00029161,1,1.4866e-07,1.275e-07,1.4866e-07,6.4e-08
-1.4855e-11,-1.5714e-05,-0.0002918,1,1.4892e-07,1.275e-07,1.4892e-07,6.4e-08
-1.3743e-11,-1.583e-05,-0.000292,1,1.4918e-07,1.275e-07,1.4918e-07,6.4e-08
-1.2523e-11,-1.5943e-05,-0.0002922,1,1.4943e-07,1.275e-07,1.4943e-07,6.4e-08
-1.1304e-11,-1.6056e-05,-0.0002924,1,1.4969e-07,1.275e-07,1.4969e-07,6.4e-08
-1.0084e-11,-1.6169e-05,-0.0002926,1,1.4994e-07,1.275e-07,1.4994e-07,6.4e-08
-8.6263e-12,-1.6275e-05,-0.0002928,1,1.502e-07,1.275e-07,1.502e-07,6.4e-08
-7.0948e-12,-1.638e-05,-0.00029301,1,1.5045e-07,1.275e-07,1.5045e-07,6.4e-08
-5.5633e-12,-1.6485e-05,-0.00029321,1,1.5071e-07,1.275e-07,1.5071e-07,6.4e-08
-4.0318e-12,-1.6589e-05,-0.00029341,1,1.5096e-07,1.275e-07,1.5096e-07,6.4e-08
-2.5427e-12,-1.6687e-05,-0.00029362,1,1.5122e-07,1.275e-07,1.5122e-07,6.4e-08
-1.0615e-12,-1.6783e-05,-0.00029382,1,1.5147e-07,1.275e-07,1.5147e-07,6.4e-08
4.1966e-13,-1.688e-05,-0.00029403,1,1.5173e-07,1.275e-07,1.5173e-07,6.4e-08
1.9009e-12,-1.6976e-05,-0.00029424,1,1.5198e-07,1.275e-07,1.5198e-07,6.4e-08
3.1019e-12,-1.7065e-05,-0.00029444,1,1.5224e-07,1.275e-07,1.5224e-07,6.4e-08
4.279e-12,-1.7153e-05,-0.00029465,1,1.5249e-07,1.275e-07,1.5249e-07,6.4e-08
5.4562e-12,-1.7241e-05,-0.00029486,1,1.5275e-07,1.275e-07,1.5275e-07,6.4e-08
6.6334e-12,-1.7329e-05,-0.00029507,1,1.53e-07,1.275e-07,1.53e-07,6.4e-08
7.8362e-12,-1.7409e-05,-0.00029528,1,1.5326e-07,1.275e-07,1.5326e-07,6.4e-08
9.0391e-12,-1.7489e-05,-0.00029549,1,1.5351e-07,1.275e-07,1.5351e-07,6.4e-08
1.0242e-11,-1.7569e-05,-0.0002957,1,1.5377e-07,1.275e-07,1.5377e-07,6.4e-08
1.1407e-11,-1.7648e-05,-0.00029591,1,1.5402e-07,1.275e-07,1.5402e-07,6.4e-08
1.2128e-11,-1.772e-05,-0.00029613,1,1.5427e-07,1.275e-07,1.5427e-07,6.4e-08
1.2849e-11,-1.7792e-05,-0.00029634,1,1.5453e-07,1.275e-07,1.5453e-07,6.4e-08
1.357e-11,-1.7864e-05,-0.00029655,1,1.5478e-07,1.275e-07,1.5478e-07,6.4e-08
1.4243e-11,-1.7934e-05,-0.00029676,1,1.5504e-07,1.275e-07,1.5504e-07,6.4e-08
1.4657e-11,-1.7998e-05,-0.00029698,1,1.5529e-07,1.275e-07,1.5529e-07,6.4e-08
1.507e-11,-1.8062e-05,-0.00029719,1,1.5555e-07,1.275e-07,1.5555e-07,6.4e-08
1.5483e-11,-1.8125e-05,-0.0002974,1,1.558e-07,1.275e-07,1.558e-07,6.4e-08
1.5843e-11,-1.8187e-05,-0.00029762,1,1.5606e-07,1.275e-07,1.5606e-07,6.4e-08
1.6028e-11,-1.8243e-05,-0.00029783,1,1.5631e-07,1.275e-07,1.5631e-07,6.4e-08
1.6213e-11,-1.8299e-05,-0.00029804,1,1.5657e-07,1.275e-07,1.5657e-07,6.4e-08
1.6398e-11,-1.8355e-05,-0.00029826,1,1.5682e-07,1.275e-07,1.5682e-07,6.4e-08
1.665e-11,-1.8408e-05,-0.00029847,1,1.5708e-07,1.275e-07,1.5708e-07,6.4e-08
1.7045e-11,-1.8457e-05,-0.00029869,1,1.5734e-07,1.275e-07,1.5734e-07,6.4e-08
1.7441e-11,-1.8505e-05,-0.0002989,1,1.5759e-07,1.275e-07,1.5759e-07,6.4e-08
1.7836e-11,-1.8553e-05,-0.00029911,1,1.5785e-07,1.275e-07,1.5785e-07,6.4e-08
1.8132e-11,-1.8598e-05,-0.00029933,1,1.581e-07,1.275e-07,1.581e-07,6.4e-08
1.8274e-11,-1.8639e-05,-0.00029954,1,1.5836e-07,1.275e-07,1.5836e-07,6.4e-08
1.8416e-11,-1.8679e-05,-0.00029976,1,1.5861e-07,1.275e-07,1.5861e-07,6.4e-08
1.8557e-11,-1.872e-05,-0.00029997,1,1.5887e-07,1.275e-07,1.5887e-07,6.4e-08
1.8621e-11,-1.8757e-05,-0.00030018,1,1.5912e-07,1.275e-07,1.5912e-07,6.4e-08
1.8596e-11,-1.879e-05,-0.00030039,1,1.5938e-07,1.275e-07,1.5938e-07,6.4e-08
1.8571e-11,-1.8823e-05,-0.00030061,1,1.5963e-07,1.275e-07,1.5963e-07,6.4e-08
1.8546e-11,-1.8857e-05,-0.00030082,1,1.5989e-07,1.275e-07,1.5989e-07,6.4e-08
1.8454e-11,-1.8886e-05,-0.00030103,1,1.6014e-07,1.275e-07,1.6014e-07,6.4e-08
1.8306e-11,-1.8912e-05,-0.00030124,1,1.604e-07,1.275e-07,1.604e-07,6.4e-08
1.8157e-11,-1.8938e-05,-0.00030146,1,1.6065e-07,1.275e-07,1.6065e-07,6.4e-08
1.8009e-11,-1.8964e-05,-0.00030167,1,1.6091e-07,1.275e-07,1.6091e-07,6.4e-08
1.7913e-11,-1.8986e-05,-0.00030188,1,1.6116e-07,1.275e-07,1.6116e-07,6.4e-08
1.7849e-11,-1.9005e-05,-0.00030209,1,1.6142e-07,1.275e-07,1.6142e-07,6.4e-08
1.7784e-11,-1.9024e-05,-0.0003023,1,1.6167e-07,1.275e-07,1.6167e-07,6.4e-08
1.7719e-11,-1.9044e-05,-0.00030251,1,1.6193e-07,1.275e-07,1.6193e-07,6.4e-08
1.7308e-11,-1.9058e-05,-0.00030272,1,1.6218e-07,1.275e-07,1.6218e-07,6.4e-08
1.6754e-11,-1.9071e-05,-0.00030293,1,1.6244e-07,1.275e-07,1.6244e-07,6.4e-08
1.62e-11,-1.9083e-05,-0.00030313,1,1.6269e-07,1.275e-07,1.6269e-07,6.4e-08
1.5646e-11,-1.9096e-05,-0.00030334,1,1.6294e-07,1.275e-07,1.6294e-07,6.4e-08
1.5217e-11,-1.9103e-05,-0.00030355,1,1.632e-07,1.275e-07,1.632e-07,6.4e-08
1.4822e-11,-1.9109e-05,-0.00030376,1,1.6345e-07,1.275e-07,1.6345e-07,6.4e-08
1.4427e-11,-1.9115e-05,-0.00030396,1,1.6371e-07,1.275e-07,1.6371e-07,6.4e-08
1.4032e-11,-1.9121e-05,-0.00030417,1,1.6396e-07,1.275e-07,1.6396e-07,6.4e-08
1.3336e-11,-1.9122e-05,-0.00030437,1,1.6422e-07,1.275e-07,1.6422e-07,6.4e-08
1.2593e-11,-1.9122e-05,-0.00030457,1,1.6447e-07,1.275e-07,1.6447e-07,6.4e-08
1.185e-11,-1.9122e-05,-0.00030478,1,1.6473e-07,1.275e-07,1.6473e-07,6.4e-08
1.1107e-11,-1.9122e-05,-0.00030498,1,1.6498e-07,1.275e-07,1.6498e-07,6.4e-08
1.0385e-11,-1.9116e-05,-0.00030518,1,1.6524e-07,1.275e-07,1.6524e-07,6.4e-08
9.6631e-12,-1.911e-05,-0.00030538,1,1.6549e-07,1.275e-07,1.6549e-07,6.4e-08
8.9415e-12,-1.9104e-05,-0.00030558,1,1.6575e-07,1.275e-07,1.6575e-07,6.4e-08
8.2265e-12,-1.9098e-05,-0.00030579,1,1.6601e-07,1.275e-07,1.6601e-07,6.4e-08
7.8345e-12,-1.9087e-05,-0.00030598,1,1.6626e-07,1.275e-07,1.6626e-07,6.4e-08
7.4424e-12,-1.9075e-05,-0.00030618,1,1.6652e-07,1.275e-07,1.6652e-07,6.4e-08
7.0504e-12,-1.9063e-05,-0.00030638,1,1.6677e-07,1.275e-07,1.6677e-07,6.4e-08
6.6532e-12,-1.9051e-05,-0.00030658,1,1.6703e-07,1.275e-07,1.6703e-07,6.4e-08
6.2083e-12,-1.9034e-05,-0.00030677,1,1.6728e-07,1.275e-07,1.6728e-07,6.4e-08
5.7634e-12,-1.9017e-05,-0.00030697,1,1.6754e-07,1.275e-07,1.6754e-07,6.4e-08
5.3186e-12,-1.9e-05,-0.00030716,1,1.6779e-07,1.275e-07,1.6779e-07,6.4e-08
4.9146e-12,-1.8982e-05,-0.00030735,1,1.6805e-07,1.275e-07,1.6805e-07,6.4e-08
4.7013e-12,-1.896e-05,-0.00030755,1,1.683e-07,1.275e-07,1.683e-07,6.4e-08
4.488e-12,-1.8938e-05,-0.00030774,1,1.6856e-07,1.275e-07,1.6856e-07,6.4e-08
4.2747e-12,-1.8916e-05,-0.00030793,1,1.6881e-07,1.275e-07,1.6881e-07,6.4e-08
4.1524e-12,-1.8893e-05,-0.00030812,1,1.6907e-07,1.275e-07,1.6907e-07,6.4e-08
4.2957e-12,-1.8866e-05,-0.00030831,1,1.6932e-07,1.275e-07,1.6932e-07,6.4e-08
4.439e-12,-1.8839e-05,-0.00030849,1,1.6958e-07,1.275e-07,1.6958e-07,6.4e-08
4.5823e-12,-1.8812e-05,-0.00030868,1,1.6983e-07,1.275e-07,1.6983e-07,6.4e-08
4.7013e-12,-1.8784e-05,-0.00030887,1,1.7009e-07,1.275e-07,1.7009e-07,6.4e-08
4.7718e-12,-1.8753e-05,-0.00030905,1,1.7034e-07,1.275e-07,1.7034e-07,6.4e-08
4.8422e-12,-1.8721e-05,-0.00030924,1,1.706e-07,1.275e-07,1.706e-07,6.4e-08
4.9127e-12,-1.869e-05,-0.00030942,1,1.7085e-07,1.275e-07,1.7085e-07,6.4e-08
4.9517e-12,-1.8657e-05,-0.0003096,1,1.7111e-07,1.275e-07,1.7111e-07,6.4e-08
4.9456e-12,-1.8621e-05,-0.00030978,1,1.7136e-07,1.275e-07,1.7136e-07,6.4e-08
4.9396e-12,-1.8586e-05,-0.00030996,1,1.7161e-07,1.275e-07,1.7161e-07,6.4e-08
4.9336e-12,-1.855e-05,-0.00031014,1,1.7187e-07,1.275e-07,1.7187e-07,6.4e-08
4.9291e-12,-1.8512e-05,-0.00031032,1,1.7212e-07,1.275e-07,1.7212e-07,6.4e-08
4.9263e-12,-1.8473e-05,-0.0003105,1,1.7238e-07,1.275e-07,1.7238e-07,6.4e-08
4.9235e-12,-1.8433e-05,-0.00031067,1,1.7263e-07,1.275e-07,1.7263e-07,6.4e-08
4.9207e-12,-1.8394e-05,-0.00031085,1,1.7289e-07,1.275e-07,1.7289e-07,6.4e-08
4.9156e-12,-1.8352e-05,-0.00031102,1,1.7314e-07,1.275e-07,1.7314e-07,6.4e-08
4.9087e-12,-1.8309e-05,-0.00031119,1,1.734e-07,1.275e-07,1.734e-07,6.4e-08
4.9019e-12,-1.8265e-05,-0.00031136,1,1.7365e-07,1.275e-07,1.7365e-07,6.4e-08
4.895e-12,-1.8222e-05,-0.00031154,1,1.7391e-07,1.275e-07,1.7391e-07,6.4e-08
4.9676e-12,-1.8176e-05,-0.0003117,1,1.7416e-07,1.275e-07,1.7416e-07,6.4e-08
5.0835e-12,-1.813e-05,-0.00031187,1,1.7442e-07,1.275e-07,1.7442e-07,6.4e-08
5.1994e-12,-1.8083e-05,-0.00031204,1,1.7468e-07,1.275e-07,1.7468e-07,6.4e-08
5.3154e-12,-1.8036e-05,-0.00031221,1,1.7493e-07,1.275e-07,1.7493e-07,6.4e-08
5.0445e-12,-1.7987e-05,-0.00031237,1,1.7519e-07,1.275e-07,1.7519e-07,6.4e-08
4.6272e-12,-1.7937e-05,-0.00031254,1,1.7544e-07,1.275e-07,1.7544e-07,6.4e-08
4.21e-12,-1.7887e-05,-0.0003127,1,1.757e-07,1.275e-07,1.757e-07,6.4e-08
3.7928e-12,-1.7837e-05,-0.00031286,1,1.7595e-07,1.275e-07,1.7595e-07,6.4e-08
3.7758e-12,-1.7785e-05,-0.00031302,1,1.7621e-07,1.275e-07,1.7621e-07,6.4e-08
3.8564e-12,-1.7732e-05,-0.00031318,1,1.7646e-07,1.275e-07,1.7646e-07,6.4e-08
3.937e-12,-1.7679e-05,-0.00031334,1,1.7672e-07,1.275e-07,1.7672e-07,6.4e-08
4.0176e-12,-1.7626e-05,-0.0003135,1,1.7697e-07,1.275e-07,1.7697e-07,6.4e-08
4.0721e-12,-1.7571e-05,-0.00031365,1,1.7723e-07,1.275e-07,1.7723e-07,6.4e-08
4.1233e-12,-1.7515e-05,-0.00031381,1,1.7748e-07,1.275e-07,1.7748e-07,6.4e-08
4.1744e-12,-1.746e-05,-0.00031396,1,1.7774e-07,1.275e-07,1.7774e-07,6.4e-08
4.2255e-12,-1.7404e-05,-0.00031412,1,1.7799e-07,1.275e-07,1.7799e-07,6.4e-08
4.2414e-12,-1.7346e-05,-0.00031427,1,1.7825e-07,1.275e-07,1.7825e-07,6.4e-08
4.2558e-12,-1.7288e-05,-0.00031442,1,1.785e-07,1.275e-07,1.785e-07,6.4e-08
4.2703e-12,-1.723e-05,-0.00031457,1,1.7876e-07,1.275e-07,1.7876e-07,6.4e-08
4.2889e-12,-1.7172e-05,-0.00031472,1,1.7901e-07,1.275e-07,1.7901e-07,6.4e-08
4.4097e-12,-1.7111e-05,-0.00031486,1,1.7927e-07,1.275e-07,1.7927e-07,6.4e-08
4.5306e-12,-1.7051e-05,-0.00031501,1,1.7952e-07,1.275e-07,1.7952e-07,6.4e-08
4.6514e-12,-1.6991e-05,-0.00031516,1,1.7978e-07,1.275e-07,1.7978e-07,6.4e-08
4.7441e-12,-1.693e-05,-0.0003153,1,1.8003e-07,1.275e-07,1.8003e-07,6.4e-08
4.6253e-12,-1.6868e-05,-0.00031544,1,1.8028e-07,1.275e-07,1.8028e-07,6.4e-08
4.5065e-12,-1.6805e-05,-0.00031558,1,1.8054e-07,1.275e-07,1.8054e-07,6.4e-08
4.3877e-12,-1.6743e-05,-0.00031573,1,1.8079e-07,1.275e-07,1.8079e-07,6.4e-08
4.2727e-12,-1.668e-05,-0.00031587,1,1.8105e-07,1.275e-07,1.8105e-07,6.4e-08
4.1733e-12,-1.6616e-05,-0.000316,1,1.813e-07,1.275e-07,1.813e-07,6.4e-08
4.074e-12,-1.6552e-05,-0.00031614,1,1.8156e-07,1.275e-07,1.8156e-07,6.4e-08
3.9747e-12,-1.6488e-05,-0.00031628,1,1.8181e-07,1.275e-07,1.8181e-07,6.4e-08
3.7568e-12,-1.6423e-05,-0.00031641,1,1.8207e-07,1.275e-07,1.8207e-07,6.4e-08
3.2258e-12,-1.6358e-05,-0.00031655,1,1.8232e-07,1.275e-07,1.8232e-07,6.4e-08
2.6947e-12,-1.6292e-05,-0.00031668,1,1.8258e-07,1.275e-07,1.8258e-07,6.4e-08
2.1636e-12,-1.6226e-05,-0.00031681,1,1.8284e-07,1.275e-07,1.8284e-07,6.4e-08
1.6279e-12,-1.616e-05,-0.00031694,1,1.8309e-07,1.275e-07,1.8309e-07,6.4e-08
1.0837e-12,-1.6093e-05,-0.00031707,1,1.8335e-07,1.275e-07,1.8335e-07,6.4e-08
5.3952e-13,-1.6026e-05,-0.0003172,1,1.836e-07,1.275e-07,1.836e-07,6.4e-08
-4.6891e-15,-1.5958e-05,-0.00031733,1,1.8386e-07,1.275e-07,1.8386e-07,6.4e-08
-6.7808e-13,-1.5891e-05,-0.00031745,1,1.8411e-07,1.275e-07,1.8411e-07,6.4e-08
-1.5217e-12,-1.5822e-05,-0.00031758,1,1.8437e-07,1.275e-07,1.8437e-07,6.4e-08
-2.3654e-12,-1.5754e-05,-0.0003177,1,1.8462e-07,1.275e-07,1.8462e-07,6.4e-08
-3.2091e-12,-1.5685e-05,-0.00031783,1,1.8488e-07,1.275e-07,1.8488e-07,6.4e-08
-3.956e-12,-1.5616e-05,-0.00031795,1,1.8513e-07,1.275e-07,1.8513e-07,6.4e-08
-4.6098e-12,-1.5547e-05,-0.00031807,1,1.8539e-07,1.275e-07,1.8539e-07,6.4e-08
-5.2637e-12,-1.5477e-05,-0.00031819,1,1.8564e-07,1.275e-07,1.8564e-07,6.4e-08
-5.9176e-12,-1.5408e-05,-0.00031831,1,1.859e-07,1.275e-07,1.859e-07,6.4e-08
-6.7274e-12,-1.5338e-05,-0.00031843,1,1.8615e-07,1.275e-07,1.8615e-07,6.4e-08
-7.6462e-12,-1.5268e-05,-0.00031854,1,1.8641e-07,1.275e-07,1.8641e-07,6.4e-08
-8.5651e-12,-1.5197e-05,-0.00031866,1,1.8666e-07,1.275e-07,1.8666e-07,6.4e-08
-9.484e-12,-1.5127e-05,-0.00031878,1,1.8692e-07,1.275e-07,1.8692e-07,6.4e-08
-1.0409e-11,-1.5056e-05,-0.00031889,1,1.8717e-07,1.275e-07,1.8717e-07,6.4e-08
-1.1338e-11,-1.4985e-05,-0.000319,1,1.8743e-07,1.275e-07,1.8743e-07,6.4e-08
-1.2266e-11,-1.4914e-05,-0.00031911,1,1.8768e-07,1.275e-07,1.8768e-07,6.4e-08
-1.3194e-11,-1.4843e-05,-0.00031922,1,1.8794e-07,1.275e-07,1.8794e-07,6.4e-08
-1.4226e-11,-1.4771e-05,-0.00031933,1,1.8819e-07,1.275e-07,1.8819e-07,6.4e-08
-1.5292e-11,-1.4699e-05,-0.00031944,1,1.8845e-07,1.275e-07,1.8845e-07,6.4e-08
-1.6359e-11,-1.4628e-05,-0.00031955,1,1.887e-07,1.275e-07,1.887e-07,6.4e-08
-1.7426e-11,-1.4556e-05,-0.00031966,1,1.8895e-07,1.275e-07,1.8895e-07,6.4e-08
-1.8319e-11,-1.4484e-05,-0.00031976,1,1.8921e-07,1.275e-07,1.8921e-07,6.4e-08
-1.9176e-11,-1.4412e-05,-0.00031987,1,1.8946e-07,1.275e-07,1.8946e-07,6.4e-08
-2.0033e-11,-1.4339e-05,-0.00031997,1,1.8972e-07,1.275e-07,1.8972e-07,6.4e-08
-2.089e-11,-1.4267e-05,-0.00032007,1,1.8997e-07,1.275e-07,1.8997e-07,6.4e-08
-2.1891e-11,-1.4195e-05,-0.00032017,1,1.9023e-07,1.275e-07,1.9023e-07,6.4e-08
-2.2908e-11,-1.4122e-05,-0.00032027,1,1.9048e-07,1.275e-07,1.9048e-07,6.4e-08
-2.3925e-11,-1.405e-05,-0.00032037,1,1.9074e-07,1.275e-07,1.9074e-07,6.4e-08
-2.4941e-11,-1.3977e-05,-0.00032047,1,1.9099e-07,1.275e-07,1.9099e-07,6.4e-08
-2.5986e-11,-1.3904e-05,-0.00032057,1,1.9125e-07,1.275e-07,1.9125e-07,6.4e-08
-2.7031e-11,-1.3832e-05,-0.00032067,1,1.9151e-07,1.275e-07,1.9151e-07,6.4e-08
-2.8077e-11,-1.3759e-05,-0.00032076,1,1.9176e-07,1.275e-07,1.9176e-07,6.4e-08
-2.9084e-11,-1.3686e-05,-0.00032086,1,1.9202e-07,1.275e-07,1.9202e-07,6.4e-08
-2.9491e-11,-1.3613e-05,-0.00032095,1,1.9227e-07,1.275e-07,1.9227e-07,6.4e-08
-2.9898e-11,-1.354e-05,-0.00032105,1,1.9253e-07,1.275e-07,1.9253e-07,6.4e-08
-3.0305e-11,-1.3467e-05,-0.00032114,1,1.9278e-07,1.275e-07,1.9278e-07,6.4e-08
-3.0668e-11,-1.3395e-05,-0.00032123,1,1.9304e-07,1.275e-07,1.9304e-07,6.4e-08
-3.0755e-11,-1.3322e-05,-0.00032132,1,1.9329e-07,1.275e-07,1.9329e-07,6.4e-08
-3.0842e-11,-1.3249e-05,-0.00032141,1,1.9355e-07,1.275e-07,1.9355e-07,6.4e-08
-3.0929e-11,-1.3176e-05,-0.0003215,1,1.938e-07,1.275e-07,1.938e-07,6.4e-08
-3.1006e-11,-1.3103e-05,-0.00032159,1,1.9406e-07,1.275e-07,1.9406e-07,6.4e-08
-3.1049e-11,-1.303e-05,-0.00032167,1,1.9431e-07,1.275e-07,1.9431e-07,6.4e-08
-3.1091e-11,-1.2958e-05,-0.00032176,1,1.9457e-07,1.275e-07,1.9457e-07,6.4e-08
-3.1134e-11,-1.2885e-05,-0.00032185,1,1.9482e-07,1.275e-07,1.9482e-07,6.4e-08
-3.1025e-11,-1.2812e-05,-0.00032193,1,1.9508e-07,1.275e-07,1.9508e-07,6.4e-08
-3.0552e-11,-1.274e-05,-0.00032201,1,1.9533e-07,1.275e-07,1.9533e-07,6.4e-08
-3.0079e-11,-1.2667e-05,-0.00032209,1,1.9559e-07,1.275e-07,1.9559e-07,6.4e-08
-2.9606e-11,-1.2594e-05,-0.00032218,1,1.9584e-07,1.275e-07,1.9584e-07,6.4e-08
-2.9184e-11,-1.2522e-05,-0.00032226,1,1.961e-07,1.275e-07,1.961e-07,6.4e-08
-2.8847e-11,-1.245e-05,-0.00032234,1,1.9635e-07,1.275e-07,1.9635e-07,6.4e-08
-2.8511e-11,-1.2377e-05,-0.00032242,1,1.9661e-07,1.275e-07,1.9661e-07,6.4e-08
-2.8175e-11,-1.2305e-05,-0.0003225,1,1.9686e-07,1.275e-07,1.9686e-07,6.4e-08
-2.7677e-11,-1.2233e-05,-0.00032257,1,1.9711e-07,1.275e-07,1.9711e-07,6.4e-08
-2.6982e-11,-1.2161e-05,-0.00032265,1,1.9737e-07,1.275e-07,1.9737e-07,6.4e-08
-2.6287e-11,-1.2089e-05,-0.00032273,1,1.9762e-07,1.275e-07,1.9762e-07,6.4e-08
-2.5592e-11,-1.2017e-05,-0.0003228,1,1.9788e-07,1.275e-07,1.9788e-07,6.4e-08
-2.4792e-11,-1.1945e-05,-0.00032288,1,1.9813e-07,1.275e-07,1.9813e-07,6.4e-08
-2.39e-11,-1.1873e-05,-0.00032295,1,1.9839e-07,1.275e-07,1.9839e-07,6.4e-08
-2.3007e-11,-1.1802e-05,-0.00032302,1,1.9864e-07,1.275e-07,1.9864e-07,6.4e-08
-2.2115e-11,-1.173e-05,-0.00032309,1,1.989e-07,1.275e-07,1.989e-07,6.4e-08
-2.1168e-11,-1.1659e-05,-0.00032317,1,1.9915e-07,1.275e-07,1.9915e-07,6.4e-08
-2.0186e-11,-1.1588e-05,-0.00032324,1,1.9941e-07,1.275e-07,1.9941e-07,6.4e-08
-1.9205e-11,-1.1516e-05,-0.00032331,1,1.9966e-07,1.275e-07,1.9966e-07,6.4e-08
-1.8223e-11,-1.1445e-05,-0.00032338,1,1.9992e-07,1.275e-07,1.9992e-07,6.4e-08
-1.7301e-11,-1.1375e-05,-0.00032344,1,2.0018e-07,1.275e-07,2.0018e-07,6.4e-08
-1.6407e-11,-1.1304e-05,-0.00032351,1,2.0043e-07,1.275e-07,2.0043e-07,6.4e-08
-1.5512e-11,-1.1233e-05,-0.00032358,1,2.0069e-07,1.275e-07,2.0069e-07,6.4e-08
-1.4618e-11,-1.1163e-05,-0.00032364,1,2.0094e-07,1.275e-07,2.0094e-07,6.4e-08
-1.3712e-11,-1.1092e-05,-0.00032371,1,2.012e-07,1.275e-07,2.012e-07,6.4e-08
-1.2801e-11,-1.1022e-05,-0.00032377,1,2.0145e-07,1.275e-07,2.0145e-07,6.4e-08
-1.1891e-11,-1.0952e-05,-0.00032384,1,2.0171e-07,1.275e-07,2.0171e-07,6.4e-08
-1.0981e-11,-1.0882e-05,-0.0003239,1,2.0196e-07,1.275e-07,2.0196e-07,6.4e-08
-1.041e-11,-1.0813e-05,-0.00032396,1,2.0222e-07,1.275e-07,2.0222e-07,6.4e-08
-9.902e-12,-1.0743e-05,-0.00032403,1,2.0247e-07,1.275e-07,2.0247e-07,6.4e-08
-9.3942e-12,-1.0674e-05,-0.00032409,1,2.0273e-07,1.275e-07,2.0273e-07,6.4e-08
-8.8865e-12,-1.0604e-05,-0.00032415,1,2.0298e-07,1.275e-07,2.0298e-07,6.4e-08
-8.4809e-12,-1.0536e-05,-0.00032421,1,2.0324e-07,1.275e-07,2.0324e-07,6.4e-08
-8.084e-12,-1.0467e-05,-0.00032427,1,2.0349e-07,1.275e-07,2.0349e-07,6.4e-08
-7.6872e-12,-1.0398e-05,-0.00032433,1,2.0375e-07,1.275e-07,2.0375e-07,6.4e-08
-7.2903e-12,-1.0329e-05,-0.00032438,1,2.04e-07,1.275e-07,2.04e-07,6.4e-08
-7.0813e-12,-1.0261e-05,-0.00032444,1,2.0426e-07,1.275e-07,2.0426e-07,6.4e-08
-6.8723e-12,-1.0193e-05,-0.0003245,1,2.0451e-07,1.275e-07,2.0451e-07,6.4e-08
-6.6632e-12,-1.0125e-05,-0.00032455,1,2.0477e-07,1.275e-07,2.0477e-07,6.4e-08
-6.4717e-12,-1.0057e-05,-0.00032461,1,2.0502e-07,1.275e-07,2.0502e-07,6.4e-08
-6.4859e-12,-9.9893e-06,-0.00032466,1,2.0528e-07,1.275e-07,2.0528e-07,6.4e-08
-6.5001e-12,-9.9219e-06,-0.00032472,1,2.0553e-07,1.275e-07,2.0553e-07,6.4e-08
-6.5142e-12,-9.8545e-06,-0.00032477,1,2.0578e-07,1.275e-07,2.0578e-07,6.4e-08
-6.5802e-12,-9.7872e-06,-0.00032482,1,2.0604e-07,1.275e-07,2.0604e-07,6.4e-08
-6.9244e-12,-9.7205e-06,-0.00032488,1,2.0629e-07,1.275e-07,2.0629e-07,6.4e-08
-7.2686e-12,-9.6538e-06,-0.00032493,1,2.0655e-07,1.275e-07,2.0655e-07,6.4e-08
-7.6129e-12,-9.5872e-06,-0.00032498,1,2.068e-07,1.275e-07,2.068e-07,6.4e-08
-8.0985e-12,-9.5207e-06,-0.00032503,1,2.0706e-07,1.275e-07,2.0706e-07,6.4e-08
-9.0437e-12,-9.4547e-06,-0.00032508,1,2.0731e-07,1.275e-07,2.0731e-07,6.4e-08
-9.9889e-12,-9.3888e-06,-0.00032513,1,2.0757e-07,1.275e-07,2.0757e-07,6.4e-08
-1.0934e-11,-9.3229e-06,-0.00032518,1,2.0782e-07,1.275e-07,2.0782e-07,6.4e-08
-1.1743e-11,-9.2572e-06,-0.00032523,1,2.0808e-07,1.275e-07,2.0808e-07,6.4e-08
-1.2254e-11,-9.1921e-06,-0.00032527,1,2.0834e-07,1.275e-07,2.0834e-07,6.4e-08
-1.2764e-11,-9.127e-06,-0.00032532,1,2.0859e-07,1.275e-07,2.0859e-07,6.4e-08
-1.3275e-11,-9.0618e-06,-0.00032537,1,2.0885e-07,1.275e-07,2.0885e-07,6.4e-08
-1.3825e-11,-8.997e-06,-0.00032541,1,2.091e-07,1.275e-07,2.091e-07,6.4e-08
-1.4436e-11,-8.9326e-06,-0.00032546,1,2.0936e-07,1.275e-07,2.0936e-07,6.4e-08
-1.5048e-11,-8.8683e-06,-0.0003255,1,2.0961e-07,1.275e-07,2.0961e-07,6.4e-08
-1.5659e-11,-8.8039e-06,-0.00032555,1,2.0987e-07,1.275e-07,2.0987e-07,6.4e-08
-1.6219e-11,-8.74e-06,-0.00032559,1,2.1012e-07,1.275e-07,2.1012e-07,6.4e-08
-1.6722e-11,-8.6764e-06,-0.00032564,1,2.1038e-07,1.275e-07,2.1038e-07,6.4e-08
-1.7225e-11,-8.6129e-06,-0.00032568,1,2.1063e-07,1.275e-07,2.1063e-07,6.4e-08
-1.7727e-11,-8.5493e-06,-0.00032572,1,2.1089e-07,1.275e-07,2.1089e-07,6.4e-08
-1.8032e-11,-8.4862e-06,-0.00032576,1,2.1114e-07,1.275e-07,2.1114e-07,6.4e-08
-1.8174e-11,-8.4235e-06,-0.00032581,1,2.114e-07,1.275e-07,2.114e-07,6.4e-08
-1.8316e-11,-8.3607e-06,-0.00032585,1,2.1165e-07,1.275e-07,2.1165e-07,6.4e-08
-1.8459e-11,-8.298e-06,-0.00032589,1,2.1191e-07,1.275e-07,2.1191e-07,6.4e-08
-1.8617e-11,-8.2358e-06,-0.00032593,1,2.1216e-07,1.275e-07,2.1216e-07,6.4e-08
-1.8786e-11,-8.1738e-06,-0.00032597,1,2.1242e-07,1.275e-07,2.1242e-07,6.4e-08
-1.8954e-11,-8.1119e-06,-0.00032601,1,2.1267e-07,1.275e-07,2.1267e-07,6.4e-08
-1.9122e-11,-8.05e-06,-0.00032604,1,2.1293e-07,1.275e-07,2.1293e-07,6.4e-08
-1.9054e-11,-7.9886e-06,-0.00032608,1,2.1318e-07,1.275e-07,2.1318e-07,6.4e-08
-1.8886e-11,-7.9275e-06,-0.00032612,1,2.1344e-07,1.275e-07,2.1344e-07,6.4e-08
-1.8719e-11,-7.8664e-06,-0.00032616,1,2.1369e-07,1.275e-07,2.1369e-07,6.4e-08
-1.8551e-11,-7.8053e-06,-0.00032619,1,2.1395e-07,1.275e-07,2.1395e-07,6.4e-08
-1.8388e-11,-7.7448e-06,-0.00032623,1,2.142e-07,1.275e-07,2.142e-07,6.4e-08
-1.8226e-11,-7.6846e-06,-0.00032627,1,2.1445e-07,1.275e-07,2.1445e-07,6.4e-08
-1.8065e-11,-7.6243e-06,-0.0003263,1,2.1471e-07,1.275e-07,2.1471e-07,6.4e-08
-1.7903e-11,-7.564e-06,-0.00032634,1,2.1496e-07,1.275e-07,2.1496e-07,6.4e-08
-1.7727e-11,-7.5044e-06,-0.00032637,1,2.1522e-07,1.275e-07,2.1522e-07,6.4e-08
-1.7549e-11,-7.4449e-06,-0.00032641,1,2.1547e-07,1.275e-07,2.1547e-07,6.4e-08
-1.7371e-11,-7.3854e-06,-0.00032644,1,2.1573e-07,1.275e-07,2.1573e-07,6.4e-08
-1.7193e-11,-7.3259e-06,-0.00032647,1,2.1598e-07,1.275e-07,2.1598e-07,6.4e-08
-1.6834e-11,-7.2672e-06,-0.00032651,1,2.1624e-07,1.275e-07,2.1624e-07,6.4e-08
-1.6463e-11,-7.2086e-06,-0.00032654,1,2.1649e-07,1.275e-07,2.1649e-07,6.4e-08
-1.6093e-11,-7.1499e-06,-0.00032657,1,2.1675e-07,1.275e-07,2.1675e-07,6.4e-08
-1.5717e-11,-7.0912e-06,-0.0003266,1,2.1701e-07,1.275e-07,2.1701e-07,6.4e-08
-1.5066e-11,-7.0334e-06,-0.00032663,1,2.1726e-07,1.275e-07,2.1726e-07,6.4e-08
-1.4415e-11,-6.9755e-06,-0.00032666,1,2.1752e-07,1.275e-07,2.1752e-07,6.4e-08
-1.3764e-11,-6.9176e-06,-0.0003267,1,2.1777e-07,1.275e-07,2.1777e-07,6.4e-08
-1.3098e-11,-6.8599e-06,-0.00032673,1,2.1803e-07,1.275e-07,2.1803e-07,6.4e-08
-1.2287e-11,-6.8028e-06,-0.00032676,1,2.1828e-07,1.275e-07,2.1828e-07,6.4e-08
-1.1476e-11,-6.7457e-06,-0.00032678,1,2.1854e-07,1.275e-07,2.1854e-07,6.4e-08
-1.0665e-11,-6.6886e-06,-0.00032681,1,2.1879e-07,1.275e-07,2.1879e-07,6.4e-08
-9.8007e-12,-6.6317e-06,-0.00032684,1,2.1905e-07,1.275e-07,2.1905e-07,6.4e-08
-8.6869e-12,-6.5754e-06,-0.00032687,1,2.193e-07,1.275e-07,2.193e-07,6.4e-08
-7.5732e-12,-6.5192e-06,-0.0003269,1,2.1956e-07,1.275e-07,2.1956e-07,6.4e-08
-6.4594e-12,-6.4629e-06,-0.00032693,1,2.1981e-07,1.275e-07,2.1981e-07,6.4e-08
-5.3175e-12,-6.4068e-06,-0.00032695,1,2.2007e-07,1.275e-07,2.2007e-07,6.4e-08
-4.0934e-12,-6.3513e-06,-0.00032698,1,2.2032e-07,1.275e-07,2.2032e-07,6.4e-08
-2.8694e-12,-6.2958e-06,-0.00032701,1,2.2058e-07,1.275e-07,2.2058e-07,6.4e-08
-1.6453e-12,-6.2403e-06,-0.00032703,1,2.2083e-07,1.275e-07,2.2083e-07,6.4e-08
-3.8718e-13,-6.185e-06,-0.00032706,1,2.2109e-07,1.275e-07,2.2109e-07,6.4e-08
9.3906e-13,-6.1303e-06,-0.00032709,1,2.2134e-07,1.275e-07,2.2134e-07,6.4e-08
2.2653e-12,-6.0755e-06,-0.00032711,1,2.216e-07,1.275e-07,2.216e-07,6.4e-08
3.5915e-12,-6.0208e-06,-0.00032714,1,2.2185e-07,1.275e-07,2.2185e-07,6.4e-08
4.7183e-12,-5.9663e-06,-0.00032716,1,2.2211e-07,1.275e-07,2.2211e-07,6.4e-08
5.5601e-12,-5.9123e-06,-0.00032718,1,2.2236e-07,1.275e-07,2.2236e-07,6.4e-08
6.402e-12,-5.8583e-06,-0.00032721,1,2.2262e-07,1.275e-07,2.2262e-07,6.4e-08
7.2438e-12,-5.8043e-06,-0.00032723,1,2.2287e-07,1.275e-07,2.2287e-07,6.4e-08
7.7758e-12,-5.7507e-06,-0.00032726,1,2.2312e-07,1.275e-07,2.2312e-07,6.4e-08
7.9855e-12,-5.6974e-06,-0.00032728,1,2.2338e-07,1.275e-07,2.2338e-07,6.4e-08
8.1953e-12,-5.6442e-06,-0.0003273,1,2.2363e-07,1.275e-07,2.2363e-07,6.4e-08
8.405e-12,-5.5909e-06,-0.00032732,1,2.2389e-07,1.275e-07,2.2389e-07,6.4e-08
8.8483e-12,-5.538e-06,-0.00032735,1,2.2414e-07,1.275e-07,2.2414e-07,6.4e-08
9.4687e-12,-5.4855e-06,-0.00032737,1,2.244e-07,1.275e-07,2.244e-07,6.4e-08
1.0089e-11,-5.4329e-06,-0.00032739,1,2.2465e-07,1.275e-07,2.2465e-07,6.4e-08
1.071e-11,-5.3804e-06,-0.00032741,1,2.2491e-07,1.275e-07,2.2491e-07,6.4e-08
1.1191e-11,-5.3283e-06,-0.00032743,1,2.2516e-07,1.275e-07,2.2516e-07,6.4e-08
1.1598e-11,-5.2764e-06,-0.00032745,1,2.2542e-07,1.275e-07,2.2542e-07,6.4e-08
1.2004e-11,-5.2246e-06,-0.00032747,1,2.2568e-07,1.275e-07,2.2568e-07,6.4e-08
1.2411e-11,-5.1727e-06,-0.00032749,1,2.2593e-07,1.275e-07,2.2593e-07,6.4e-08
1.2821e-11,-5.1214e-06,-0.00032751,1,2.2619e-07,1.275e-07,2.2619e-07,6.4e-08
1.3232e-11,-5.0702e-06,-0.00032753,1,2.2644e-07,1.275e-07,2.2644e-07,6.4e-08
1.3644e-11,-5.019e-06,-0.00032755,1,2.267e-07,1.275e-07,2.267e-07,6.4e-08
1.4055e-11,-4.9679e-06,-0.00032757,1,2.2695e-07,1.275e-07,2.2695e-07,6.4e-08
1.4713e-11,-4.9172e-06,-0.00032759,1,2.2721e-07,1.275e-07,2.2721e-07,6.4e-08
1.543e-11,-4.8667e-06,-0.00032761,1,2.2746e-07,1.275e-07,2.2746e-07,6.4e-08
1.6147e-11,-4.8162e-06,-0.00032763,1,2.2772e-07,1.275e-07,2.2772e-07,6.4e-08
1.6865e-11,-4.7657e-06,-0.00032764,1,2.2797e-07,1.275e-07,2.2797e-07,6.4e-08
1.7341e-11,-4.7158e-06,-0.00032766,1,2.2823e-07,1.275e-07,2.2823e-07,6.4e-08
1.7785e-11,-4.6659e-06,-0.00032768,1,2.2848e-07,1.275e-07,2.2848e-07,6.4e-08
1.8229e-11,-4.6161e-06,-0.0003277,1,2.2874e-07,1.275e-07,2.2874e-07,6.4e-08
1.8674e-11,-4.5662e-06,-0.00032771,1,2.2899e-07,1.275e-07,2.2899e-07,6.4e-08
1.9419e-11,-4.517e-06,-0.00032773,1,2.2925e-07,1.275e-07,2.2925e-07,6.4e-08
2.0176e-11,-4.4677e-06,-0.00032775,1,2.295e-07,1.275e-07,2.295e-07,6.4e-08
2.0933e-11,-4.4185e-06,-0.00032776,1,2.2976e-07,1.275e-07,2.2976e-07,6.4e-08
2.1689e-11,-4.3693e-06,-0.00032778,1,2.3001e-07,1.275e-07,2.3001e-07,6.4e-08
2.2414e-11,-4.3206e-06,-0.0003278,1,2.3027e-07,1.275e-07,2.3027e-07,6.4e-08
2.3139e-11,-4.272e-06,-0.00032781,1,2.3052e-07,1.275e-07,2.3052e-07,6.4e-08
2.3863e-11,-4.2234e-06,-0.00032783,1,2.3078e-07,1.275e-07,2.3078e-07,6.4e-08
2.459e-11,-4.1748e-06,-0.00032784,1,2.3103e-07,1.275e-07,2.3103e-07,6.4e-08
2.5333e-11,-4.1268e-06,-0.00032786,1,2.3129e-07,1.275e-07,2.3129e-07,6.4e-08
2.6076e-11,-4.0787e-06,-0.00032787,1,2.3154e-07,1.275e-07,2.3154e-07,6.4e-08
2.6818e-11,-4.0306e-06,-0.00032789,1,2.3179e-07,1.275e-07,2.3179e-07,6.4e-08
2.7571e-11,-3.9827e-06,-0.0003279,1,2.3205e-07,1.275e-07,2.3205e-07,6.4e-08
2.8365e-11,-3.9352e-06,-0.00032791,1,2.323e-07,1.275e-07,2.323e-07,6.4e-08
2.9159e-11,-3.8877e-06,-0.00032793,1,2.3256e-07,1.275e-07,2.3256e-07,6.4e-08
2.9953e-11,-3.8402e-06,-0.00032794,1,2.3281e-07,1.275e-07,2.3281e-07,6.4e-08
3.0759e-11,-3.7929e-06,-0.00032796,1,2.3307e-07,1.275e-07,2.3307e-07,6.4e-08
3.1595e-11,-3.7459e-06,-0.00032797,1,2.3332e-07,1.275e-07,2.3332e-07,6.4e-08
3.2431e-11,-3.699e-06,-0.00032798,1,2.3358e-07,1.275e-07,2.3358e-07,6.4e-08
3.3267e-11,-3.652e-06,-0.000328,1,2.3384e-07,1.275e-07,2.3384e-07,6.4e-08
3.4167e-11,-3.6052e-06,-0.00032801,1,2.3409e-07,1.275e-07,2.3409e-07,6.4e-08
3.5184e-11,-3.5588e-06,-0.00032802,1,2.3435e-07,1.275e-07,2.3435e-07,6.4e-08
3.6201e-11,-3.5124e-06,-0.00032803,1,2.346e-07,1.275e-07,2.346e-07,6.4e-08
3.7218e-11,-3.4659e-06,-0.00032804,1,2.3486e-07,1.275e-07,2.3486e-07,6.4e-08
3.8261e-11,-3.4197e-06,-0.00032806,1,2.3511e-07,1.275e-07,2.3511e-07,6.4e-08
3.9337e-11,-3.3737e-06,-0.00032807,1,2.3537e-07,1.275e-07,2.3537e-07,6.4e-08
4.0413e-11,-3.3278e-06,-0.00032808,1,2.3562e-07,1.275e-07,2.3562e-07,6.4e-08
4.1489e-11,-3.2818e-06,-0.00032809,1,2.3588e-07,1.275e-07,2.3588e-07,6.4e-08
4.2385e-11,-3.2361e-06,-0.0003281,1,2.3613e-07,1.275e-07,2.3613e-07,6.4e-08
4.3108e-11,-3.1907e-06,-0.00032811,1,2.3639e-07,1.275e-07,2.3639e-07,6.4e-08
4.383e-11,-3.1452e-06,-0.00032812,1,2.3664e-07,1.275e-07,2.3664e-07,6.4e-08
4.4553e-11,-3.0997e-06,-0.00032813,1,2.369e-07,1.275e-07,2.369e-07,6.4e-08
4.5186e-11,-3.0545e-06,-0.00032814,1,2.3715e-07,1.275e-07,2.3715e-07,6.4e-08
4.5756e-11,-3.0095e-06,-0.00032815,1,2.3741e-07,1.275e-07,2.3741e-07,6.4e-08
4.6326e-11,-2.9644e-06,-0.00032816,1,2.3766e-07,1.275e-07,2.3766e-07,6.4e-08
4.6896e-11,-2.9194e-06,-0.00032817,1,2.3792e-07,1.275e-07,2.3792e-07,6.4e-08
4.708e-11,-2.8747e-06,-0.00032818,1,2.3817e-07,1.275e-07,2.3817e-07,6.4e-08
4.7071e-11,-2.83e-06,-0.00032819,1,2.3843e-07,1.275e-07,2.3843e-07,6.4e-08
4.7063e-11,-2.7854e-06,-0.0003282,1,2.3868e-07,1.275e-07,2.3868e-07,6.4e-08
4.7054e-11,-2.7408e-06,-0.00032821,1,2.3894e-07,1.275e-07,2.3894e-07,6.4e-08
4.6559e-11,-2.6965e-06,-0.00032822,1,2.3919e-07,1.275e-07,2.3919e-07,6.4e-08
4.5897e-11,-2.6523e-06,-0.00032823,1,2.3945e-07,1.275e-07,2.3945e-07,6.4e-08
4.5236e-11,-2.6081e-06,-0.00032824,1,2.397e-07,1.275e-07,2.397e-07,6.4e-08
4.4575e-11,-2.5639e-06,-0.00032825,1,2.3995e-07,1.275e-07,2.3995e-07,6.4e-08
4.3753e-11,-2.52e-06,-0.00032826,1,2.4021e-07,1.275e-07,2.4021e-07,6.4e-08
4.2897e-11,-2.4762e-06,-0.00032826,1,2.4046e-07,1.275e-07,2.4046e-07,6.4e-08
4.2041e-11,-2.4324e-06,-0.00032827,1,2.4072e-07,1.275e-07,2.4072e-07,6.4e-08
4.1185e-11,-2.3886e-06,-0.00032828,1,2.4097e-07,1.275e-07,2.4097e-07,6.4e-08
3.9821e-11,-2.3451e-06,-0.00032829,1,2.4123e-07,1.275e-07,2.4123e-07,6.4e-08
3.8401e-11,-2.3016e-06,-0.00032829,1,2.4148e-07,1.275e-07,2.4148e-07,6.4e-08
3.6982e-11,-2.2581e-06,-0.0003283,1,2.4174e-07,1.275e-07,2.4174e-07,6.4e-08
3.5562e-11,-2.2146e-06,-0.00032831,1,2.4199e-07,1.275e-07,2.4199e-07,6.4e-08
3.4081e-11,-2.1715e-06,-0.00032832,1,2.4225e-07,1.275e-07,2.4225e-07,6.4e-08
3.2599e-11,-2.1284e-06,-0.00032832,1,2.425e-07,1.275e-07,2.425e-07,6.4e-08
3.1117e-11,-2.0852e-06,-0.00032833,1,2.4276e-07,1.275e-07,2.4276e-07,6.4e-08
2.9629e-11,-2.0421e-06,-0.00032834,1,2.4301e-07,1.275e-07,2.4301e-07,6.4e-08
2.8052e-11,-1.9993e-06,-0.00032834,1,2.4327e-07,1.275e-07,2.4327e-07,6.4e-08
2.6474e-11,-1.9564e-06,-0.00032835,1,2.4352e-07,1.275e-07,2.4352e-07,6.4e-08
2.4897e-11,-1.9136e-06,-0.00032836,1,2.4378e-07,1.275e-07,2.4378e-07,6.4e-08
2.3259e-11,-1.8708e-06,-0.00032836,1,2.4403e-07,1.275e-07,2.4403e-07,6.4e-08
2.1238e-11,-1.8282e-06,-0.00032837,1,2.4429e-07,1.275e-07,2.4429e-07,6.4e-08
1.9217e-11,-1.7857e-06,-0.00032837,1,2.4454e-07,1.275e-07,2.4454e-07,6.4e-08
1.7196e-11,-1.7431e-06,-0.00032838,1,2.448e-07,1.275e-07,2.448e-07,6.4e-08
1.5179e-11,-1.7006e-06,-0.00032838,1,2.4505e-07,1.275e-07,2.4505e-07,6.4e-08
1.3176e-11,-1.6583e-06,-0.00032839,1,2.4531e-07,1.275e-07,2.4531e-07,6.4e-08
1.1173e-11,-1.616e-06,-0.00032839,1,2.4556e-07,1.275e-07,2.4556e-07,6.4e-08
9.1703e-12,-1.5737e-06,-0.0003284,1,2.4582e-07,1.275e-07,2.4582e-07,6.4e-08
7.2054e-12,-1.5315e-06,-0.0003284,1,2.4607e-07,1.275e-07,2.4607e-07,6.4e-08
5.3315e-12,-1.4895e-06,-0.00032841,1,2.4633e-07,1.275e-07,2.4633e-07,6.4e-08
3.4574e-12,-1.4474e-06,-0.00032841,1,2.4659e-07,1.275e-07,2.4659e-07,6.4e-08
1.5835e-12,-1.4053e-06,-0.00032842,1,2.4684e-07,1.275e-07,2.4684e-07,6.4e-08
-2.596e-13,-1.3633e-06,-0.00032842,1,2.471e-07,1.275e-07,2.471e-07,6.4e-08
-2.051e-12,-1.3215e-06,-0.00032843,1,2.4735e-07,1.275e-07,2.4735e-07,6.4e-08
-3.8423e-12,-1.2796e-06,-0.00032843,1,2.4761e-07,1.275e-07,2.4761e-07,6.4e-08
-5.6337e-12,-1.2378e-06,-0.00032844,1,2.4786e-07,1.275e-07,2.4786e-07,6.4e-08
-7.1719e-12,-1.196e-06,-0.00032844,1,2.4812e-07,1.275e-07,2.4812e-07,6.4e-08
-8.4019e-12,-1.1543e-06,-0.00032844,1,2.4837e-07,1.275e-07,2.4837e-07,6.4e-08
-9.6319e-12,-1.1126e-06,-0.00032845,1,2.4863e-07,1.275e-07,2.4863e-07,6.4e-08
-1.0862e-11,-1.071e-06,-0.00032845,1,2.4888e-07,1.275e-07,2.4888e-07,6.4e-08
-1.1904e-11,-1.0294e-06,-0.00032845,1,2.4914e-07,1.275e-07,2.4914e-07,6.4e-08
-1.2779e-11,-9.8787e-07,-0.00032846,1,2.4939e-07,1.275e-07,2.4939e-07,6.4e-08
-1.3654e-11,-9.4636e-07,-0.00032846,1,2.4965e-07,1.275e-07,2.4965e-07,6.4e-08
-1.4529e-11,-9.0484e-07,-0.00032846,1,2.499e-07,1.275e-07,2.499e-07,6.4e-08
-1.5172e-11,-8.6341e-07,-0.00032846,1,2.5016e-07,1.275e-07,2.5016e-07,6.4e-08
-1.5666e-11,-8.2203e-07,-0.00032847,1,2.5041e-07,1.275e-07,2.5041e-07,6.4e-08
-1.616e-11,-7.8065e-07,-0.00032847,1,2.5067e-07,1.275e-07,2.5067e-07,6.4e-08
-1.6654e-11,-7.3927e-07,-0.00032847,1,2.5092e-07,1.275e-07,2.5092e-07,6.4e-08
-1.6768e-11,-6.9797e-07,-0.00032847,1,2.5118e-07,1.275e-07,2.5118e-07,6.4e-08
-1.6709e-11,-6.567e-07,-0.00032848,1,2.5143e-07,1.275e-07,2.5143e-07,6.4e-08
-1.6649e-11,-6.1543e-07,-0.00032848,1,2.5169e-07,1.275e-07,2.5169e-07,6.4e-08
-1.659e-11,-5.7416e-07,-0.00032848,1,2.5194e-07,1.275e-07,2.5194e-07,6.4e-08
-1.6367e-11,-5.3295e-07,-0.00032848,1,2.522e-07,1.275e-07,2.522e-07,6.4e-08
-1.6093e-11,-4.9177e-07,-0.00032848,1,2.5245e-07,1.275e-07,2.5245e-07,6.4e-08
-1.582e-11,-4.5059e-07,-0.00032848,1,2.5271e-07,1.275e-07,2.5271e-07,6.4e-08
-1.5546e-11,-4.094e-07,-0.00032849,1,2.5296e-07,1.275e-07,2.5296e-07,6.4e-08
-1.5071e-11,-3.6827e-07,-0.00032849,1,2.5322e-07,1.275e-07,2.5322e-07,6.4e-08
-1.4559e-11,-3.2715e-07,-0.00032849,1,2.5347e-07,1.275e-07,2.5347e-07,6.4e-08
-1.4046e-11,-2.8602e-07,-0.00032849,1,2.5373e-07,1.275e-07,2.5373e-07,6.4e-08
-1.3534e-11,-2.449e-07,-0.00032849,1,2.5398e-07,1.275e-07,2.5398e-07,6.4e-08
-1.3337e-11,-2.0381e-07,-0.00032849,1,2.5424e-07,1.275e-07,2.5424e-07,6.4e-08
-1.3167e-11,-1.6273e-07,-0.00032849,1,2.5449e-07,1.275e-07,2.5449e-07,6.4e-08
-1.2996e-11,-1.2165e-07,-0.00032849,1,2.5475e-07,1.275e-07,2.5475e-07,6.4e-08
-1.2826e-11,-8.0561e-08,-0.00032849,1,2.55e-07,1.275e-07,2.55e-07,6.4e-08
