"B_demag.region2_zrange0_:0","B_demag.region2_zrange0_:1","B_demag.region2_zrange0_:2","vtkValidPointMask","arc_length","Points:0","Points:1","Points:2"
-9.4363e-06,4.1993e-06,0.012625,1,0,0,1.19e-07,0
-1.7689e-05,4.1995e-06,0.012624,1,2.38e-10,2.38e-10,1.19e-07,0
-2.5942e-05,4.1996e-06,0.012624,1,4.76e-10,4.76e-10,1.19e-07,0
-3.4195e-05,4.1998e-06,0.012624,1,7.14e-10,7.14e-10,1.19e-07,0
-4.2449e-05,4.2e-06,0.012624,1,9.52e-10,9.52e-10,1.19e-07,0
-5.0702e-05,4.2001e-06,0.012623,1,1.19e-09,1.19e-09,1.19e-07,0
-5.8955e-05,4.2003e-06,0.012623,1,1.428e-09,1.428e-09,1.19e-07,0
-6.7208e-05,4.2004e-06,0.012623,1,1.666e-09,1.666e-09,1.19e-07,0
-7.5461e-05,4.2006e-06,0.012623,1,1.904e-09,1.904e-09,1.19e-07,0
-8.3701e-05,4.201e-06,0.012622,1,2.142e-09,2.142e-09,1.19e-07,0
-9.1933e-05,4.2015e-06,0.012621,1,2.38e-09,2.38e-09,1.19e-07,0
-0.00010017,4.2021e-06,0.012621,1,2.618e-09,2.618e-09,1.19e-07,0
-0.0001084,4.2026e-06,0.01262,1,2.856e-09,2.856e-09,1.19e-07,0
-0.00011663,4.2031e-06,0.012619,1,3.094e-09,3.094e-09,1.19e-07,0
-0.00012486,4.2036e-06,0.012618,1,3.332e-09,3.332e-09,1.19e-07,0
-0.00013309,4.2042e-06,0.012618,1,3.57e-09,3.57e-09,1.19e-07,0
-0.00014133,4.2047e-06,0.012617,1,3.808e-09,3.808e-09,1.19e-07,0
-0.00014955,4.2053e-06,0.012616,1,4.046e-09,4.046e-09,1.19e-07,0
-0.00015774,4.2062e-06,0.012615,1,4.284e-09,4.284e-09,1.19e-07,0
-0.00016593,4.2071e-06,0.012614,1,4.522e-09,4.522e-09,1.19e-07,0
-0.00017412,4.208e-06,0.012612,1,4.76e-09,4.76e-09,1.19e-07,0
-0.00018231,4.2089e-06,0.012611,1,4.998e-09,4.998e-09,1.19e-07,0
-0.0001905,4.2098e-06,0.01261,1,5.236e-09,5.236e-09,1.19e-07,0
-0.00019869,4.2107e-06,0.012609,1,5.474e-09,5.474e-09,1.19e-07,0
-0.00020688,4.2115e-06,0.012607,1,5.712e-09,5.712e-09,1.19e-07,0
-0.00021507,4.2124e-06,0.012606,1,5.95e-09,5.95e-09,1.19e-07,0
-0.00022321,4.2136e-06,0.012605,1,6.188e-09,6.188e-09,1.19e-07,0
-0.00023134,4.2149e-06,0.012603,1,6.426e-09,6.426e-09,1.19e-07,0
-0.00023947,4.2161e-06,0.012601,1,6.664e-09,6.664e-09,1.19e-07,0
-0.0002476,4.2174e-06,0.012599,1,6.902e-09,6.902e-09,1.19e-07,0
-0.00025572,4.2186e-06,0.012598,1,7.14e-09,7.14e-09,1.19e-07,0
-0.00026385,4.2199e-06,0.012596,1,7.378e-09,7.378e-09,1.19e-07,0
-0.00027198,4.2211e-06,0.012594,1,7.616e-09,7.616e-09,1.19e-07,0
-0.00028011,4.2224e-06,0.012592,1,7.854e-09,7.854e-09,1.19e-07,0
-0.0002882,4.2238e-06,0.01259,1,8.092e-09,8.092e-09,1.19e-07,0
-0.00029625,4.2254e-06,0.012588,1,8.33e-09,8.33e-09,1.19e-07,0
-0.00030429,4.227e-06,0.012586,1,8.568e-09,8.568e-09,1.19e-07,0
-0.00031233,4.2286e-06,0.012584,1,8.806e-09,8.806e-09,1.19e-07,0
-0.00032038,4.2302e-06,0.012582,1,9.044e-09,9.044e-09,1.19e-07,0
-0.00032842,4.2318e-06,0.012579,1,9.282e-09,9.282e-09,1.19e-07,0
-0.00033647,4.2334e-06,0.012577,1,9.52e-09,9.52e-09,1.19e-07,0
-0.00034451,4.235e-06,0.012575,1,9.758e-09,9.758e-09,1.19e-07,0
-0.00035256,4.2366e-06,0.012573,1,9.996e-09,9.996e-09,1.19e-07,0
-0.0003605,4.2386e-06,0.01257,1,1.0234e-08,1.0234e-08,1.19e-07,0
-0.00036844,4.2405e-06,0.012567,1,1.0472e-08,1.0472e-08,1.19e-07,0
-0.00037638,4.2425e-06,0.012565,1,1.071e-08,1.071e-08,1.19e-07,0
-0.00038432,4.2444e-06,0.012562,1,1.0948e-08,1.0948e-08,1.19e-07,0
-0.00039226,4.2464e-06,0.012559,1,1.1186e-08,1.1186e-08,1.19e-07,0
-0.0004002,4.2483e-06,0.012557,1,1.1424e-08,1.1424e-08,1.19e-07,0
-0.00040814,4.2503e-06,0.012554,1,1.1662e-08,1.1662e-08,1.19e-07,0
-0.00041608,4.2523e-06,0.012551,1,1.19e-08,1.19e-08,1.19e-07,0
-0.00042395,4.2544e-06,0.012548,1,1.2138e-08,1.2138e-08,1.19e-07,0
-0.00043176,4.2567e-06,0.012545,1,1.2376e-08,1.2376e-08,1.19e-07,0
-0.00043958,4.259e-06,0.012542,1,1.2614e-08,1.2614e-08,1.19e-07,0
-0.00044739,4.2613e-06,0.012539,1,1.2852e-08,1.2852e-08,1.19e-07,0
-0.00045521,4.2636e-06,0.012535,1,1.309e-08,1.309e-08,1.19e-07,0
-0.00046302,4.2659e-06,0.012532,1,1.3328e-08,1.3328e-08,1.19e-07,0
-0.00047084,4.2682e-06,0.012529,1,1.3566e-08,1.3566e-08,1.19e-07,0
-0.00047865,4.2706e-06,0.012526,1,1.3804e-08,1.3804e-08,1.19e-07,0
-0.00048644,4.2729e-06,0.012523,1,1.4042e-08,1.4042e-08,1.19e-07,0
-0.00049411,4.2756e-06,0.012519,1,1.428e-08,1.428e-08,1.19e-07,0
-0.00050178,4.2782e-06,0.012515,1,1.4518e-08,1.4518e-08,1.19e-07,0
-0.00050945,4.2809e-06,0.012512,1,1.4756e-08,1.4756e-08,1.19e-07,0
-0.00051712,4.2835e-06,0.012508,1,1.4994e-08,1.4994e-08,1.19e-07,0
-0.00052479,4.2862e-06,0.012504,1,1.5232e-08,1.5232e-08,1.19e-07,0
-0.00053246,4.2888e-06,0.012501,1,1.547e-08,1.547e-08,1.19e-07,0
-0.00054013,4.2914e-06,0.012497,1,1.5708e-08,1.5708e-08,1.19e-07,0
-0.0005478,4.2941e-06,0.012494,1,1.5946e-08,1.5946e-08,1.19e-07,0
-0.00055535,4.297e-06,0.01249,1,1.6184e-08,1.6184e-08,1.19e-07,0
-0.00056285,4.3e-06,0.012485,1,1.6422e-08,1.6422e-08,1.19e-07,0
-0.00057035,4.303e-06,0.012481,1,1.666e-08,1.666e-08,1.19e-07,0
-0.00057786,4.306e-06,0.012477,1,1.6898e-08,1.6898e-08,1.19e-07,0
-0.00058536,4.3089e-06,0.012473,1,1.7136e-08,1.7136e-08,1.19e-07,0
-0.00059287,4.3119e-06,0.012469,1,1.7374e-08,1.7374e-08,1.19e-07,0
-0.00060037,4.3149e-06,0.012465,1,1.7612e-08,1.7612e-08,1.19e-07,0
-0.00060788,4.3179e-06,0.012461,1,1.785e-08,1.785e-08,1.19e-07,0
-0.00061531,4.321e-06,0.012456,1,1.8088e-08,1.8088e-08,1.19e-07,0
-0.00062263,4.3243e-06,0.012452,1,1.8326e-08,1.8326e-08,1.19e-07,0
-0.00062995,4.3276e-06,0.012447,1,1.8564e-08,1.8564e-08,1.19e-07,0
-0.00063727,4.3309e-06,0.012443,1,1.8802e-08,1.8802e-08,1.19e-07,0
-0.00064459,4.3343e-06,0.012438,1,1.904e-08,1.904e-08,1.19e-07,0
-0.00065191,4.3376e-06,0.012434,1,1.9278e-08,1.9278e-08,1.19e-07,0
-0.00065923,4.3409e-06,0.012429,1,1.9516e-08,1.9516e-08,1.19e-07,0
-0.00066655,4.3442e-06,0.012424,1,1.9754e-08,1.9754e-08,1.19e-07,0
-0.00067387,4.3475e-06,0.01242,1,1.9992e-08,1.9992e-08,1.19e-07,0
-0.00068099,4.3512e-06,0.012415,1,2.023e-08,2.023e-08,1.19e-07,0
-0.0006881,4.3548e-06,0.01241,1,2.0468e-08,2.0468e-08,1.19e-07,0
-0.00069522,4.3584e-06,0.012405,1,2.0706e-08,2.0706e-08,1.19e-07,0
-0.00070233,4.3621e-06,0.0124,1,2.0944e-08,2.0944e-08,1.19e-07,0
-0.00070944,4.3657e-06,0.012395,1,2.1182e-08,2.1182e-08,1.19e-07,0
-0.00071656,4.3694e-06,0.01239,1,2.142e-08,2.142e-08,1.19e-07,0
-0.00072367,4.373e-06,0.012385,1,2.1658e-08,2.1658e-08,1.19e-07,0
-0.00073078,4.3766e-06,0.01238,1,2.1896e-08,2.1896e-08,1.19e-07,0
-0.00073777,4.3805e-06,0.012375,1,2.2134e-08,2.2134e-08,1.19e-07,0
-0.00074466,4.3844e-06,0.012369,1,2.2372e-08,2.2372e-08,1.19e-07,0
-0.00075155,4.3884e-06,0.012364,1,2.261e-08,2.261e-08,1.19e-07,0
-0.00075844,4.3924e-06,0.012358,1,2.2848e-08,2.2848e-08,1.19e-07,0
-0.00076532,4.3963e-06,0.012353,1,2.3086e-08,2.3086e-08,1.19e-07,0
-0.00077221,4.4003e-06,0.012347,1,2.3324e-08,2.3324e-08,1.19e-07,0
-0.0007791,4.4042e-06,0.012342,1,2.3562e-08,2.3562e-08,1.19e-07,0
-0.00078599,4.4082e-06,0.012336,1,2.38e-08,2.38e-08,1.19e-07,0
-0.00079284,4.4122e-06,0.012331,1,2.4038e-08,2.4038e-08,1.19e-07,0
-0.00079948,4.4165e-06,0.012325,1,2.4276e-08,2.4276e-08,1.19e-07,0
-0.00080613,4.4208e-06,0.012319,1,2.4514e-08,2.4514e-08,1.19e-07,0
-0.00081277,4.425e-06,0.012313,1,2.4752e-08,2.4752e-08,1.19e-07,0
-0.00081942,4.4293e-06,0.012307,1,2.499e-08,2.499e-08,1.19e-07,0
-0.00082606,4.4336e-06,0.012301,1,2.5228e-08,2.5228e-08,1.19e-07,0
-0.0008327,4.4379e-06,0.012296,1,2.5466e-08,2.5466e-08,1.19e-07,0
-0.00083935,4.4421e-06,0.01229,1,2.5704e-08,2.5704e-08,1.19e-07,0
-0.00084599,4.4464e-06,0.012284,1,2.5942e-08,2.5942e-08,1.19e-07,0
-0.00085244,4.4509e-06,0.012278,1,2.618e-08,2.618e-08,1.19e-07,0
-0.00085882,4.4555e-06,0.012271,1,2.6418e-08,2.6418e-08,1.19e-07,0
-0.0008652,4.4601e-06,0.012265,1,2.6656e-08,2.6656e-08,1.19e-07,0
-0.00087158,4.4646e-06,0.012259,1,2.6894e-08,2.6894e-08,1.19e-07,0
-0.00087796,4.4692e-06,0.012253,1,2.7132e-08,2.7132e-08,1.19e-07,0
-0.00088434,4.4738e-06,0.012246,1,2.737e-08,2.737e-08,1.19e-07,0
-0.00089072,4.4784e-06,0.01224,1,2.7608e-08,2.7608e-08,1.19e-07,0
-0.0008971,4.4829e-06,0.012234,1,2.7846e-08,2.7846e-08,1.19e-07,0
-0.00090338,4.4876e-06,0.012227,1,2.8084e-08,2.8084e-08,1.19e-07,0
-0.00090948,4.4925e-06,0.012221,1,2.8322e-08,2.8322e-08,1.19e-07,0
-0.00091558,4.4974e-06,0.012214,1,2.856e-08,2.856e-08,1.19e-07,0
-0.00092168,4.5022e-06,0.012207,1,2.8798e-08,2.8798e-08,1.19e-07,0
-0.00092777,4.5071e-06,0.0122,1,2.9036e-08,2.9036e-08,1.19e-07,0
-0.00093387,4.512e-06,0.012194,1,2.9274e-08,2.9274e-08,1.19e-07,0
-0.00093997,4.5168e-06,0.012187,1,2.9512e-08,2.9512e-08,1.19e-07,0
-0.00094607,4.5217e-06,0.01218,1,2.975e-08,2.975e-08,1.19e-07,0
-0.00095217,4.5266e-06,0.012174,1,2.9988e-08,2.9988e-08,1.19e-07,0
-0.00095798,4.5317e-06,0.012167,1,3.0226e-08,3.0226e-08,1.19e-07,0
-0.00096378,4.5368e-06,0.01216,1,3.0464e-08,3.0464e-08,1.19e-07,0
-0.00096958,4.542e-06,0.012152,1,3.0702e-08,3.0702e-08,1.19e-07,0
-0.00097537,4.5471e-06,0.012145,1,3.094e-08,3.094e-08,1.19e-07,0
-0.00098117,4.5523e-06,0.012138,1,3.1178e-08,3.1178e-08,1.19e-07,0
-0.00098697,4.5574e-06,0.012131,1,3.1416e-08,3.1416e-08,1.19e-07,0
-0.00099277,4.5626e-06,0.012124,1,3.1654e-08,3.1654e-08,1.19e-07,0
-0.00099856,4.5677e-06,0.012117,1,3.1892e-08,3.1892e-08,1.19e-07,0
-0.0010042,4.573e-06,0.01211,1,3.213e-08,3.213e-08,1.19e-07,0
-0.0010097,4.5785e-06,0.012102,1,3.2368e-08,3.2368e-08,1.19e-07,0
-0.0010151,4.5839e-06,0.012095,1,3.2606e-08,3.2606e-08,1.19e-07,0
-0.0010206,4.5893e-06,0.012087,1,3.2844e-08,3.2844e-08,1.19e-07,0
-0.0010261,4.5947e-06,0.01208,1,3.3082e-08,3.3082e-08,1.19e-07,0
-0.0010316,4.6001e-06,0.012073,1,3.332e-08,3.332e-08,1.19e-07,0
-0.0010371,4.6055e-06,0.012065,1,3.3558e-08,3.3558e-08,1.19e-07,0
-0.0010425,4.611e-06,0.012058,1,3.3796e-08,3.3796e-08,1.19e-07,0
-0.001048,4.6164e-06,0.01205,1,3.4034e-08,3.4034e-08,1.19e-07,0
-0.0010531,4.6221e-06,0.012042,1,3.4272e-08,3.4272e-08,1.19e-07,0
-0.0010583,4.6277e-06,0.012035,1,3.451e-08,3.451e-08,1.19e-07,0
-0.0010634,4.6334e-06,0.012027,1,3.4748e-08,3.4748e-08,1.19e-07,0
-0.0010685,4.6391e-06,0.012019,1,3.4986e-08,3.4986e-08,1.19e-07,0
-0.0010737,4.6448e-06,0.012011,1,3.5224e-08,3.5224e-08,1.19e-07,0
-0.0010788,4.6504e-06,0.012003,1,3.5462e-08,3.5462e-08,1.19e-07,0
-0.001084,4.6561e-06,0.011996,1,3.57e-08,3.57e-08,1.19e-07,0
-0.0010891,4.6618e-06,0.011988,1,3.5938e-08,3.5938e-08,1.19e-07,0
-0.001094,4.6676e-06,0.01198,1,3.6176e-08,3.6176e-08,1.19e-07,0
-0.0010988,4.6735e-06,0.011972,1,3.6414e-08,3.6414e-08,1.19e-07,0
-0.0011036,4.6795e-06,0.011963,1,3.6652e-08,3.6652e-08,1.19e-07,0
-0.0011084,4.6854e-06,0.011955,1,3.689e-08,3.689e-08,1.19e-07,0
-0.0011132,4.6913e-06,0.011947,1,3.7128e-08,3.7128e-08,1.19e-07,0
-0.001118,4.6972e-06,0.011939,1,3.7366e-08,3.7366e-08,1.19e-07,0
-0.0011228,4.7031e-06,0.011931,1,3.7604e-08,3.7604e-08,1.19e-07,0
-0.0011275,4.709e-06,0.011923,1,3.7842e-08,3.7842e-08,1.19e-07,0
-0.0011322,4.715e-06,0.011914,1,3.808e-08,3.808e-08,1.19e-07,0
-0.0011366,4.7212e-06,0.011906,1,3.8318e-08,3.8318e-08,1.19e-07,0
-0.0011411,4.7273e-06,0.011897,1,3.8556e-08,3.8556e-08,1.19e-07,0
-0.0011455,4.7335e-06,0.011889,1,3.8794e-08,3.8794e-08,1.19e-07,0
-0.0011499,4.7396e-06,0.011881,1,3.9032e-08,3.9032e-08,1.19e-07,0
-0.0011543,4.7457e-06,0.011872,1,3.927e-08,3.927e-08,1.19e-07,0
-0.0011587,4.7519e-06,0.011864,1,3.9508e-08,3.9508e-08,1.19e-07,0
-0.0011632,4.758e-06,0.011855,1,3.9746e-08,3.9746e-08,1.19e-07,0
-0.0011676,4.7642e-06,0.011847,1,3.9984e-08,3.9984e-08,1.19e-07,0
-0.0011717,4.7705e-06,0.011838,1,4.0222e-08,4.0222e-08,1.19e-07,0
-0.0011757,4.7769e-06,0.011829,1,4.046e-08,4.046e-08,1.19e-07,0
-0.0011797,4.7833e-06,0.01182,1,4.0698e-08,4.0698e-08,1.19e-07,0
-0.0011838,4.7896e-06,0.011812,1,4.0936e-08,4.0936e-08,1.19e-07,0
-0.0011878,4.796e-06,0.011803,1,4.1174e-08,4.1174e-08,1.19e-07,0
-0.0011918,4.8023e-06,0.011794,1,4.1412e-08,4.1412e-08,1.19e-07,0
-0.0011959,4.8087e-06,0.011785,1,4.165e-08,4.165e-08,1.19e-07,0
-0.0011999,4.8151e-06,0.011777,1,4.1888e-08,4.1888e-08,1.19e-07,0
-0.0012037,4.8215e-06,0.011768,1,4.2126e-08,4.2126e-08,1.19e-07,0
-0.0012074,4.8281e-06,0.011759,1,4.2364e-08,4.2364e-08,1.19e-07,0
-0.001211,4.8347e-06,0.01175,1,4.2602e-08,4.2602e-08,1.19e-07,0
-0.0012147,4.8412e-06,0.01174,1,4.284e-08,4.284e-08,1.19e-07,0
-0.0012183,4.8478e-06,0.011731,1,4.3078e-08,4.3078e-08,1.19e-07,0
-0.0012219,4.8544e-06,0.011722,1,4.3316e-08,4.3316e-08,1.19e-07,0
-0.0012256,4.8609e-06,0.011713,1,4.3554e-08,4.3554e-08,1.19e-07,0
-0.0012292,4.8675e-06,0.011704,1,4.3792e-08,4.3792e-08,1.19e-07,0
-0.0012328,4.8741e-06,0.011695,1,4.403e-08,4.403e-08,1.19e-07,0
-0.001236,4.8808e-06,0.011686,1,4.4268e-08,4.4268e-08,1.19e-07,0
-0.0012393,4.8876e-06,0.011677,1,4.4506e-08,4.4506e-08,1.19e-07,0
-0.0012425,4.8943e-06,0.011667,1,4.4744e-08,4.4744e-08,1.19e-07,0
-0.0012457,4.9011e-06,0.011658,1,4.4982e-08,4.4982e-08,1.19e-07,0
-0.0012489,4.9078e-06,0.011649,1,4.522e-08,4.522e-08,1.19e-07,0
-0.0012522,4.9146e-06,0.011639,1,4.5458e-08,4.5458e-08,1.19e-07,0
-0.0012554,4.9214e-06,0.01163,1,4.5696e-08,4.5696e-08,1.19e-07,0
-0.0012586,4.9281e-06,0.011621,1,4.5934e-08,4.5934e-08,1.19e-07,0
-0.0012615,4.935e-06,0.011611,1,4.6172e-08,4.6172e-08,1.19e-07,0
-0.0012643,4.9419e-06,0.011602,1,4.641e-08,4.641e-08,1.19e-07,0
-0.0012671,4.9489e-06,0.011592,1,4.6648e-08,4.6648e-08,1.19e-07,0
-0.0012699,4.9558e-06,0.011582,1,4.6886e-08,4.6886e-08,1.19e-07,0
-0.0012727,4.9627e-06,0.011573,1,4.7124e-08,4.7124e-08,1.19e-07,0
-0.0012755,4.9696e-06,0.011563,1,4.7362e-08,4.7362e-08,1.19e-07,0
-0.0012783,4.9766e-06,0.011554,1,4.76e-08,4.76e-08,1.19e-07,0
-0.0012811,4.9835e-06,0.011544,1,4.7838e-08,4.7838e-08,1.19e-07,0
-0.0012838,4.9905e-06,0.011535,1,4.8076e-08,4.8076e-08,1.19e-07,0
-0.0012862,4.9976e-06,0.011525,1,4.8314e-08,4.8314e-08,1.19e-07,0
-0.0012885,5.0047e-06,0.011515,1,4.8552e-08,4.8552e-08,1.19e-07,0
-0.0012909,5.0118e-06,0.011505,1,4.879e-08,4.879e-08,1.19e-07,0
-0.0012932,5.0189e-06,0.011495,1,4.9028e-08,4.9028e-08,1.19e-07,0
-0.0012956,5.0259e-06,0.011486,1,4.9266e-08,4.9266e-08,1.19e-07,0
-0.001298,5.033e-06,0.011476,1,4.9504e-08,4.9504e-08,1.19e-07,0
-0.0013003,5.0401e-06,0.011466,1,4.9742e-08,4.9742e-08,1.19e-07,0
-0.0013027,5.0472e-06,0.011456,1,4.998e-08,4.998e-08,1.19e-07,0
-0.0013046,5.0544e-06,0.011446,1,5.0218e-08,5.0218e-08,1.19e-07,0
-0.0013065,5.0617e-06,0.011436,1,5.0456e-08,5.0456e-08,1.19e-07,0
-0.0013085,5.0689e-06,0.011426,1,5.0694e-08,5.0694e-08,1.19e-07,0
-0.0013104,5.0762e-06,0.011416,1,5.0932e-08,5.0932e-08,1.19e-07,0
-0.0013123,5.0834e-06,0.011406,1,5.117e-08,5.117e-08,1.19e-07,0
-0.0013142,5.0906e-06,0.011396,1,5.1408e-08,5.1408e-08,1.19e-07,0
-0.0013161,5.0979e-06,0.011386,1,5.1646e-08,5.1646e-08,1.19e-07,0
-0.001318,5.1051e-06,0.011376,1,5.1884e-08,5.1884e-08,1.19e-07,0
-0.0013197,5.1124e-06,0.011366,1,5.2122e-08,5.2122e-08,1.19e-07,0
-0.0013211,5.1198e-06,0.011356,1,5.236e-08,5.236e-08,1.19e-07,0
-0.0013226,5.1271e-06,0.011346,1,5.2598e-08,5.2598e-08,1.19e-07,0
-0.001324,5.1345e-06,0.011336,1,5.2836e-08,5.2836e-08,1.19e-07,0
-0.0013255,5.1419e-06,0.011326,1,5.3074e-08,5.3074e-08,1.19e-07,0
-0.001327,5.1492e-06,0.011315,1,5.3312e-08,5.3312e-08,1.19e-07,0
-0.0013284,5.1566e-06,0.011305,1,5.355e-08,5.355e-08,1.19e-07,0
-0.0013299,5.1639e-06,0.011295,1,5.3788e-08,5.3788e-08,1.19e-07,0
-0.0013313,5.1713e-06,0.011285,1,5.4026e-08,5.4026e-08,1.19e-07,0
-0.0013322,5.1788e-06,0.011275,1,5.4264e-08,5.4264e-08,1.19e-07,0
-0.0013332,5.1863e-06,0.011264,1,5.4502e-08,5.4502e-08,1.19e-07,0
-0.0013342,5.1938e-06,0.011254,1,5.474e-08,5.474e-08,1.19e-07,0
-0.0013352,5.2012e-06,0.011244,1,5.4978e-08,5.4978e-08,1.19e-07,0
-0.0013362,5.2087e-06,0.011233,1,5.5216e-08,5.5216e-08,1.19e-07,0
-0.0013372,5.2162e-06,0.011223,1,5.5454e-08,5.5454e-08,1.19e-07,0
-0.0013382,5.2237e-06,0.011213,1,5.5692e-08,5.5692e-08,1.19e-07,0
-0.0013391,5.2312e-06,0.011202,1,5.593e-08,5.593e-08,1.19e-07,0
-0.0013398,5.2387e-06,0.011192,1,5.6168e-08,5.6168e-08,1.19e-07,0
-0.0013403,5.2463e-06,0.011181,1,5.6406e-08,5.6406e-08,1.19e-07,0
-0.0013408,5.2539e-06,0.011171,1,5.6644e-08,5.6644e-08,1.19e-07,0
-0.0013413,5.2614e-06,0.01116,1,5.6882e-08,5.6882e-08,1.19e-07,0
-0.0013418,5.269e-06,0.01115,1,5.712e-08,5.712e-08,1.19e-07,0
-0.0013424,5.2766e-06,0.011139,1,5.7358e-08,5.7358e-08,1.19e-07,0
-0.0013429,5.2842e-06,0.011129,1,5.7596e-08,5.7596e-08,1.19e-07,0
-0.0013434,5.2918e-06,0.011118,1,5.7834e-08,5.7834e-08,1.19e-07,0
-0.0013437,5.2994e-06,0.011108,1,5.8072e-08,5.8072e-08,1.19e-07,0
-0.0013438,5.307e-06,0.011097,1,5.831e-08,5.831e-08,1.19e-07,0
-0.0013438,5.3147e-06,0.011087,1,5.8548e-08,5.8548e-08,1.19e-07,0
-0.0013439,5.3224e-06,0.011076,1,5.8786e-08,5.8786e-08,1.19e-07,0
-0.0013439,5.33e-06,0.011066,1,5.9024e-08,5.9024e-08,1.19e-07,0
-0.0013439,5.3377e-06,0.011055,1,5.9262e-08,5.9262e-08,1.19e-07,0
-0.001344,5.3454e-06,0.011044,1,5.95e-08,5.95e-08,1.19e-07,0
-0.001344,5.353e-06,0.011034,1,5.9738e-08,5.9738e-08,1.19e-07,0
-0.001344,5.3607e-06,0.011023,1,5.9976e-08,5.9976e-08,1.19e-07,0
-0.0013436,5.3684e-06,0.011012,1,6.0214e-08,6.0214e-08,1.19e-07,0
-0.0013432,5.3762e-06,0.011002,1,6.0452e-08,6.0452e-08,1.19e-07,0
-0.0013427,5.3839e-06,0.010991,1,6.069e-08,6.069e-08,1.19e-07,0
-0.0013423,5.3917e-06,0.01098,1,6.0928e-08,6.0928e-08,1.19e-07,0
-0.0013419,5.3994e-06,0.01097,1,6.1166e-08,6.1166e-08,1.19e-07,0
-0.0013414,5.4071e-06,0.010959,1,6.1404e-08,6.1404e-08,1.19e-07,0
-0.001341,5.4149e-06,0.010948,1,6.1642e-08,6.1642e-08,1.19e-07,0
-0.0013405,5.4226e-06,0.010938,1,6.188e-08,6.188e-08,1.19e-07,0
-0.0013399,5.4304e-06,0.010927,1,6.2118e-08,6.2118e-08,1.19e-07,0
-0.0013389,5.4382e-06,0.010916,1,6.2356e-08,6.2356e-08,1.19e-07,0
-0.001338,5.446e-06,0.010905,1,6.2594e-08,6.2594e-08,1.19e-07,0
-0.0013371,5.4538e-06,0.010895,1,6.2832e-08,6.2832e-08,1.19e-07,0
-0.0013362,5.4616e-06,0.010884,1,6.307e-08,6.307e-08,1.19e-07,0
-0.0013353,5.4694e-06,0.010873,1,6.3308e-08,6.3308e-08,1.19e-07,0
-0.0013343,5.4772e-06,0.010862,1,6.3546e-08,6.3546e-08,1.19e-07,0
-0.0013334,5.485e-06,0.010851,1,6.3784e-08,6.3784e-08,1.19e-07,0
-0.0013325,5.4928e-06,0.010841,1,6.4022e-08,6.4022e-08,1.19e-07,0
-0.0013311,5.5007e-06,0.01083,1,6.426e-08,6.426e-08,1.19e-07,0
-0.0013297,5.5086e-06,0.010819,1,6.4498e-08,6.4498e-08,1.19e-07,0
-0.0013283,5.5164e-06,0.010808,1,6.4736e-08,6.4736e-08,1.19e-07,0
-0.0013269,5.5243e-06,0.010797,1,6.4974e-08,6.4974e-08,1.19e-07,0
-0.0013256,5.5322e-06,0.010786,1,6.5212e-08,6.5212e-08,1.19e-07,0
-0.0013242,5.54e-06,0.010776,1,6.545e-08,6.545e-08,1.19e-07,0
-0.0013228,5.5479e-06,0.010765,1,6.5688e-08,6.5688e-08,1.19e-07,0
-0.0013214,5.5558e-06,0.010754,1,6.5926e-08,6.5926e-08,1.19e-07,0
-0.0013197,5.5637e-06,0.010743,1,6.6164e-08,6.6164e-08,1.19e-07,0
-0.0013179,5.5716e-06,0.010732,1,6.6402e-08,6.6402e-08,1.19e-07,0
-0.0013161,5.5795e-06,0.010721,1,6.664e-08,6.664e-08,1.19e-07,0
-0.0013142,5.5874e-06,0.01071,1,6.6878e-08,6.6878e-08,1.19e-07,0
-0.0013124,5.5953e-06,0.010699,1,6.7116e-08,6.7116e-08,1.19e-07,0
-0.0013106,5.6032e-06,0.010689,1,6.7354e-08,6.7354e-08,1.19e-07,0
-0.0013088,5.6111e-06,0.010678,1,6.7592e-08,6.7592e-08,1.19e-07,0
-0.0013069,5.619e-06,0.010667,1,6.783e-08,6.783e-08,1.19e-07,0
-0.001305,5.627e-06,0.010656,1,6.8068e-08,6.8068e-08,1.19e-07,0
-0.0013027,5.6349e-06,0.010645,1,6.8306e-08,6.8306e-08,1.19e-07,0
-0.0013005,5.6429e-06,0.010634,1,6.8544e-08,6.8544e-08,1.19e-07,0
-0.0012982,5.6508e-06,0.010623,1,6.8782e-08,6.8782e-08,1.19e-07,0
-0.001296,5.6588e-06,0.010612,1,6.902e-08,6.902e-08,1.19e-07,0
-0.0012937,5.6667e-06,0.010601,1,6.9258e-08,6.9258e-08,1.19e-07,0
-0.0012915,5.6747e-06,0.01059,1,6.9496e-08,6.9496e-08,1.19e-07,0
-0.0012892,5.6826e-06,0.010579,1,6.9734e-08,6.9734e-08,1.19e-07,0
-0.0012869,5.6906e-06,0.010569,1,6.9972e-08,6.9972e-08,1.19e-07,0
-0.0012843,5.6986e-06,0.010558,1,7.021e-08,7.021e-08,1.19e-07,0
-0.0012817,5.7065e-06,0.010547,1,7.0448e-08,7.0448e-08,1.19e-07,0
-0.0012791,5.7145e-06,0.010536,1,7.0686e-08,7.0686e-08,1.19e-07,0
-0.0012764,5.7225e-06,0.010525,1,7.0924e-08,7.0924e-08,1.19e-07,0
-0.0012738,5.7304e-06,0.010514,1,7.1162e-08,7.1162e-08,1.19e-07,0
-0.0012711,5.7384e-06,0.010503,1,7.14e-08,7.14e-08,1.19e-07,0
-0.0012685,5.7464e-06,0.010492,1,7.1638e-08,7.1638e-08,1.19e-07,0
-0.0012658,5.7543e-06,0.010481,1,7.1876e-08,7.1876e-08,1.19e-07,0
-0.001263,5.7623e-06,0.010471,1,7.2114e-08,7.2114e-08,1.19e-07,0
-0.00126,5.7702e-06,0.01046,1,7.2352e-08,7.2352e-08,1.19e-07,0
-0.001257,5.7782e-06,0.010449,1,7.259e-08,7.259e-08,1.19e-07,0
-0.001254,5.7861e-06,0.010438,1,7.2828e-08,7.2828e-08,1.19e-07,0
-0.001251,5.7941e-06,0.010427,1,7.3066e-08,7.3066e-08,1.19e-07,0
-0.001248,5.802e-06,0.010416,1,7.3304e-08,7.3304e-08,1.19e-07,0
-0.0012449,5.81e-06,0.010405,1,7.3542e-08,7.3542e-08,1.19e-07,0
-0.0012419,5.8179e-06,0.010395,1,7.378e-08,7.378e-08,1.19e-07,0
-0.0012389,5.8259e-06,0.010384,1,7.4018e-08,7.4018e-08,1.19e-07,0
-0.0012356,5.8337e-06,0.010373,1,7.4256e-08,7.4256e-08,1.19e-07,0
-0.0012322,5.8416e-06,0.010362,1,7.4494e-08,7.4494e-08,1.19e-07,0
-0.0012289,5.8495e-06,0.010351,1,7.4732e-08,7.4732e-08,1.19e-07,0
-0.0012255,5.8574e-06,0.010341,1,7.497e-08,7.497e-08,1.19e-07,0
-0.0012222,5.8652e-06,0.01033,1,7.5208e-08,7.5208e-08,1.19e-07,0
-0.0012188,5.8731e-06,0.010319,1,7.5446e-08,7.5446e-08,1.19e-07,0
-0.0012155,5.881e-06,0.010308,1,7.5684e-08,7.5684e-08,1.19e-07,0
-0.0012121,5.8888e-06,0.010298,1,7.5922e-08,7.5922e-08,1.19e-07,0
-0.0012086,5.8966e-06,0.010287,1,7.616e-08,7.616e-08,1.19e-07,0
-0.0012049,5.9044e-06,0.010276,1,7.6398e-08,7.6398e-08,1.19e-07,0
-0.0012013,5.9121e-06,0.010266,1,7.6636e-08,7.6636e-08,1.19e-07,0
-0.0011976,5.9198e-06,0.010255,1,7.6874e-08,7.6874e-08,1.19e-07,0
-0.001194,5.9276e-06,0.010245,1,7.7112e-08,7.7112e-08,1.19e-07,0
-0.0011903,5.9353e-06,0.010234,1,7.735e-08,7.735e-08,1.19e-07,0
-0.0011866,5.943e-06,0.010223,1,7.7588e-08,7.7588e-08,1.19e-07,0
-0.001183,5.9508e-06,0.010213,1,7.7826e-08,7.7826e-08,1.19e-07,0
-0.0011792,5.9585e-06,0.010202,1,7.8064e-08,7.8064e-08,1.19e-07,0
-0.0011753,5.966e-06,0.010192,1,7.8302e-08,7.8302e-08,1.19e-07,0
-0.0011713,5.9736e-06,0.010182,1,7.854e-08,7.854e-08,1.19e-07,0
-0.0011673,5.9811e-06,0.010171,1,7.8778e-08,7.8778e-08,1.19e-07,0
-0.0011634,5.9887e-06,0.010161,1,7.9016e-08,7.9016e-08,1.19e-07,0
-0.0011594,5.9962e-06,0.01015,1,7.9254e-08,7.9254e-08,1.19e-07,0
-0.0011554,6.0038e-06,0.01014,1,7.9492e-08,7.9492e-08,1.19e-07,0
-0.0011515,6.0114e-06,0.01013,1,7.973e-08,7.973e-08,1.19e-07,0
-0.0011475,6.0189e-06,0.010119,1,7.9968e-08,7.9968e-08,1.19e-07,0
-0.0011433,6.0263e-06,0.010109,1,8.0206e-08,8.0206e-08,1.19e-07,0
-0.001139,6.0336e-06,0.010099,1,8.0444e-08,8.0444e-08,1.19e-07,0
-0.0011348,6.0409e-06,0.010089,1,8.0682e-08,8.0682e-08,1.19e-07,0
-0.0011305,6.0483e-06,0.010079,1,8.092e-08,8.092e-08,1.19e-07,0
-0.0011262,6.0556e-06,0.010068,1,8.1158e-08,8.1158e-08,1.19e-07,0
-0.001122,6.0629e-06,0.010058,1,8.1396e-08,8.1396e-08,1.19e-07,0
-0.0011177,6.0703e-06,0.010048,1,8.1634e-08,8.1634e-08,1.19e-07,0
-0.0011134,6.0776e-06,0.010038,1,8.1872e-08,8.1872e-08,1.19e-07,0
-0.001109,6.0848e-06,0.010028,1,8.211e-08,8.211e-08,1.19e-07,0
-0.0011045,6.0919e-06,0.010018,1,8.2348e-08,8.2348e-08,1.19e-07,0
-0.0010999,6.099e-06,0.010008,1,8.2586e-08,8.2586e-08,1.19e-07,0
-0.0010953,6.106e-06,0.0099986,1,8.2824e-08,8.2824e-08,1.19e-07,0
-0.0010908,6.1131e-06,0.0099887,1,8.3062e-08,8.3062e-08,1.19e-07,0
-0.0010862,6.1202e-06,0.0099789,1,8.33e-08,8.33e-08,1.19e-07,0
-0.0010816,6.1273e-06,0.0099691,1,8.3538e-08,8.3538e-08,1.19e-07,0
-0.0010771,6.1343e-06,0.0099592,1,8.3776e-08,8.3776e-08,1.19e-07,0
-0.0010725,6.1414e-06,0.0099494,1,8.4014e-08,8.4014e-08,1.19e-07,0
-0.0010676,6.1482e-06,0.0099399,1,8.4252e-08,8.4252e-08,1.19e-07,0
-0.0010627,6.155e-06,0.0099304,1,8.449e-08,8.449e-08,1.19e-07,0
-0.0010579,6.1618e-06,0.009921,1,8.4728e-08,8.4728e-08,1.19e-07,0
-0.001053,6.1686e-06,0.0099115,1,8.4966e-08,8.4966e-08,1.19e-07,0
-0.0010481,6.1754e-06,0.009902,1,8.5204e-08,8.5204e-08,1.19e-07,0
-0.0010433,6.1822e-06,0.0098925,1,8.5442e-08,8.5442e-08,1.19e-07,0
-0.0010384,6.189e-06,0.009883,1,8.568e-08,8.568e-08,1.19e-07,0
-0.0010335,6.1958e-06,0.0098735,1,8.5918e-08,8.5918e-08,1.19e-07,0
-0.0010284,6.2024e-06,0.0098643,1,8.6156e-08,8.6156e-08,1.19e-07,0
-0.0010233,6.2089e-06,0.0098551,1,8.6394e-08,8.6394e-08,1.19e-07,0
-0.0010181,6.2154e-06,0.009846,1,8.6632e-08,8.6632e-08,1.19e-07,0
-0.0010129,6.2219e-06,0.0098369,1,8.687e-08,8.687e-08,1.19e-07,0
-0.0010077,6.2285e-06,0.0098278,1,8.7108e-08,8.7108e-08,1.19e-07,0
-0.0010026,6.235e-06,0.0098187,1,8.7346e-08,8.7346e-08,1.19e-07,0
-0.0009974,6.2415e-06,0.0098096,1,8.7584e-08,8.7584e-08,1.19e-07,0
-0.00099223,6.248e-06,0.0098005,1,8.7822e-08,8.7822e-08,1.19e-07,0
-0.00098698,6.2544e-06,0.0097915,1,8.806e-08,8.806e-08,1.19e-07,0
-0.0009815,6.2606e-06,0.0097828,1,8.8298e-08,8.8298e-08,1.19e-07,0
-0.00097603,6.2668e-06,0.0097741,1,8.8536e-08,8.8536e-08,1.19e-07,0
-0.00097055,6.273e-06,0.0097654,1,8.8774e-08,8.8774e-08,1.19e-07,0
-0.00096508,6.2791e-06,0.0097567,1,8.9012e-08,8.9012e-08,1.19e-07,0
-0.0009596,6.2853e-06,0.009748,1,8.925e-08,8.925e-08,1.19e-07,0
-0.00095412,6.2915e-06,0.0097393,1,8.9488e-08,8.9488e-08,1.19e-07,0
-0.00094865,6.2977e-06,0.0097306,1,8.9726e-08,8.9726e-08,1.19e-07,0
-0.00094317,6.3039e-06,0.0097219,1,8.9964e-08,8.9964e-08,1.19e-07,0
-0.00093744,6.3098e-06,0.0097135,1,9.0202e-08,9.0202e-08,1.19e-07,0
-0.00093167,6.3157e-06,0.0097053,1,9.044e-08,9.044e-08,1.19e-07,0
-0.00092589,6.3215e-06,0.009697,1,9.0678e-08,9.0678e-08,1.19e-07,0
-0.00092011,6.3274e-06,0.0096888,1,9.0916e-08,9.0916e-08,1.19e-07,0
-0.00091434,6.3332e-06,0.0096805,1,9.1154e-08,9.1154e-08,1.19e-07,0
-0.00090856,6.3391e-06,0.0096722,1,9.1392e-08,9.1392e-08,1.19e-07,0
-0.00090279,6.3449e-06,0.009664,1,9.163e-08,9.163e-08,1.19e-07,0
-0.00089701,6.3508e-06,0.0096557,1,9.1868e-08,9.1868e-08,1.19e-07,0
-0.00089111,6.3565e-06,0.0096476,1,9.2106e-08,9.2106e-08,1.19e-07,0
-0.00088504,6.362e-06,0.0096399,1,9.2344e-08,9.2344e-08,1.19e-07,0
-0.00087897,6.3675e-06,0.0096321,1,9.2582e-08,9.2582e-08,1.19e-07,0
-0.00087291,6.373e-06,0.0096243,1,9.282e-08,9.282e-08,1.19e-07,0
-0.00086684,6.3785e-06,0.0096165,1,9.3058e-08,9.3058e-08,1.19e-07,0
-0.00086077,6.384e-06,0.0096087,1,9.3296e-08,9.3296e-08,1.19e-07,0
-0.0008547,6.3895e-06,0.0096009,1,9.3534e-08,9.3534e-08,1.19e-07,0
-0.00084864,6.395e-06,0.0095931,1,9.3772e-08,9.3772e-08,1.19e-07,0
-0.00084256,6.4005e-06,0.0095853,1,9.401e-08,9.401e-08,1.19e-07,0
-0.00083621,6.4056e-06,0.009578,1,9.4248e-08,9.4248e-08,1.19e-07,0
-0.00082986,6.4108e-06,0.0095707,1,9.4486e-08,9.4486e-08,1.19e-07,0
-0.00082351,6.4159e-06,0.0095634,1,9.4724e-08,9.4724e-08,1.19e-07,0
-0.00081716,6.421e-06,0.009556,1,9.4962e-08,9.4962e-08,1.19e-07,0
-0.0008108,6.4262e-06,0.0095487,1,9.52e-08,9.52e-08,1.19e-07,0
-0.00080445,6.4313e-06,0.0095414,1,9.5438e-08,9.5438e-08,1.19e-07,0
-0.0007981,6.4365e-06,0.0095341,1,9.5676e-08,9.5676e-08,1.19e-07,0
-0.00079175,6.4416e-06,0.0095268,1,9.5914e-08,9.5914e-08,1.19e-07,0
-0.00078523,6.4465e-06,0.0095198,1,9.6152e-08,9.6152e-08,1.19e-07,0
-0.00077861,6.4512e-06,0.009513,1,9.639e-08,9.639e-08,1.19e-07,0
-0.00077199,6.456e-06,0.0095062,1,9.6628e-08,9.6628e-08,1.19e-07,0
-0.00076537,6.4607e-06,0.0094994,1,9.6866e-08,9.6866e-08,1.19e-07,0
-0.00075874,6.4655e-06,0.0094926,1,9.7104e-08,9.7104e-08,1.19e-07,0
-0.00075212,6.4703e-06,0.0094858,1,9.7342e-08,9.7342e-08,1.19e-07,0
-0.0007455,6.475e-06,0.009479,1,9.758e-08,9.758e-08,1.19e-07,0
-0.00073888,6.4798e-06,0.0094722,1,9.7818e-08,9.7818e-08,1.19e-07,0
-0.0007322,6.4844e-06,0.0094655,1,9.8056e-08,9.8056e-08,1.19e-07,0
-0.00072532,6.4888e-06,0.0094593,1,9.8294e-08,9.8294e-08,1.19e-07,0
-0.00071844,6.4931e-06,0.009453,1,9.8532e-08,9.8532e-08,1.19e-07,0
-0.00071157,6.4975e-06,0.0094467,1,9.877e-08,9.877e-08,1.19e-07,0
-0.00070469,6.5018e-06,0.0094404,1,9.9008e-08,9.9008e-08,1.19e-07,0
-0.00069781,6.5062e-06,0.0094342,1,9.9246e-08,9.9246e-08,1.19e-07,0
-0.00069093,6.5106e-06,0.0094279,1,9.9484e-08,9.9484e-08,1.19e-07,0
-0.00068406,6.5149e-06,0.0094216,1,9.9722e-08,9.9722e-08,1.19e-07,0
-0.00067718,6.5193e-06,0.0094153,1,9.996e-08,9.996e-08,1.19e-07,0
-0.0006701,6.5233e-06,0.0094095,1,1.002e-07,1.002e-07,1.19e-07,0
-0.00066299,6.5272e-06,0.0094038,1,1.0044e-07,1.0044e-07,1.19e-07,0
-0.00065587,6.5312e-06,0.0093981,1,1.0067e-07,1.0067e-07,1.19e-07,0
-0.00064875,6.5351e-06,0.0093923,1,1.0091e-07,1.0091e-07,1.19e-07,0
-0.00064163,6.5391e-06,0.0093866,1,1.0115e-07,1.0115e-07,1.19e-07,0
-0.00063452,6.543e-06,0.0093809,1,1.0139e-07,1.0139e-07,1.19e-07,0
-0.0006274,6.547e-06,0.0093751,1,1.0163e-07,1.0163e-07,1.19e-07,0
-0.00062028,6.5509e-06,0.0093694,1,1.0186e-07,1.0186e-07,1.19e-07,0
-0.00061307,6.5547e-06,0.0093639,1,1.021e-07,1.021e-07,1.19e-07,0
-0.00060573,6.5582e-06,0.0093588,1,1.0234e-07,1.0234e-07,1.19e-07,0
-0.00059839,6.5617e-06,0.0093536,1,1.0258e-07,1.0258e-07,1.19e-07,0
-0.00059106,6.5653e-06,0.0093484,1,1.0282e-07,1.0282e-07,1.19e-07,0
-0.00058372,6.5688e-06,0.0093433,1,1.0305e-07,1.0305e-07,1.19e-07,0
-0.00057638,6.5723e-06,0.0093381,1,1.0329e-07,1.0329e-07,1.19e-07,0
-0.00056904,6.5758e-06,0.0093329,1,1.0353e-07,1.0353e-07,1.19e-07,0
-0.0005617,6.5794e-06,0.0093278,1,1.0377e-07,1.0377e-07,1.19e-07,0
-0.00055436,6.5829e-06,0.0093226,1,1.0401e-07,1.0401e-07,1.19e-07,0
-0.00054682,6.586e-06,0.009318,1,1.0424e-07,1.0424e-07,1.19e-07,0
-0.00053928,6.589e-06,0.0093134,1,1.0448e-07,1.0448e-07,1.19e-07,0
-0.00053174,6.5921e-06,0.0093089,1,1.0472e-07,1.0472e-07,1.19e-07,0
-0.0005242,6.5952e-06,0.0093043,1,1.0496e-07,1.0496e-07,1.19e-07,0
-0.00051666,6.5983e-06,0.0092997,1,1.052e-07,1.052e-07,1.19e-07,0
-0.00050912,6.6014e-06,0.0092951,1,1.0543e-07,1.0543e-07,1.19e-07,0
-0.00050158,6.6045e-06,0.0092905,1,1.0567e-07,1.0567e-07,1.19e-07,0
-0.00049405,6.6076e-06,0.0092859,1,1.0591e-07,1.0591e-07,1.19e-07,0
-0.00048639,6.6104e-06,0.0092817,1,1.0615e-07,1.0615e-07,1.19e-07,0
-0.00047868,6.6131e-06,0.0092777,1,1.0639e-07,1.0639e-07,1.19e-07,0
-0.00047096,6.6157e-06,0.0092737,1,1.0662e-07,1.0662e-07,1.19e-07,0
-0.00046324,6.6184e-06,0.0092697,1,1.0686e-07,1.0686e-07,1.19e-07,0
-0.00045552,6.621e-06,0.0092657,1,1.071e-07,1.071e-07,1.19e-07,0
-0.0004478,6.6237e-06,0.0092617,1,1.0734e-07,1.0734e-07,1.19e-07,0
-0.00044008,6.6263e-06,0.0092577,1,1.0758e-07,1.0758e-07,1.19e-07,0
-0.00043237,6.6289e-06,0.0092537,1,1.0781e-07,1.0781e-07,1.19e-07,0
-0.00042461,6.6315e-06,0.0092499,1,1.0805e-07,1.0805e-07,1.19e-07,0
-0.00041674,6.6337e-06,0.0092465,1,1.0829e-07,1.0829e-07,1.19e-07,0
-0.00040886,6.6359e-06,0.0092431,1,1.0853e-07,1.0853e-07,1.19e-07,0
-0.00040099,6.6381e-06,0.0092397,1,1.0877e-07,1.0877e-07,1.19e-07,0
-0.00039311,6.6403e-06,0.0092363,1,1.09e-07,1.09e-07,1.19e-07,0
-0.00038524,6.6425e-06,0.0092329,1,1.0924e-07,1.0924e-07,1.19e-07,0
-0.00037736,6.6447e-06,0.0092295,1,1.0948e-07,1.0948e-07,1.19e-07,0
-0.00036949,6.6469e-06,0.0092261,1,1.0972e-07,1.0972e-07,1.19e-07,0
-0.00036161,6.6491e-06,0.0092227,1,1.0996e-07,1.0996e-07,1.19e-07,0
-0.00035363,6.6509e-06,0.0092198,1,1.1019e-07,1.1019e-07,1.19e-07,0
-0.00034562,6.6526e-06,0.009217,1,1.1043e-07,1.1043e-07,1.19e-07,0
-0.00033761,6.6544e-06,0.0092142,1,1.1067e-07,1.1067e-07,1.19e-07,0
-0.00032961,6.6561e-06,0.0092114,1,1.1091e-07,1.1091e-07,1.19e-07,0
-0.0003216,6.6578e-06,0.0092087,1,1.1115e-07,1.1115e-07,1.19e-07,0
-0.00031359,6.6596e-06,0.0092059,1,1.1138e-07,1.1138e-07,1.19e-07,0
-0.00030558,6.6613e-06,0.0092031,1,1.1162e-07,1.1162e-07,1.19e-07,0
-0.00029758,6.6631e-06,0.0092003,1,1.1186e-07,1.1186e-07,1.19e-07,0
-0.00028952,6.6646e-06,0.0091978,1,1.121e-07,1.121e-07,1.19e-07,0
-0.00028141,6.6659e-06,0.0091956,1,1.1234e-07,1.1234e-07,1.19e-07,0
-0.00027329,6.6671e-06,0.0091935,1,1.1257e-07,1.1257e-07,1.19e-07,0
-0.00026518,6.6684e-06,0.0091913,1,1.1281e-07,1.1281e-07,1.19e-07,0
-0.00025706,6.6697e-06,0.0091891,1,1.1305e-07,1.1305e-07,1.19e-07,0
-0.00024894,6.6709e-06,0.009187,1,1.1329e-07,1.1329e-07,1.19e-07,0
-0.00024083,6.6722e-06,0.0091848,1,1.1353e-07,1.1353e-07,1.19e-07,0
-0.00023271,6.6735e-06,0.0091827,1,1.1376e-07,1.1376e-07,1.19e-07,0
-0.0002246,6.6747e-06,0.0091805,1,1.14e-07,1.14e-07,1.19e-07,0
-0.0002164,6.6755e-06,0.009179,1,1.1424e-07,1.1424e-07,1.19e-07,0
-0.0002082,6.6763e-06,0.0091774,1,1.1448e-07,1.1448e-07,1.19e-07,0
-0.0002,6.6771e-06,0.0091759,1,1.1472e-07,1.1472e-07,1.19e-07,0
-0.0001918,6.6779e-06,0.0091744,1,1.1495e-07,1.1495e-07,1.19e-07,0
-0.0001836,6.6787e-06,0.0091728,1,1.1519e-07,1.1519e-07,1.19e-07,0
-0.0001754,6.6795e-06,0.0091713,1,1.1543e-07,1.1543e-07,1.19e-07,0
-0.00016721,6.6803e-06,0.0091698,1,1.1567e-07,1.1567e-07,1.19e-07,0
-0.00015901,6.6811e-06,0.0091682,1,1.1591e-07,1.1591e-07,1.19e-07,0
-0.00015077,6.6816e-06,0.0091671,1,1.1614e-07,1.1614e-07,1.19e-07,0
-0.00014252,6.6819e-06,0.0091662,1,1.1638e-07,1.1638e-07,1.19e-07,0
-0.00013426,6.6822e-06,0.0091653,1,1.1662e-07,1.1662e-07,1.19e-07,0
-0.00012601,6.6825e-06,0.0091644,1,1.1686e-07,1.1686e-07,1.19e-07,0
-0.00011775,6.6829e-06,0.0091635,1,1.171e-07,1.171e-07,1.19e-07,0
-0.0001095,6.6832e-06,0.0091626,1,1.1733e-07,1.1733e-07,1.19e-07,0
-0.00010124,6.6835e-06,0.0091617,1,1.1757e-07,1.1757e-07,1.19e-07,0
-9.2984e-05,6.6838e-06,0.0091608,1,1.1781e-07,1.1781e-07,1.19e-07,0
-8.4722e-05,6.684e-06,0.00916,1,1.1805e-07,1.1805e-07,1.19e-07,0
-7.6435e-05,6.6838e-06,0.0091597,1,1.1829e-07,1.1829e-07,1.19e-07,0
-6.8148e-05,6.6837e-06,0.0091595,1,1.1852e-07,1.1852e-07,1.19e-07,0
-5.9861e-05,6.6835e-06,0.0091592,1,1.1876e-07,1.1876e-07,1.19e-07,0
-5.1574e-05,6.6833e-06,0.0091589,1,1.19e-07,1.19e-07,1.19e-07,0
-4.3287e-05,6.6832e-06,0.0091587,1,1.1924e-07,1.1924e-07,1.19e-07,0
-3.5e-05,6.683e-06,0.0091584,1,1.1948e-07,1.1948e-07,1.19e-07,0
-2.6713e-05,6.6828e-06,0.0091581,1,1.1971e-07,1.1971e-07,1.19e-07,0
-1.8425e-05,6.6826e-06,0.0091579,1,1.1995e-07,1.1995e-07,1.19e-07,0
-1.0135e-05,6.6821e-06,0.0091581,1,1.2019e-07,1.2019e-07,1.19e-07,0
-1.8424e-06,6.6814e-06,0.0091585,1,1.2043e-07,1.2043e-07,1.19e-07,0
6.4499e-06,6.6808e-06,0.0091588,1,1.2067e-07,1.2067e-07,1.19e-07,0
1.4742e-05,6.6801e-06,0.0091592,1,1.209e-07,1.209e-07,1.19e-07,0
2.3034e-05,6.6794e-06,0.0091596,1,1.2114e-07,1.2114e-07,1.19e-07,0
3.1326e-05,6.6788e-06,0.0091599,1,1.2138e-07,1.2138e-07,1.19e-07,0
3.9619e-05,6.6781e-06,0.0091603,1,1.2162e-07,1.2162e-07,1.19e-07,0
4.7911e-05,6.6774e-06,0.0091607,1,1.2186e-07,1.2186e-07,1.19e-07,0
5.6194e-05,6.6766e-06,0.0091613,1,1.2209e-07,1.2209e-07,1.19e-07,0
6.4466e-05,6.6754e-06,0.0091623,1,1.2233e-07,1.2233e-07,1.19e-07,0
7.2738e-05,6.6743e-06,0.0091633,1,1.2257e-07,1.2257e-07,1.19e-07,0
8.1009e-05,6.6731e-06,0.0091643,1,1.2281e-07,1.2281e-07,1.19e-07,0
8.928e-05,6.672e-06,0.0091653,1,1.2305e-07,1.2305e-07,1.19e-07,0
9.7552e-05,6.6708e-06,0.0091663,1,1.2328e-07,1.2328e-07,1.19e-07,0
0.00010582,6.6697e-06,0.0091673,1,1.2352e-07,1.2352e-07,1.19e-07,0
0.0001141,6.6685e-06,0.0091683,1,1.2376e-07,1.2376e-07,1.19e-07,0
0.00012237,6.6674e-06,0.0091693,1,1.24e-07,1.24e-07,1.19e-07,0
0.00013059,6.6658e-06,0.0091709,1,1.2424e-07,1.2424e-07,1.19e-07,0
0.00013882,6.6641e-06,0.0091726,1,1.2447e-07,1.2447e-07,1.19e-07,0
0.00014704,6.6625e-06,0.0091742,1,1.2471e-07,1.2471e-07,1.19e-07,0
0.00015527,6.6608e-06,0.0091758,1,1.2495e-07,1.2495e-07,1.19e-07,0
0.00016349,6.6592e-06,0.0091775,1,1.2519e-07,1.2519e-07,1.19e-07,0
0.00017172,6.6576e-06,0.0091791,1,1.2543e-07,1.2543e-07,1.19e-07,0
0.00017994,6.6559e-06,0.0091807,1,1.2566e-07,1.2566e-07,1.19e-07,0
0.00018817,6.6543e-06,0.0091824,1,1.259e-07,1.259e-07,1.19e-07,0
0.00019635,6.6524e-06,0.0091844,1,1.2614e-07,1.2614e-07,1.19e-07,0
0.0002045,6.6502e-06,0.0091866,1,1.2638e-07,1.2638e-07,1.19e-07,0
0.00021266,6.6481e-06,0.0091889,1,1.2662e-07,1.2662e-07,1.19e-07,0
0.00022081,6.646e-06,0.0091912,1,1.2685e-07,1.2685e-07,1.19e-07,0
0.00022896,6.6439e-06,0.0091934,1,1.2709e-07,1.2709e-07,1.19e-07,0
0.00023712,6.6418e-06,0.0091957,1,1.2733e-07,1.2733e-07,1.19e-07,0
0.00024527,6.6397e-06,0.0091979,1,1.2757e-07,1.2757e-07,1.19e-07,0
0.00025342,6.6375e-06,0.0092002,1,1.2781e-07,1.2781e-07,1.19e-07,0
0.00026156,6.6353e-06,0.0092026,1,1.2804e-07,1.2804e-07,1.19e-07,0
0.00026962,6.6327e-06,0.0092055,1,1.2828e-07,1.2828e-07,1.19e-07,0
0.00027767,6.6302e-06,0.0092083,1,1.2852e-07,1.2852e-07,1.19e-07,0
0.00028573,6.6276e-06,0.0092112,1,1.2876e-07,1.2876e-07,1.19e-07,0
0.00029379,6.625e-06,0.0092141,1,1.29e-07,1.29e-07,1.19e-07,0
0.00030184,6.6224e-06,0.009217,1,1.2923e-07,1.2923e-07,1.19e-07,0
0.0003099,6.6198e-06,0.0092199,1,1.2947e-07,1.2947e-07,1.19e-07,0
0.00031796,6.6172e-06,0.0092227,1,1.2971e-07,1.2971e-07,1.19e-07,0
0.00032602,6.6146e-06,0.0092256,1,1.2995e-07,1.2995e-07,1.19e-07,0
0.00033398,6.6117e-06,0.009229,1,1.3019e-07,1.3019e-07,1.19e-07,0
0.00034191,6.6087e-06,0.0092325,1,1.3042e-07,1.3042e-07,1.19e-07,0
0.00034985,6.6056e-06,0.0092359,1,1.3066e-07,1.3066e-07,1.19e-07,0
0.00035779,6.6026e-06,0.0092394,1,1.309e-07,1.309e-07,1.19e-07,0
0.00036572,6.5996e-06,0.0092429,1,1.3114e-07,1.3114e-07,1.19e-07,0
0.00037366,6.5965e-06,0.0092464,1,1.3138e-07,1.3138e-07,1.19e-07,0
0.00038159,6.5935e-06,0.0092499,1,1.3161e-07,1.3161e-07,1.19e-07,0
0.00038953,6.5905e-06,0.0092534,1,1.3185e-07,1.3185e-07,1.19e-07,0
0.00039741,6.5873e-06,0.0092571,1,1.3209e-07,1.3209e-07,1.19e-07,0
0.0004052,6.5838e-06,0.0092612,1,1.3233e-07,1.3233e-07,1.19e-07,0
0.00041299,6.5804e-06,0.0092653,1,1.3257e-07,1.3257e-07,1.19e-07,0
0.00042079,6.5769e-06,0.0092693,1,1.328e-07,1.328e-07,1.19e-07,0
0.00042858,6.5735e-06,0.0092734,1,1.3304e-07,1.3304e-07,1.19e-07,0
0.00043637,6.57e-06,0.0092775,1,1.3328e-07,1.3328e-07,1.19e-07,0
0.00044416,6.5666e-06,0.0092816,1,1.3352e-07,1.3352e-07,1.19e-07,0
0.00045195,6.5631e-06,0.0092857,1,1.3376e-07,1.3376e-07,1.19e-07,0
0.00045974,6.5597e-06,0.0092898,1,1.3399e-07,1.3399e-07,1.19e-07,0
0.00046737,6.5558e-06,0.0092944,1,1.3423e-07,1.3423e-07,1.19e-07,0
0.00047499,6.552e-06,0.0092991,1,1.3447e-07,1.3447e-07,1.19e-07,0
0.00048261,6.5482e-06,0.0093038,1,1.3471e-07,1.3471e-07,1.19e-07,0
0.00049024,6.5443e-06,0.0093084,1,1.3495e-07,1.3495e-07,1.19e-07,0
0.00049786,6.5405e-06,0.0093131,1,1.3518e-07,1.3518e-07,1.19e-07,0
0.00050548,6.5367e-06,0.0093178,1,1.3542e-07,1.3542e-07,1.19e-07,0
0.00051311,6.5328e-06,0.0093224,1,1.3566e-07,1.3566e-07,1.19e-07,0
0.00052073,6.529e-06,0.0093271,1,1.359e-07,1.359e-07,1.19e-07,0
0.00052824,6.525e-06,0.0093321,1,1.3614e-07,1.3614e-07,1.19e-07,0
0.00053568,6.5208e-06,0.0093373,1,1.3637e-07,1.3637e-07,1.19e-07,0
0.00054311,6.5166e-06,0.0093426,1,1.3661e-07,1.3661e-07,1.19e-07,0
0.00055054,6.5124e-06,0.0093478,1,1.3685e-07,1.3685e-07,1.19e-07,0
0.00055797,6.5082e-06,0.009353,1,1.3709e-07,1.3709e-07,1.19e-07,0
0.0005654,6.504e-06,0.0093583,1,1.3733e-07,1.3733e-07,1.19e-07,0
0.00057283,6.4999e-06,0.0093635,1,1.3756e-07,1.3756e-07,1.19e-07,0
0.00058027,6.4957e-06,0.0093687,1,1.378e-07,1.378e-07,1.19e-07,0
0.00058766,6.4914e-06,0.0093741,1,1.3804e-07,1.3804e-07,1.19e-07,0
0.00059488,6.4869e-06,0.0093799,1,1.3828e-07,1.3828e-07,1.19e-07,0
0.0006021,6.4825e-06,0.0093856,1,1.3852e-07,1.3852e-07,1.19e-07,0
0.00060932,6.478e-06,0.0093914,1,1.3875e-07,1.3875e-07,1.19e-07,0
0.00061654,6.4735e-06,0.0093972,1,1.3899e-07,1.3899e-07,1.19e-07,0
0.00062375,6.469e-06,0.009403,1,1.3923e-07,1.3923e-07,1.19e-07,0
0.00063097,6.4645e-06,0.0094088,1,1.3947e-07,1.3947e-07,1.19e-07,0
0.00063819,6.46e-06,0.0094146,1,1.3971e-07,1.3971e-07,1.19e-07,0
0.00064541,6.4555e-06,0.0094204,1,1.3994e-07,1.3994e-07,1.19e-07,0
0.00065245,6.4508e-06,0.0094266,1,1.4018e-07,1.4018e-07,1.19e-07,0
0.00065943,6.446e-06,0.0094329,1,1.4042e-07,1.4042e-07,1.19e-07,0
0.00066642,6.4412e-06,0.0094392,1,1.4066e-07,1.4066e-07,1.19e-07,0
0.0006734,6.4364e-06,0.0094455,1,1.409e-07,1.409e-07,1.19e-07,0
0.00068039,6.4316e-06,0.0094519,1,1.4113e-07,1.4113e-07,1.19e-07,0
0.00068737,6.4268e-06,0.0094582,1,1.4137e-07,1.4137e-07,1.19e-07,0
0.00069435,6.4221e-06,0.0094645,1,1.4161e-07,1.4161e-07,1.19e-07,0
0.00070134,6.4173e-06,0.0094708,1,1.4185e-07,1.4185e-07,1.19e-07,0
0.00070823,6.4124e-06,0.0094773,1,1.4209e-07,1.4209e-07,1.19e-07,0
0.00071496,6.4074e-06,0.0094842,1,1.4232e-07,1.4232e-07,1.19e-07,0
0.00072169,6.4023e-06,0.009491,1,1.4256e-07,1.4256e-07,1.19e-07,0
0.00072842,6.3973e-06,0.0094979,1,1.428e-07,1.428e-07,1.19e-07,0
0.00073515,6.3922e-06,0.0095047,1,1.4304e-07,1.4304e-07,1.19e-07,0
0.00074188,6.3872e-06,0.0095115,1,1.4328e-07,1.4328e-07,1.19e-07,0
0.00074862,6.3821e-06,0.0095184,1,1.4351e-07,1.4351e-07,1.19e-07,0
0.00075535,6.3771e-06,0.0095252,1,1.4375e-07,1.4375e-07,1.19e-07,0
0.00076208,6.372e-06,0.0095321,1,1.4399e-07,1.4399e-07,1.19e-07,0
0.00076855,6.3667e-06,0.0095394,1,1.4423e-07,1.4423e-07,1.19e-07,0
0.00077501,6.3614e-06,0.0095467,1,1.4447e-07,1.4447e-07,1.19e-07,0
0.00078147,6.3561e-06,0.009554,1,1.447e-07,1.447e-07,1.19e-07,0
0.00078793,6.3508e-06,0.0095614,1,1.4494e-07,1.4494e-07,1.19e-07,0
0.00079439,6.3455e-06,0.0095687,1,1.4518e-07,1.4518e-07,1.19e-07,0
0.00080085,6.3402e-06,0.009576,1,1.4542e-07,1.4542e-07,1.19e-07,0
0.00080731,6.3349e-06,0.0095834,1,1.4566e-07,1.4566e-07,1.19e-07,0
0.00081378,6.3296e-06,0.0095907,1,1.4589e-07,1.4589e-07,1.19e-07,0
0.00082008,6.3242e-06,0.0095983,1,1.4613e-07,1.4613e-07,1.19e-07,0
0.00082626,6.3187e-06,0.0096061,1,1.4637e-07,1.4637e-07,1.19e-07,0
0.00083243,6.3131e-06,0.0096139,1,1.4661e-07,1.4661e-07,1.19e-07,0
0.00083861,6.3076e-06,0.0096218,1,1.4685e-07,1.4685e-07,1.19e-07,0
0.00084479,6.3021e-06,0.0096296,1,1.4708e-07,1.4708e-07,1.19e-07,0
0.00085096,6.2965e-06,0.0096374,1,1.4732e-07,1.4732e-07,1.19e-07,0
0.00085714,6.291e-06,0.0096452,1,1.4756e-07,1.4756e-07,1.19e-07,0
0.00086332,6.2855e-06,0.009653,1,1.478e-07,1.478e-07,1.19e-07,0
0.00086945,6.2799e-06,0.0096609,1,1.4804e-07,1.4804e-07,1.19e-07,0
0.00087533,6.2742e-06,0.0096691,1,1.4827e-07,1.4827e-07,1.19e-07,0
0.00088121,6.2684e-06,0.0096774,1,1.4851e-07,1.4851e-07,1.19e-07,0
0.00088709,6.2627e-06,0.0096857,1,1.4875e-07,1.4875e-07,1.19e-07,0
0.00089298,6.2569e-06,0.0096939,1,1.4899e-07,1.4899e-07,1.19e-07,0
0.00089886,6.2512e-06,0.0097022,1,1.4923e-07,1.4923e-07,1.19e-07,0
0.00090474,6.2454e-06,0.0097105,1,1.4946e-07,1.4946e-07,1.19e-07,0
0.00091062,6.2397e-06,0.0097187,1,1.497e-07,1.497e-07,1.19e-07,0
0.0009165,6.2339e-06,0.009727,1,1.4994e-07,1.4994e-07,1.19e-07,0
0.00092216,6.228e-06,0.0097356,1,1.5018e-07,1.5018e-07,1.19e-07,0
0.00092774,6.222e-06,0.0097443,1,1.5042e-07,1.5042e-07,1.19e-07,0
0.00093331,6.2161e-06,0.009753,1,1.5065e-07,1.5065e-07,1.19e-07,0
0.00093889,6.2101e-06,0.0097617,1,1.5089e-07,1.5089e-07,1.19e-07,0
0.00094447,6.2042e-06,0.0097704,1,1.5113e-07,1.5113e-07,1.19e-07,0
0.00095005,6.1982e-06,0.0097791,1,1.5137e-07,1.5137e-07,1.19e-07,0
0.00095563,6.1923e-06,0.0097878,1,1.5161e-07,1.5161e-07,1.19e-07,0
0.00096121,6.1863e-06,0.0097964,1,1.5184e-07,1.5184e-07,1.19e-07,0
0.00096668,6.1803e-06,0.0098053,1,1.5208e-07,1.5208e-07,1.19e-07,0
0.00097195,6.1741e-06,0.0098144,1,1.5232e-07,1.5232e-07,1.19e-07,0
0.00097722,6.168e-06,0.0098235,1,1.5256e-07,1.5256e-07,1.19e-07,0
0.00098249,6.1619e-06,0.0098326,1,1.528e-07,1.528e-07,1.19e-07,0
0.00098776,6.1557e-06,0.0098417,1,1.5303e-07,1.5303e-07,1.19e-07,0
0.00099303,6.1496e-06,0.0098508,1,1.5327e-07,1.5327e-07,1.19e-07,0
0.0009983,6.1434e-06,0.0098598,1,1.5351e-07,1.5351e-07,1.19e-07,0
0.0010036,6.1373e-06,0.0098689,1,1.5375e-07,1.5375e-07,1.19e-07,0
0.0010088,6.1311e-06,0.009878,1,1.5399e-07,1.5399e-07,1.19e-07,0
0.0010138,6.1248e-06,0.0098875,1,1.5422e-07,1.5422e-07,1.19e-07,0
0.0010188,6.1185e-06,0.0098969,1,1.5446e-07,1.5446e-07,1.19e-07,0
0.0010237,6.1122e-06,0.0099064,1,1.547e-07,1.547e-07,1.19e-07,0
0.0010287,6.1059e-06,0.0099159,1,1.5494e-07,1.5494e-07,1.19e-07,0
0.0010337,6.0996e-06,0.0099253,1,1.5518e-07,1.5518e-07,1.19e-07,0
0.0010386,6.0933e-06,0.0099348,1,1.5541e-07,1.5541e-07,1.19e-07,0
0.0010436,6.087e-06,0.0099443,1,1.5565e-07,1.5565e-07,1.19e-07,0
0.0010485,6.0807e-06,0.0099537,1,1.5589e-07,1.5589e-07,1.19e-07,0
0.0010533,6.0743e-06,0.0099634,1,1.5613e-07,1.5613e-07,1.19e-07,0
0.001058,6.0678e-06,0.0099732,1,1.5637e-07,1.5637e-07,1.19e-07,0
0.0010626,6.0614e-06,0.009983,1,1.566e-07,1.566e-07,1.19e-07,0
0.0010673,6.0549e-06,0.0099928,1,1.5684e-07,1.5684e-07,1.19e-07,0
0.0010719,6.0484e-06,0.010003,1,1.5708e-07,1.5708e-07,1.19e-07,0
0.0010766,6.042e-06,0.010012,1,1.5732e-07,1.5732e-07,1.19e-07,0
0.0010812,6.0355e-06,0.010022,1,1.5756e-07,1.5756e-07,1.19e-07,0
0.0010859,6.029e-06,0.010032,1,1.5779e-07,1.5779e-07,1.19e-07,0
0.0010905,6.0226e-06,0.010042,1,1.5803e-07,1.5803e-07,1.19e-07,0
0.0010948,6.016e-06,0.010052,1,1.5827e-07,1.5827e-07,1.19e-07,0
0.0010992,6.0094e-06,0.010062,1,1.5851e-07,1.5851e-07,1.19e-07,0
0.0011035,6.0028e-06,0.010072,1,1.5875e-07,1.5875e-07,1.19e-07,0
0.0011078,5.9962e-06,0.010082,1,1.5898e-07,1.5898e-07,1.19e-07,0
0.0011122,5.9896e-06,0.010092,1,1.5922e-07,1.5922e-07,1.19e-07,0
0.0011165,5.983e-06,0.010102,1,1.5946e-07,1.5946e-07,1.19e-07,0
0.0011208,5.9764e-06,0.010113,1,1.597e-07,1.597e-07,1.19e-07,0
0.0011252,5.9698e-06,0.010123,1,1.5994e-07,1.5994e-07,1.19e-07,0
0.0011293,5.9631e-06,0.010133,1,1.6017e-07,1.6017e-07,1.19e-07,0
0.0011333,5.9564e-06,0.010143,1,1.6041e-07,1.6041e-07,1.19e-07,0
0.0011374,5.9497e-06,0.010154,1,1.6065e-07,1.6065e-07,1.19e-07,0
0.0011414,5.943e-06,0.010164,1,1.6089e-07,1.6089e-07,1.19e-07,0
0.0011454,5.9362e-06,0.010174,1,1.6113e-07,1.6113e-07,1.19e-07,0
0.0011494,5.9295e-06,0.010185,1,1.6136e-07,1.6136e-07,1.19e-07,0
0.0011535,5.9228e-06,0.010195,1,1.616e-07,1.616e-07,1.19e-07,0
0.0011575,5.9161e-06,0.010205,1,1.6184e-07,1.6184e-07,1.19e-07,0
0.0011614,5.9093e-06,0.010216,1,1.6208e-07,1.6208e-07,1.19e-07,0
0.0011651,5.9025e-06,0.010226,1,1.6232e-07,1.6232e-07,1.19e-07,0
0.0011688,5.8957e-06,0.010237,1,1.6255e-07,1.6255e-07,1.19e-07,0
0.0011726,5.8889e-06,0.010247,1,1.6279e-07,1.6279e-07,1.19e-07,0
0.0011763,5.882e-06,0.010258,1,1.6303e-07,1.6303e-07,1.19e-07,0
0.00118,5.8752e-06,0.010268,1,1.6327e-07,1.6327e-07,1.19e-07,0
0.0011837,5.8684e-06,0.010279,1,1.6351e-07,1.6351e-07,1.19e-07,0
0.0011874,5.8615e-06,0.01029,1,1.6374e-07,1.6374e-07,1.19e-07,0
0.0011911,5.8547e-06,0.0103,1,1.6398e-07,1.6398e-07,1.19e-07,0
0.0011945,5.8478e-06,0.010311,1,1.6422e-07,1.6422e-07,1.19e-07,0
0.0011979,5.8408e-06,0.010321,1,1.6446e-07,1.6446e-07,1.19e-07,0
0.0012013,5.8339e-06,0.010332,1,1.647e-07,1.647e-07,1.19e-07,0
0.0012047,5.827e-06,0.010343,1,1.6493e-07,1.6493e-07,1.19e-07,0
0.0012081,5.82e-06,0.010354,1,1.6517e-07,1.6517e-07,1.19e-07,0
0.0012115,5.8131e-06,0.010364,1,1.6541e-07,1.6541e-07,1.19e-07,0
0.0012149,5.8062e-06,0.010375,1,1.6565e-07,1.6565e-07,1.19e-07,0
0.0012182,5.7992e-06,0.010386,1,1.6589e-07,1.6589e-07,1.19e-07,0
0.0012214,5.7922e-06,0.010396,1,1.6612e-07,1.6612e-07,1.19e-07,0
0.0012245,5.7852e-06,0.010407,1,1.6636e-07,1.6636e-07,1.19e-07,0
0.0012275,5.7782e-06,0.010418,1,1.666e-07,1.666e-07,1.19e-07,0
0.0012306,5.7711e-06,0.010429,1,1.6684e-07,1.6684e-07,1.19e-07,0
0.0012336,5.7641e-06,0.01044,1,1.6708e-07,1.6708e-07,1.19e-07,0
0.0012366,5.757e-06,0.01045,1,1.6731e-07,1.6731e-07,1.19e-07,0
0.0012397,5.75e-06,0.010461,1,1.6755e-07,1.6755e-07,1.19e-07,0
0.0012427,5.7429e-06,0.010472,1,1.6779e-07,1.6779e-07,1.19e-07,0
0.0012457,5.7359e-06,0.010483,1,1.6803e-07,1.6803e-07,1.19e-07,0
0.0012484,5.7287e-06,0.010494,1,1.6827e-07,1.6827e-07,1.19e-07,0
0.0012511,5.7216e-06,0.010504,1,1.685e-07,1.685e-07,1.19e-07,0
0.0012537,5.7144e-06,0.010515,1,1.6874e-07,1.6874e-07,1.19e-07,0
0.0012564,5.7073e-06,0.010526,1,1.6898e-07,1.6898e-07,1.19e-07,0
0.0012591,5.7001e-06,0.010537,1,1.6922e-07,1.6922e-07,1.19e-07,0
0.0012617,5.693e-06,0.010548,1,1.6946e-07,1.6946e-07,1.19e-07,0
0.0012644,5.6858e-06,0.010559,1,1.6969e-07,1.6969e-07,1.19e-07,0
0.0012671,5.6787e-06,0.01057,1,1.6993e-07,1.6993e-07,1.19e-07,0
0.0012694,5.6715e-06,0.01058,1,1.7017e-07,1.7017e-07,1.19e-07,0
0.0012717,5.6642e-06,0.010591,1,1.7041e-07,1.7041e-07,1.19e-07,0
0.001274,5.657e-06,0.010602,1,1.7065e-07,1.7065e-07,1.19e-07,0
0.0012762,5.6497e-06,0.010613,1,1.7088e-07,1.7088e-07,1.19e-07,0
0.0012785,5.6425e-06,0.010624,1,1.7112e-07,1.7112e-07,1.19e-07,0
0.0012808,5.6352e-06,0.010635,1,1.7136e-07,1.7136e-07,1.19e-07,0
0.001283,5.628e-06,0.010646,1,1.716e-07,1.716e-07,1.19e-07,0
0.0012853,5.6207e-06,0.010656,1,1.7184e-07,1.7184e-07,1.19e-07,0
0.0012874,5.6135e-06,0.010667,1,1.7207e-07,1.7207e-07,1.19e-07,0
0.0012893,5.6061e-06,0.010678,1,1.7231e-07,1.7231e-07,1.19e-07,0
0.0012911,5.5988e-06,0.010689,1,1.7255e-07,1.7255e-07,1.19e-07,0
0.001293,5.5914e-06,0.0107,1,1.7279e-07,1.7279e-07,1.19e-07,0
0.0012948,5.5841e-06,0.010711,1,1.7303e-07,1.7303e-07,1.19e-07,0
0.0012966,5.5768e-06,0.010722,1,1.7326e-07,1.7326e-07,1.19e-07,0
0.0012985,5.5694e-06,0.010732,1,1.735e-07,1.735e-07,1.19e-07,0
0.0013003,5.5621e-06,0.010743,1,1.7374e-07,1.7374e-07,1.19e-07,0
0.0013021,5.5547e-06,0.010754,1,1.7398e-07,1.7398e-07,1.19e-07,0
0.0013036,5.5473e-06,0.010765,1,1.7422e-07,1.7422e-07,1.19e-07,0
0.0013049,5.5399e-06,0.010776,1,1.7445e-07,1.7445e-07,1.19e-07,0
0.0013063,5.5325e-06,0.010787,1,1.7469e-07,1.7469e-07,1.19e-07,0
0.0013077,5.5251e-06,0.010797,1,1.7493e-07,1.7493e-07,1.19e-07,0
0.0013091,5.5177e-06,0.010808,1,1.7517e-07,1.7517e-07,1.19e-07,0
0.0013105,5.5103e-06,0.010819,1,1.7541e-07,1.7541e-07,1.19e-07,0
0.0013119,5.5029e-06,0.01083,1,1.7564e-07,1.7564e-07,1.19e-07,0
0.0013133,5.4954e-06,0.010841,1,1.7588e-07,1.7588e-07,1.19e-07,0
0.0013144,5.488e-06,0.010851,1,1.7612e-07,1.7612e-07,1.19e-07,0
0.0013153,5.4806e-06,0.010862,1,1.7636e-07,1.7636e-07,1.19e-07,0
0.0013162,5.4731e-06,0.010873,1,1.766e-07,1.766e-07,1.19e-07,0
0.0013172,5.4656e-06,0.010884,1,1.7683e-07,1.7683e-07,1.19e-07,0
0.0013181,5.4582e-06,0.010894,1,1.7707e-07,1.7707e-07,1.19e-07,0
0.001319,5.4507e-06,0.010905,1,1.7731e-07,1.7731e-07,1.19e-07,0
0.0013199,5.4432e-06,0.010916,1,1.7755e-07,1.7755e-07,1.19e-07,0
0.0013208,5.4358e-06,0.010927,1,1.7779e-07,1.7779e-07,1.19e-07,0
0.0013217,5.4283e-06,0.010937,1,1.7802e-07,1.7802e-07,1.19e-07,0
0.0013221,5.4208e-06,0.010948,1,1.7826e-07,1.7826e-07,1.19e-07,0
0.0013226,5.4134e-06,0.010959,1,1.785e-07,1.785e-07,1.19e-07,0
0.001323,5.4059e-06,0.010969,1,1.7874e-07,1.7874e-07,1.19e-07,0
0.0013235,5.3984e-06,0.01098,1,1.7898e-07,1.7898e-07,1.19e-07,0
0.0013239,5.3909e-06,0.010991,1,1.7921e-07,1.7921e-07,1.19e-07,0
0.0013244,5.3834e-06,0.011001,1,1.7945e-07,1.7945e-07,1.19e-07,0
0.0013248,5.3759e-06,0.011012,1,1.7969e-07,1.7969e-07,1.19e-07,0
0.0013252,5.3685e-06,0.011023,1,1.7993e-07,1.7993e-07,1.19e-07,0
0.0013254,5.361e-06,0.011033,1,1.8017e-07,1.8017e-07,1.19e-07,0
0.0013253,5.3535e-06,0.011044,1,1.804e-07,1.804e-07,1.19e-07,0
0.0013253,5.346e-06,0.011054,1,1.8064e-07,1.8064e-07,1.19e-07,0
0.0013252,5.3385e-06,0.011065,1,1.8088e-07,1.8088e-07,1.19e-07,0
0.0013252,5.331e-06,0.011076,1,1.8112e-07,1.8112e-07,1.19e-07,0
0.0013252,5.3236e-06,0.011086,1,1.8136e-07,1.8136e-07,1.19e-07,0
0.0013251,5.3161e-06,0.011097,1,1.8159e-07,1.8159e-07,1.19e-07,0
0.0013251,5.3086e-06,0.011107,1,1.8183e-07,1.8183e-07,1.19e-07,0
0.0013249,5.3011e-06,0.011118,1,1.8207e-07,1.8207e-07,1.19e-07,0
0.0013244,5.2937e-06,0.011128,1,1.8231e-07,1.8231e-07,1.19e-07,0
0.0013239,5.2862e-06,0.011139,1,1.8255e-07,1.8255e-07,1.19e-07,0
0.0013234,5.2788e-06,0.011149,1,1.8278e-07,1.8278e-07,1.19e-07,0
0.0013229,5.2713e-06,0.01116,1,1.8302e-07,1.8302e-07,1.19e-07,0
0.0013224,5.2639e-06,0.01117,1,1.8326e-07,1.8326e-07,1.19e-07,0
0.0013218,5.2564e-06,0.01118,1,1.835e-07,1.835e-07,1.19e-07,0
0.0013213,5.249e-06,0.011191,1,1.8374e-07,1.8374e-07,1.19e-07,0
0.0013208,5.2415e-06,0.011201,1,1.8397e-07,1.8397e-07,1.19e-07,0
0.0013199,5.2341e-06,0.011212,1,1.8421e-07,1.8421e-07,1.19e-07,0
0.0013189,5.2267e-06,0.011222,1,1.8445e-07,1.8445e-07,1.19e-07,0
0.0013179,5.2193e-06,0.011232,1,1.8469e-07,1.8469e-07,1.19e-07,0
0.0013169,5.2119e-06,0.011243,1,1.8493e-07,1.8493e-07,1.19e-07,0
0.0013159,5.2045e-06,0.011253,1,1.8516e-07,1.8516e-07,1.19e-07,0
0.0013149,5.1971e-06,0.011263,1,1.854e-07,1.854e-07,1.19e-07,0
0.001314,5.1897e-06,0.011274,1,1.8564e-07,1.8564e-07,1.19e-07,0
0.001313,5.1823e-06,0.011284,1,1.8588e-07,1.8588e-07,1.19e-07,0
0.0013118,5.175e-06,0.011294,1,1.8612e-07,1.8612e-07,1.19e-07,0
0.0013103,5.1677e-06,0.011304,1,1.8635e-07,1.8635e-07,1.19e-07,0
0.0013088,5.1603e-06,0.011314,1,1.8659e-07,1.8659e-07,1.19e-07,0
0.0013074,5.153e-06,0.011325,1,1.8683e-07,1.8683e-07,1.19e-07,0
0.0013059,5.1457e-06,0.011335,1,1.8707e-07,1.8707e-07,1.19e-07,0
0.0013045,5.1384e-06,0.011345,1,1.8731e-07,1.8731e-07,1.19e-07,0
0.001303,5.1311e-06,0.011355,1,1.8754e-07,1.8754e-07,1.19e-07,0
0.0013016,5.1238e-06,0.011365,1,1.8778e-07,1.8778e-07,1.19e-07,0
0.0013001,5.1165e-06,0.011375,1,1.8802e-07,1.8802e-07,1.19e-07,0
0.0012982,5.1092e-06,0.011385,1,1.8826e-07,1.8826e-07,1.19e-07,0
0.0012963,5.102e-06,0.011395,1,1.885e-07,1.885e-07,1.19e-07,0
0.0012943,5.0948e-06,0.011405,1,1.8873e-07,1.8873e-07,1.19e-07,0
0.0012924,5.0876e-06,0.011415,1,1.8897e-07,1.8897e-07,1.19e-07,0
0.0012905,5.0804e-06,0.011425,1,1.8921e-07,1.8921e-07,1.19e-07,0
0.0012886,5.0732e-06,0.011435,1,1.8945e-07,1.8945e-07,1.19e-07,0
0.0012867,5.066e-06,0.011445,1,1.8969e-07,1.8969e-07,1.19e-07,0
0.0012848,5.0587e-06,0.011455,1,1.8992e-07,1.8992e-07,1.19e-07,0
0.0012826,5.0516e-06,0.011465,1,1.9016e-07,1.9016e-07,1.19e-07,0
0.0012802,5.0445e-06,0.011475,1,1.904e-07,1.904e-07,1.19e-07,0
0.0012778,5.0374e-06,0.011484,1,1.9064e-07,1.9064e-07,1.19e-07,0
0.0012755,5.0303e-06,0.011494,1,1.9088e-07,1.9088e-07,1.19e-07,0
0.0012731,5.0232e-06,0.011504,1,1.9111e-07,1.9111e-07,1.19e-07,0
0.0012707,5.0162e-06,0.011514,1,1.9135e-07,1.9135e-07,1.19e-07,0
0.0012684,5.0091e-06,0.011524,1,1.9159e-07,1.9159e-07,1.19e-07,0
0.001266,5.002e-06,0.011533,1,1.9183e-07,1.9183e-07,1.19e-07,0
0.0012635,4.9949e-06,0.011543,1,1.9207e-07,1.9207e-07,1.19e-07,0
0.0012607,4.988e-06,0.011553,1,1.923e-07,1.923e-07,1.19e-07,0
0.0012579,4.981e-06,0.011562,1,1.9254e-07,1.9254e-07,1.19e-07,0
0.0012551,4.9741e-06,0.011572,1,1.9278e-07,1.9278e-07,1.19e-07,0
0.0012523,4.9672e-06,0.011581,1,1.9302e-07,1.9302e-07,1.19e-07,0
0.0012495,4.9602e-06,0.011591,1,1.9326e-07,1.9326e-07,1.19e-07,0
0.0012467,4.9533e-06,0.0116,1,1.9349e-07,1.9349e-07,1.19e-07,0
0.0012439,4.9463e-06,0.01161,1,1.9373e-07,1.9373e-07,1.19e-07,0
0.0012411,4.9394e-06,0.011619,1,1.9397e-07,1.9397e-07,1.19e-07,0
0.0012379,4.9326e-06,0.011629,1,1.9421e-07,1.9421e-07,1.19e-07,0
0.0012347,4.9258e-06,0.011638,1,1.9445e-07,1.9445e-07,1.19e-07,0
0.0012315,4.919e-06,0.011647,1,1.9468e-07,1.9468e-07,1.19e-07,0
0.0012283,4.9122e-06,0.011657,1,1.9492e-07,1.9492e-07,1.19e-07,0
0.001225,4.9055e-06,0.011666,1,1.9516e-07,1.9516e-07,1.19e-07,0
0.0012218,4.8987e-06,0.011675,1,1.954e-07,1.954e-07,1.19e-07,0
0.0012186,4.8919e-06,0.011684,1,1.9564e-07,1.9564e-07,1.19e-07,0
0.0012154,4.8851e-06,0.011694,1,1.9587e-07,1.9587e-07,1.19e-07,0
0.0012119,4.8784e-06,0.011703,1,1.9611e-07,1.9611e-07,1.19e-07,0
0.0012083,4.8718e-06,0.011712,1,1.9635e-07,1.9635e-07,1.19e-07,0
0.0012046,4.8652e-06,0.011721,1,1.9659e-07,1.9659e-07,1.19e-07,0
0.001201,4.8586e-06,0.01173,1,1.9683e-07,1.9683e-07,1.19e-07,0
0.0011974,4.852e-06,0.011739,1,1.9706e-07,1.9706e-07,1.19e-07,0
0.0011937,4.8454e-06,0.011748,1,1.973e-07,1.973e-07,1.19e-07,0
0.0011901,4.8389e-06,0.011757,1,1.9754e-07,1.9754e-07,1.19e-07,0
0.0011864,4.8323e-06,0.011766,1,1.9778e-07,1.9778e-07,1.19e-07,0
0.0011828,4.8257e-06,0.011775,1,1.9802e-07,1.9802e-07,1.19e-07,0
0.0011787,4.8193e-06,0.011784,1,1.9825e-07,1.9825e-07,1.19e-07,0
0.0011747,4.8129e-06,0.011793,1,1.9849e-07,1.9849e-07,1.19e-07,0
0.0011707,4.8065e-06,0.011802,1,1.9873e-07,1.9873e-07,1.19e-07,0
0.0011666,4.8001e-06,0.01181,1,1.9897e-07,1.9897e-07,1.19e-07,0
0.0011626,4.7937e-06,0.011819,1,1.9921e-07,1.9921e-07,1.19e-07,0
0.0011585,4.7873e-06,0.011828,1,1.9944e-07,1.9944e-07,1.19e-07,0
0.0011545,4.7809e-06,0.011837,1,1.9968e-07,1.9968e-07,1.19e-07,0
0.0011505,4.7745e-06,0.011845,1,1.9992e-07,1.9992e-07,1.19e-07,0
0.0011462,4.7682e-06,0.011854,1,2.0016e-07,2.0016e-07,1.19e-07,0
0.0011417,4.7621e-06,0.011862,1,2.004e-07,2.004e-07,1.19e-07,0
0.0011373,4.7559e-06,0.011871,1,2.0063e-07,2.0063e-07,1.19e-07,0
0.0011329,4.7497e-06,0.011879,1,2.0087e-07,2.0087e-07,1.19e-07,0
0.0011285,4.7435e-06,0.011888,1,2.0111e-07,2.0111e-07,1.19e-07,0
0.0011241,4.7373e-06,0.011896,1,2.0135e-07,2.0135e-07,1.19e-07,0
0.0011196,4.7311e-06,0.011905,1,2.0159e-07,2.0159e-07,1.19e-07,0
0.0011152,4.725e-06,0.011913,1,2.0182e-07,2.0182e-07,1.19e-07,0
0.0011107,4.7188e-06,0.011921,1,2.0206e-07,2.0206e-07,1.19e-07,0
0.0011059,4.7129e-06,0.01193,1,2.023e-07,2.023e-07,1.19e-07,0
0.0011011,4.7069e-06,0.011938,1,2.0254e-07,2.0254e-07,1.19e-07,0
0.0010963,4.701e-06,0.011946,1,2.0278e-07,2.0278e-07,1.19e-07,0
0.0010915,4.695e-06,0.011954,1,2.0301e-07,2.0301e-07,1.19e-07,0
0.0010867,4.6891e-06,0.011962,1,2.0325e-07,2.0325e-07,1.19e-07,0
0.0010819,4.6831e-06,0.01197,1,2.0349e-07,2.0349e-07,1.19e-07,0
0.0010771,4.6772e-06,0.011978,1,2.0373e-07,2.0373e-07,1.19e-07,0
0.0010723,4.6712e-06,0.011986,1,2.0397e-07,2.0397e-07,1.19e-07,0
0.0010673,4.6655e-06,0.011994,1,2.042e-07,2.042e-07,1.19e-07,0
0.0010621,4.6597e-06,0.012002,1,2.0444e-07,2.0444e-07,1.19e-07,0
0.001057,4.654e-06,0.01201,1,2.0468e-07,2.0468e-07,1.19e-07,0
0.0010518,4.6483e-06,0.012018,1,2.0492e-07,2.0492e-07,1.19e-07,0
0.0010467,4.6426e-06,0.012025,1,2.0516e-07,2.0516e-07,1.19e-07,0
0.0010415,4.6369e-06,0.012033,1,2.0539e-07,2.0539e-07,1.19e-07,0
0.0010364,4.6312e-06,0.012041,1,2.0563e-07,2.0563e-07,1.19e-07,0
0.0010312,4.6255e-06,0.012049,1,2.0587e-07,2.0587e-07,1.19e-07,0
0.0010259,4.6199e-06,0.012056,1,2.0611e-07,2.0611e-07,1.19e-07,0
0.0010205,4.6144e-06,0.012064,1,2.0635e-07,2.0635e-07,1.19e-07,0
0.001015,4.609e-06,0.012071,1,2.0658e-07,2.0658e-07,1.19e-07,0
0.0010095,4.6035e-06,0.012079,1,2.0682e-07,2.0682e-07,1.19e-07,0
0.001004,4.598e-06,0.012086,1,2.0706e-07,2.0706e-07,1.19e-07,0
0.00099854,4.5926e-06,0.012094,1,2.073e-07,2.073e-07,1.19e-07,0
0.00099306,4.5871e-06,0.012101,1,2.0754e-07,2.0754e-07,1.19e-07,0
0.00098758,4.5817e-06,0.012108,1,2.0777e-07,2.0777e-07,1.19e-07,0
0.00098209,4.5762e-06,0.012116,1,2.0801e-07,2.0801e-07,1.19e-07,0
0.00097629,4.571e-06,0.012123,1,2.0825e-07,2.0825e-07,1.19e-07,0
0.00097049,4.5658e-06,0.01213,1,2.0849e-07,2.0849e-07,1.19e-07,0
0.00096469,4.5606e-06,0.012137,1,2.0873e-07,2.0873e-07,1.19e-07,0
0.00095889,4.5555e-06,0.012144,1,2.0896e-07,2.0896e-07,1.19e-07,0
0.0009531,4.5503e-06,0.012151,1,2.092e-07,2.092e-07,1.19e-07,0
0.0009473,4.5451e-06,0.012158,1,2.0944e-07,2.0944e-07,1.19e-07,0
0.0009415,4.5399e-06,0.012165,1,2.0968e-07,2.0968e-07,1.19e-07,0
0.0009357,4.5347e-06,0.012172,1,2.0992e-07,2.0992e-07,1.19e-07,0
0.00092971,4.5297e-06,0.012179,1,2.1015e-07,2.1015e-07,1.19e-07,0
0.00092361,4.5248e-06,0.012186,1,2.1039e-07,2.1039e-07,1.19e-07,0
0.00091751,4.5199e-06,0.012193,1,2.1063e-07,2.1063e-07,1.19e-07,0
0.00091141,4.5149e-06,0.012199,1,2.1087e-07,2.1087e-07,1.19e-07,0
0.00090531,4.51e-06,0.012206,1,2.1111e-07,2.1111e-07,1.19e-07,0
0.00089921,4.5051e-06,0.012213,1,2.1134e-07,2.1134e-07,1.19e-07,0
0.00089311,4.5002e-06,0.012219,1,2.1158e-07,2.1158e-07,1.19e-07,0
0.00088701,4.4953e-06,0.012226,1,2.1182e-07,2.1182e-07,1.19e-07,0
0.00088085,4.4904e-06,0.012233,1,2.1206e-07,2.1206e-07,1.19e-07,0
0.00087446,4.4858e-06,0.012239,1,2.123e-07,2.123e-07,1.19e-07,0
0.00086808,4.4812e-06,0.012245,1,2.1253e-07,2.1253e-07,1.19e-07,0
0.0008617,4.4766e-06,0.012251,1,2.1277e-07,2.1277e-07,1.19e-07,0
0.00085532,4.4719e-06,0.012258,1,2.1301e-07,2.1301e-07,1.19e-07,0
0.00084894,4.4673e-06,0.012264,1,2.1325e-07,2.1325e-07,1.19e-07,0
0.00084256,4.4627e-06,0.01227,1,2.1349e-07,2.1349e-07,1.19e-07,0
0.00083618,4.4581e-06,0.012277,1,2.1372e-07,2.1372e-07,1.19e-07,0
0.0008298,4.4534e-06,0.012283,1,2.1396e-07,2.1396e-07,1.19e-07,0
0.00082319,4.4491e-06,0.012289,1,2.142e-07,2.142e-07,1.19e-07,0
0.00081655,4.4447e-06,0.012295,1,2.1444e-07,2.1444e-07,1.19e-07,0
0.0008099,4.4404e-06,0.0123,1,2.1468e-07,2.1468e-07,1.19e-07,0
0.00080326,4.4361e-06,0.012306,1,2.1491e-07,2.1491e-07,1.19e-07,0
0.00079661,4.4318e-06,0.012312,1,2.1515e-07,2.1515e-07,1.19e-07,0
0.00078997,4.4274e-06,0.012318,1,2.1539e-07,2.1539e-07,1.19e-07,0
0.00078333,4.4231e-06,0.012324,1,2.1563e-07,2.1563e-07,1.19e-07,0
0.00077668,4.4188e-06,0.01233,1,2.1587e-07,2.1587e-07,1.19e-07,0
0.00076993,4.4146e-06,0.012335,1,2.161e-07,2.161e-07,1.19e-07,0
0.00076304,4.4106e-06,0.012341,1,2.1634e-07,2.1634e-07,1.19e-07,0
0.00075615,4.4066e-06,0.012346,1,2.1658e-07,2.1658e-07,1.19e-07,0
0.00074926,4.4025e-06,0.012352,1,2.1682e-07,2.1682e-07,1.19e-07,0
0.00074237,4.3985e-06,0.012357,1,2.1706e-07,2.1706e-07,1.19e-07,0
0.00073548,4.3945e-06,0.012363,1,2.1729e-07,2.1729e-07,1.19e-07,0
0.00072859,4.3905e-06,0.012368,1,2.1753e-07,2.1753e-07,1.19e-07,0
0.00072171,4.3865e-06,0.012374,1,2.1777e-07,2.1777e-07,1.19e-07,0
0.00071481,4.3825e-06,0.012379,1,2.1801e-07,2.1801e-07,1.19e-07,0
0.00070769,4.3788e-06,0.012384,1,2.1825e-07,2.1825e-07,1.19e-07,0
0.00070058,4.3751e-06,0.012389,1,2.1848e-07,2.1848e-07,1.19e-07,0
0.00069347,4.3714e-06,0.012394,1,2.1872e-07,2.1872e-07,1.19e-07,0
0.00068635,4.3677e-06,0.012399,1,2.1896e-07,2.1896e-07,1.19e-07,0
0.00067924,4.364e-06,0.012404,1,2.192e-07,2.192e-07,1.19e-07,0
0.00067212,4.3603e-06,0.012409,1,2.1944e-07,2.1944e-07,1.19e-07,0
0.00066501,4.3566e-06,0.012414,1,2.1967e-07,2.1967e-07,1.19e-07,0
0.0006579,4.3529e-06,0.012419,1,2.1991e-07,2.1991e-07,1.19e-07,0
0.00065065,4.3494e-06,0.012424,1,2.2015e-07,2.2015e-07,1.19e-07,0
0.00064333,4.346e-06,0.012428,1,2.2039e-07,2.2039e-07,1.19e-07,0
0.00063601,4.3426e-06,0.012433,1,2.2063e-07,2.2063e-07,1.19e-07,0
0.00062869,4.3393e-06,0.012437,1,2.2086e-07,2.2086e-07,1.19e-07,0
0.00062137,4.3359e-06,0.012442,1,2.211e-07,2.211e-07,1.19e-07,0
0.00061405,4.3325e-06,0.012446,1,2.2134e-07,2.2134e-07,1.19e-07,0
0.00060673,4.3291e-06,0.012451,1,2.2158e-07,2.2158e-07,1.19e-07,0
0.00059941,4.3258e-06,0.012456,1,2.2182e-07,2.2182e-07,1.19e-07,0
0.00059205,4.3225e-06,0.01246,1,2.2205e-07,2.2205e-07,1.19e-07,0
0.00058455,4.3194e-06,0.012464,1,2.2229e-07,2.2229e-07,1.19e-07,0
0.00057704,4.3164e-06,0.012468,1,2.2253e-07,2.2253e-07,1.19e-07,0
0.00056954,4.3133e-06,0.012472,1,2.2277e-07,2.2277e-07,1.19e-07,0
0.00056203,4.3103e-06,0.012476,1,2.2301e-07,2.2301e-07,1.19e-07,0
0.00055453,4.3072e-06,0.01248,1,2.2324e-07,2.2324e-07,1.19e-07,0
0.00054702,4.3042e-06,0.012485,1,2.2348e-07,2.2348e-07,1.19e-07,0
0.00053952,4.3012e-06,0.012489,1,2.2372e-07,2.2372e-07,1.19e-07,0
0.00053201,4.2981e-06,0.012493,1,2.2396e-07,2.2396e-07,1.19e-07,0
0.00052437,4.2954e-06,0.012497,1,2.242e-07,2.242e-07,1.19e-07,0
0.0005167,4.2927e-06,0.0125,1,2.2443e-07,2.2443e-07,1.19e-07,0
0.00050903,4.29e-06,0.012504,1,2.2467e-07,2.2467e-07,1.19e-07,0
0.00050136,4.2873e-06,0.012507,1,2.2491e-07,2.2491e-07,1.19e-07,0
0.00049369,4.2845e-06,0.012511,1,2.2515e-07,2.2515e-07,1.19e-07,0
0.00048602,4.2818e-06,0.012515,1,2.2539e-07,2.2539e-07,1.19e-07,0
0.00047835,4.2791e-06,0.012518,1,2.2562e-07,2.2562e-07,1.19e-07,0
0.00047068,4.2764e-06,0.012522,1,2.2586e-07,2.2586e-07,1.19e-07,0
0.00046294,4.2739e-06,0.012525,1,2.261e-07,2.261e-07,1.19e-07,0
0.00045513,4.2715e-06,0.012529,1,2.2634e-07,2.2634e-07,1.19e-07,0
0.00044731,4.2692e-06,0.012532,1,2.2658e-07,2.2658e-07,1.19e-07,0
0.0004395,4.2668e-06,0.012535,1,2.2681e-07,2.2681e-07,1.19e-07,0
0.00043168,4.2645e-06,0.012538,1,2.2705e-07,2.2705e-07,1.19e-07,0
0.00042387,4.2621e-06,0.012541,1,2.2729e-07,2.2729e-07,1.19e-07,0
0.00041605,4.2597e-06,0.012544,1,2.2753e-07,2.2753e-07,1.19e-07,0
0.00040823,4.2574e-06,0.012548,1,2.2777e-07,2.2777e-07,1.19e-07,0
0.00040042,4.255e-06,0.012551,1,2.28e-07,2.28e-07,1.19e-07,0
0.00039248,4.253e-06,0.012553,1,2.2824e-07,2.2824e-07,1.19e-07,0
0.00038454,4.251e-06,0.012556,1,2.2848e-07,2.2848e-07,1.19e-07,0
0.0003766,4.249e-06,0.012559,1,2.2872e-07,2.2872e-07,1.19e-07,0
0.00036866,4.247e-06,0.012561,1,2.2896e-07,2.2896e-07,1.19e-07,0
0.00036071,4.245e-06,0.012564,1,2.2919e-07,2.2919e-07,1.19e-07,0
0.00035277,4.243e-06,0.012567,1,2.2943e-07,2.2943e-07,1.19e-07,0
0.00034483,4.241e-06,0.01257,1,2.2967e-07,2.2967e-07,1.19e-07,0
0.00033689,4.239e-06,0.012572,1,2.2991e-07,2.2991e-07,1.19e-07,0
0.00032889,4.2372e-06,0.012575,1,2.3015e-07,2.3015e-07,1.19e-07,0
0.00032084,4.2356e-06,0.012577,1,2.3038e-07,2.3038e-07,1.19e-07,0
0.0003128,4.2339e-06,0.012579,1,2.3062e-07,2.3062e-07,1.19e-07,0
0.00030476,4.2323e-06,0.012581,1,2.3086e-07,2.3086e-07,1.19e-07,0
0.00029671,4.2306e-06,0.012583,1,2.311e-07,2.311e-07,1.19e-07,0
0.00028867,4.229e-06,0.012586,1,2.3134e-07,2.3134e-07,1.19e-07,0
0.00028062,4.2273e-06,0.012588,1,2.3157e-07,2.3157e-07,1.19e-07,0
0.00027258,4.2257e-06,0.01259,1,2.3181e-07,2.3181e-07,1.19e-07,0
0.00026452,4.2241e-06,0.012592,1,2.3205e-07,2.3205e-07,1.19e-07,0
0.00025639,4.2228e-06,0.012594,1,2.3229e-07,2.3229e-07,1.19e-07,0
0.00024826,4.2215e-06,0.012596,1,2.3253e-07,2.3253e-07,1.19e-07,0
0.00024013,4.2202e-06,0.012597,1,2.3276e-07,2.3276e-07,1.19e-07,0
0.00023201,4.2189e-06,0.012599,1,2.33e-07,2.33e-07,1.19e-07,0
0.00022388,4.2176e-06,0.012601,1,2.3324e-07,2.3324e-07,1.19e-07,0
0.00021575,4.2163e-06,0.012602,1,2.3348e-07,2.3348e-07,1.19e-07,0
0.00020762,4.215e-06,0.012604,1,2.3372e-07,2.3372e-07,1.19e-07,0
0.00019949,4.2138e-06,0.012606,1,2.3395e-07,2.3395e-07,1.19e-07,0
0.00019132,4.2128e-06,0.012607,1,2.3419e-07,2.3419e-07,1.19e-07,0
0.00018312,4.2118e-06,0.012608,1,2.3443e-07,2.3443e-07,1.19e-07,0
0.00017493,4.2109e-06,0.01261,1,2.3467e-07,2.3467e-07,1.19e-07,0
0.00016674,4.21e-06,0.012611,1,2.3491e-07,2.3491e-07,1.19e-07,0
0.00015855,4.209e-06,0.012612,1,2.3514e-07,2.3514e-07,1.19e-07,0
0.00015036,4.2081e-06,0.012613,1,2.3538e-07,2.3538e-07,1.19e-07,0
0.00014217,4.2072e-06,0.012615,1,2.3562e-07,2.3562e-07,1.19e-07,0
0.00013398,4.2063e-06,0.012616,1,2.3586e-07,2.3586e-07,1.19e-07,0
0.00012577,4.2055e-06,0.012617,1,2.361e-07,2.361e-07,1.19e-07,0
0.00011754,4.2049e-06,0.012618,1,2.3633e-07,2.3633e-07,1.19e-07,0
0.00010931,4.2044e-06,0.012618,1,2.3657e-07,2.3657e-07,1.19e-07,0
0.00010108,4.2038e-06,0.012619,1,2.3681e-07,2.3681e-07,1.19e-07,0
9.2846e-05,4.2032e-06,0.01262,1,2.3705e-07,2.3705e-07,1.19e-07,0
8.4614e-05,4.2027e-06,0.01262,1,2.3729e-07,2.3729e-07,1.19e-07,0
7.6382e-05,4.2021e-06,0.012621,1,2.3752e-07,2.3752e-07,1.19e-07,0
6.815e-05,4.2015e-06,0.012622,1,2.3776e-07,2.3776e-07,1.19e-07,0
5.9917e-05,4.201e-06,0.012623,1,2.38e-07,2.38e-07,1.19e-07,0
