"B_demag.region2_zrange299_:0","B_demag.region2_zrange299_:1","B_demag.region2_zrange299_:2","vtkValidPointMask","arc_length","Points:0","Points:1","Points:2"
0.00021307,6.58e-06,0.013558,1,0,0,1.19e-07,0
0.00023797,6.6037e-06,0.013556,1,2.38e-10,2.38e-10,1.19e-07,0
0.00026286,6.6275e-06,0.013554,1,4.76e-10,4.76e-10,1.19e-07,0
0.00028775,6.6513e-06,0.013552,1,7.14e-10,7.14e-10,1.19e-07,0
0.00031264,6.675e-06,0.01355,1,9.52e-10,9.52e-10,1.19e-07,0
0.00033754,6.6988e-06,0.013548,1,1.19e-09,1.19e-09,1.19e-07,0
0.00036243,6.7226e-06,0.013546,1,1.428e-09,1.428e-09,1.19e-07,0
0.00038732,6.7463e-06,0.013544,1,1.666e-09,1.666e-09,1.19e-07,0
0.00041221,6.7701e-06,0.013542,1,1.904e-09,1.904e-09,1.19e-07,0
0.00043706,6.795e-06,0.013539,1,2.142e-09,2.142e-09,1.19e-07,0
0.00046188,6.8207e-06,0.013536,1,2.38e-09,2.38e-09,1.19e-07,0
0.00048669,6.8465e-06,0.013532,1,2.618e-09,2.618e-09,1.19e-07,0
0.00051151,6.8722e-06,0.013529,1,2.856e-09,2.856e-09,1.19e-07,0
0.00053633,6.8979e-06,0.013525,1,3.094e-09,3.094e-09,1.19e-07,0
0.00056114,6.9237e-06,0.013522,1,3.332e-09,3.332e-09,1.19e-07,0
0.00058596,6.9494e-06,0.013519,1,3.57e-09,3.57e-09,1.19e-07,0
0.00061078,6.9751e-06,0.013515,1,3.808e-09,3.808e-09,1.19e-07,0
0.00063557,7.0012e-06,0.013511,1,4.046e-09,4.046e-09,1.19e-07,0
0.00066026,7.0289e-06,0.013507,1,4.284e-09,4.284e-09,1.19e-07,0
0.00068495,7.0566e-06,0.013502,1,4.522e-09,4.522e-09,1.19e-07,0
0.00070965,7.0843e-06,0.013497,1,4.76e-09,4.76e-09,1.19e-07,0
0.00073434,7.1121e-06,0.013492,1,4.998e-09,4.998e-09,1.19e-07,0
0.00075903,7.1398e-06,0.013487,1,5.236e-09,5.236e-09,1.19e-07,0
0.00078372,7.1675e-06,0.013483,1,5.474e-09,5.474e-09,1.19e-07,0
0.00080842,7.1952e-06,0.013478,1,5.712e-09,5.712e-09,1.19e-07,0
0.00083311,7.2229e-06,0.013473,1,5.95e-09,5.95e-09,1.19e-07,0
0.00085766,7.2521e-06,0.013467,1,6.188e-09,6.188e-09,1.19e-07,0
0.00088218,7.2818e-06,0.013461,1,6.426e-09,6.426e-09,1.19e-07,0
0.0009067,7.3115e-06,0.013455,1,6.664e-09,6.664e-09,1.19e-07,0
0.00093122,7.3412e-06,0.013449,1,6.902e-09,6.902e-09,1.19e-07,0
0.00095574,7.3709e-06,0.013442,1,7.14e-09,7.14e-09,1.19e-07,0
0.00098026,7.4005e-06,0.013436,1,7.378e-09,7.378e-09,1.19e-07,0
0.0010048,7.4302e-06,0.01343,1,7.616e-09,7.616e-09,1.19e-07,0
0.0010293,7.4599e-06,0.013424,1,7.854e-09,7.854e-09,1.19e-07,0
0.0010537,7.4904e-06,0.013417,1,8.092e-09,8.092e-09,1.19e-07,0
0.001078,7.522e-06,0.01341,1,8.33e-09,8.33e-09,1.19e-07,0
0.0011023,7.5537e-06,0.013402,1,8.568e-09,8.568e-09,1.19e-07,0
0.0011266,7.5853e-06,0.013395,1,8.806e-09,8.806e-09,1.19e-07,0
0.0011509,7.617e-06,0.013387,1,9.044e-09,9.044e-09,1.19e-07,0
0.0011752,7.6487e-06,0.013379,1,9.282e-09,9.282e-09,1.19e-07,0
0.0011995,7.6803e-06,0.013372,1,9.52e-09,9.52e-09,1.19e-07,0
0.0012238,7.712e-06,0.013364,1,9.758e-09,9.758e-09,1.19e-07,0
0.0012481,7.7437e-06,0.013357,1,9.996e-09,9.996e-09,1.19e-07,0
0.0012721,7.7773e-06,0.013348,1,1.0234e-08,1.0234e-08,1.19e-07,0
0.0012962,7.8109e-06,0.013339,1,1.0472e-08,1.0472e-08,1.19e-07,0
0.0013202,7.8445e-06,0.01333,1,1.071e-08,1.071e-08,1.19e-07,0
0.0013442,7.8782e-06,0.013321,1,1.0948e-08,1.0948e-08,1.19e-07,0
0.0013682,7.9118e-06,0.013312,1,1.1186e-08,1.1186e-08,1.19e-07,0
0.0013923,7.9455e-06,0.013303,1,1.1424e-08,1.1424e-08,1.19e-07,0
0.0014163,7.9791e-06,0.013294,1,1.1662e-08,1.1662e-08,1.19e-07,0
0.0014403,8.0128e-06,0.013286,1,1.19e-08,1.19e-08,1.19e-07,0
0.0014641,8.0475e-06,0.013276,1,1.2138e-08,1.2138e-08,1.19e-07,0
0.0014878,8.0832e-06,0.013266,1,1.2376e-08,1.2376e-08,1.19e-07,0
0.0015115,8.1188e-06,0.013255,1,1.2614e-08,1.2614e-08,1.19e-07,0
0.0015352,8.1544e-06,0.013245,1,1.2852e-08,1.2852e-08,1.19e-07,0
0.0015589,8.19e-06,0.013235,1,1.309e-08,1.309e-08,1.19e-07,0
0.0015826,8.2256e-06,0.013225,1,1.3328e-08,1.3328e-08,1.19e-07,0
0.0016063,8.2612e-06,0.013214,1,1.3566e-08,1.3566e-08,1.19e-07,0
0.00163,8.2969e-06,0.013204,1,1.3804e-08,1.3804e-08,1.19e-07,0
0.0016537,8.3328e-06,0.013193,1,1.4042e-08,1.4042e-08,1.19e-07,0
0.001677,8.3704e-06,0.013182,1,1.428e-08,1.428e-08,1.19e-07,0
0.0017003,8.408e-06,0.01317,1,1.4518e-08,1.4518e-08,1.19e-07,0
0.0017236,8.4456e-06,0.013159,1,1.4756e-08,1.4756e-08,1.19e-07,0
0.001747,8.4832e-06,0.013147,1,1.4994e-08,1.4994e-08,1.19e-07,0
0.0017703,8.5207e-06,0.013135,1,1.5232e-08,1.5232e-08,1.19e-07,0
0.0017936,8.5583e-06,0.013124,1,1.547e-08,1.547e-08,1.19e-07,0
0.0018169,8.5959e-06,0.013112,1,1.5708e-08,1.5708e-08,1.19e-07,0
0.0018403,8.6335e-06,0.013101,1,1.5946e-08,1.5946e-08,1.19e-07,0
0.0018633,8.6726e-06,0.013088,1,1.6184e-08,1.6184e-08,1.19e-07,0
0.0018862,8.7121e-06,0.013075,1,1.6422e-08,1.6422e-08,1.19e-07,0
0.0019091,8.7517e-06,0.013062,1,1.666e-08,1.666e-08,1.19e-07,0
0.0019319,8.7912e-06,0.013049,1,1.6898e-08,1.6898e-08,1.19e-07,0
0.0019548,8.8307e-06,0.013036,1,1.7136e-08,1.7136e-08,1.19e-07,0
0.0019777,8.8703e-06,0.013023,1,1.7374e-08,1.7374e-08,1.19e-07,0
0.0020006,8.9098e-06,0.01301,1,1.7612e-08,1.7612e-08,1.19e-07,0
0.0020235,8.9494e-06,0.012997,1,1.785e-08,1.785e-08,1.19e-07,0
0.0020463,8.9896e-06,0.012984,1,1.8088e-08,1.8088e-08,1.19e-07,0
0.0020687,9.0311e-06,0.01297,1,1.8326e-08,1.8326e-08,1.19e-07,0
0.0020911,9.0726e-06,0.012955,1,1.8564e-08,1.8564e-08,1.19e-07,0
0.0021135,9.1141e-06,0.012941,1,1.8802e-08,1.8802e-08,1.19e-07,0
0.0021359,9.1555e-06,0.012927,1,1.904e-08,1.904e-08,1.19e-07,0
0.0021583,9.197e-06,0.012913,1,1.9278e-08,1.9278e-08,1.19e-07,0
0.0021807,9.2385e-06,0.012898,1,1.9516e-08,1.9516e-08,1.19e-07,0
0.0022032,9.28e-06,0.012884,1,1.9754e-08,1.9754e-08,1.19e-07,0
0.0022256,9.3214e-06,0.01287,1,1.9992e-08,1.9992e-08,1.19e-07,0
0.0022475,9.3648e-06,0.012854,1,2.023e-08,2.023e-08,1.19e-07,0
0.0022693,9.4082e-06,0.012839,1,2.0468e-08,2.0468e-08,1.19e-07,0
0.0022912,9.4516e-06,0.012823,1,2.0706e-08,2.0706e-08,1.19e-07,0
0.0023131,9.495e-06,0.012808,1,2.0944e-08,2.0944e-08,1.19e-07,0
0.002335,9.5383e-06,0.012792,1,2.1182e-08,2.1182e-08,1.19e-07,0
0.0023569,9.5817e-06,0.012776,1,2.142e-08,2.142e-08,1.19e-07,0
0.0023787,9.6251e-06,0.012761,1,2.1658e-08,2.1658e-08,1.19e-07,0
0.0024006,9.6685e-06,0.012745,1,2.1896e-08,2.1896e-08,1.19e-07,0
0.0024222,9.713e-06,0.012729,1,2.2134e-08,2.2134e-08,1.19e-07,0
0.0024435,9.7583e-06,0.012712,1,2.2372e-08,2.2372e-08,1.19e-07,0
0.0024648,9.8035e-06,0.012695,1,2.261e-08,2.261e-08,1.19e-07,0
0.002486,9.8488e-06,0.012678,1,2.2848e-08,2.2848e-08,1.19e-07,0
0.0025073,9.8941e-06,0.012662,1,2.3086e-08,2.3086e-08,1.19e-07,0
0.0025286,9.9394e-06,0.012645,1,2.3324e-08,2.3324e-08,1.19e-07,0
0.0025499,9.9846e-06,0.012628,1,2.3562e-08,2.3562e-08,1.19e-07,0
0.0025712,1.003e-05,0.012611,1,2.38e-08,2.38e-08,1.19e-07,0
0.0025924,1.0075e-05,0.012594,1,2.4038e-08,2.4038e-08,1.19e-07,0
0.002613,1.0123e-05,0.012576,1,2.4276e-08,2.4276e-08,1.19e-07,0
0.0026337,1.017e-05,0.012558,1,2.4514e-08,2.4514e-08,1.19e-07,0
0.0026543,1.0217e-05,0.01254,1,2.4752e-08,2.4752e-08,1.19e-07,0
0.002675,1.0264e-05,0.012522,1,2.499e-08,2.499e-08,1.19e-07,0
0.0026956,1.0311e-05,0.012503,1,2.5228e-08,2.5228e-08,1.19e-07,0
0.0027163,1.0358e-05,0.012485,1,2.5466e-08,2.5466e-08,1.19e-07,0
0.0027369,1.0405e-05,0.012467,1,2.5704e-08,2.5704e-08,1.19e-07,0
0.0027575,1.0452e-05,0.012449,1,2.5942e-08,2.5942e-08,1.19e-07,0
0.0027777,1.0501e-05,0.01243,1,2.618e-08,2.618e-08,1.19e-07,0
0.0027976,1.055e-05,0.012411,1,2.6418e-08,2.6418e-08,1.19e-07,0
0.0028175,1.0599e-05,0.012391,1,2.6656e-08,2.6656e-08,1.19e-07,0
0.0028375,1.0648e-05,0.012372,1,2.6894e-08,2.6894e-08,1.19e-07,0
0.0028574,1.0697e-05,0.012353,1,2.7132e-08,2.7132e-08,1.19e-07,0
0.0028774,1.0746e-05,0.012333,1,2.737e-08,2.737e-08,1.19e-07,0
0.0028973,1.0794e-05,0.012314,1,2.7608e-08,2.7608e-08,1.19e-07,0
0.0029173,1.0843e-05,0.012295,1,2.7846e-08,2.7846e-08,1.19e-07,0
0.0029369,1.0893e-05,0.012275,1,2.8084e-08,2.8084e-08,1.19e-07,0
0.0029561,1.0944e-05,0.012254,1,2.8322e-08,2.8322e-08,1.19e-07,0
0.0029753,1.0994e-05,0.012234,1,2.856e-08,2.856e-08,1.19e-07,0
0.0029945,1.1045e-05,0.012213,1,2.8798e-08,2.8798e-08,1.19e-07,0
0.0030137,1.1096e-05,0.012193,1,2.9036e-08,2.9036e-08,1.19e-07,0
0.0030329,1.1146e-05,0.012172,1,2.9274e-08,2.9274e-08,1.19e-07,0
0.003052,1.1197e-05,0.012152,1,2.9512e-08,2.9512e-08,1.19e-07,0
0.0030712,1.1247e-05,0.012131,1,2.975e-08,2.975e-08,1.19e-07,0
0.0030904,1.1298e-05,0.01211,1,2.9988e-08,2.9988e-08,1.19e-07,0
0.0031088,1.135e-05,0.012089,1,3.0226e-08,3.0226e-08,1.19e-07,0
0.0031272,1.1403e-05,0.012067,1,3.0464e-08,3.0464e-08,1.19e-07,0
0.0031456,1.1455e-05,0.012045,1,3.0702e-08,3.0702e-08,1.19e-07,0
0.0031639,1.1507e-05,0.012024,1,3.094e-08,3.094e-08,1.19e-07,0
0.0031823,1.156e-05,0.012002,1,3.1178e-08,3.1178e-08,1.19e-07,0
0.0032007,1.1612e-05,0.01198,1,3.1416e-08,3.1416e-08,1.19e-07,0
0.003219,1.1664e-05,0.011958,1,3.1654e-08,3.1654e-08,1.19e-07,0
0.0032374,1.1717e-05,0.011937,1,3.1892e-08,3.1892e-08,1.19e-07,0
0.0032553,1.177e-05,0.011914,1,3.213e-08,3.213e-08,1.19e-07,0
0.0032728,1.1824e-05,0.011891,1,3.2368e-08,3.2368e-08,1.19e-07,0
0.0032903,1.1878e-05,0.011868,1,3.2606e-08,3.2606e-08,1.19e-07,0
0.0033078,1.1932e-05,0.011846,1,3.2844e-08,3.2844e-08,1.19e-07,0
0.0033253,1.1985e-05,0.011823,1,3.3082e-08,3.3082e-08,1.19e-07,0
0.0033428,1.2039e-05,0.0118,1,3.332e-08,3.332e-08,1.19e-07,0
0.0033603,1.2093e-05,0.011777,1,3.3558e-08,3.3558e-08,1.19e-07,0
0.0033778,1.2147e-05,0.011754,1,3.3796e-08,3.3796e-08,1.19e-07,0
0.0033951,1.2201e-05,0.011731,1,3.4034e-08,3.4034e-08,1.19e-07,0
0.0034117,1.2257e-05,0.011707,1,3.4272e-08,3.4272e-08,1.19e-07,0
0.0034283,1.2312e-05,0.011683,1,3.451e-08,3.451e-08,1.19e-07,0
0.0034448,1.2368e-05,0.011659,1,3.4748e-08,3.4748e-08,1.19e-07,0
0.0034614,1.2423e-05,0.011635,1,3.4986e-08,3.4986e-08,1.19e-07,0
0.003478,1.2478e-05,0.011611,1,3.5224e-08,3.5224e-08,1.19e-07,0
0.0034945,1.2534e-05,0.011587,1,3.5462e-08,3.5462e-08,1.19e-07,0
0.0035111,1.2589e-05,0.011563,1,3.57e-08,3.57e-08,1.19e-07,0
0.0035277,1.2645e-05,0.011539,1,3.5938e-08,3.5938e-08,1.19e-07,0
0.0035435,1.2701e-05,0.011514,1,3.6176e-08,3.6176e-08,1.19e-07,0
0.0035591,1.2758e-05,0.011489,1,3.6414e-08,3.6414e-08,1.19e-07,0
0.0035747,1.2814e-05,0.011464,1,3.6652e-08,3.6652e-08,1.19e-07,0
0.0035902,1.2871e-05,0.011439,1,3.689e-08,3.689e-08,1.19e-07,0
0.0036058,1.2928e-05,0.011414,1,3.7128e-08,3.7128e-08,1.19e-07,0
0.0036214,1.2985e-05,0.011389,1,3.7366e-08,3.7366e-08,1.19e-07,0
0.003637,1.3042e-05,0.011364,1,3.7604e-08,3.7604e-08,1.19e-07,0
0.0036526,1.3098e-05,0.011339,1,3.7842e-08,3.7842e-08,1.19e-07,0
0.0036678,1.3156e-05,0.011314,1,3.808e-08,3.808e-08,1.19e-07,0
0.0036823,1.3214e-05,0.011288,1,3.8318e-08,3.8318e-08,1.19e-07,0
0.0036969,1.3272e-05,0.011262,1,3.8556e-08,3.8556e-08,1.19e-07,0
0.0037114,1.333e-05,0.011236,1,3.8794e-08,3.8794e-08,1.19e-07,0
0.0037259,1.3388e-05,0.01121,1,3.9032e-08,3.9032e-08,1.19e-07,0
0.0037405,1.3446e-05,0.011184,1,3.927e-08,3.927e-08,1.19e-07,0
0.003755,1.3504e-05,0.011158,1,3.9508e-08,3.9508e-08,1.19e-07,0
0.0037696,1.3562e-05,0.011131,1,3.9746e-08,3.9746e-08,1.19e-07,0
0.0037841,1.362e-05,0.011105,1,3.9984e-08,3.9984e-08,1.19e-07,0
0.0037976,1.3679e-05,0.011078,1,4.0222e-08,4.0222e-08,1.19e-07,0
0.003811,1.3738e-05,0.011051,1,4.046e-08,4.046e-08,1.19e-07,0
0.0038245,1.3797e-05,0.011024,1,4.0698e-08,4.0698e-08,1.19e-07,0
0.0038379,1.3857e-05,0.010997,1,4.0936e-08,4.0936e-08,1.19e-07,0
0.0038514,1.3916e-05,0.01097,1,4.1174e-08,4.1174e-08,1.19e-07,0
0.0038648,1.3975e-05,0.010943,1,4.1412e-08,4.1412e-08,1.19e-07,0
0.0038782,1.4034e-05,0.010916,1,4.165e-08,4.165e-08,1.19e-07,0
0.0038917,1.4093e-05,0.010889,1,4.1888e-08,4.1888e-08,1.19e-07,0
0.0039045,1.4153e-05,0.010862,1,4.2126e-08,4.2126e-08,1.19e-07,0
0.0039168,1.4213e-05,0.010834,1,4.2364e-08,4.2364e-08,1.19e-07,0
0.0039291,1.4273e-05,0.010806,1,4.2602e-08,4.2602e-08,1.19e-07,0
0.0039413,1.4334e-05,0.010778,1,4.284e-08,4.284e-08,1.19e-07,0
0.0039536,1.4394e-05,0.01075,1,4.3078e-08,4.3078e-08,1.19e-07,0
0.0039659,1.4454e-05,0.010722,1,4.3316e-08,4.3316e-08,1.19e-07,0
0.0039782,1.4514e-05,0.010695,1,4.3554e-08,4.3554e-08,1.19e-07,0
0.0039905,1.4574e-05,0.010667,1,4.3792e-08,4.3792e-08,1.19e-07,0
0.0040026,1.4634e-05,0.010639,1,4.403e-08,4.403e-08,1.19e-07,0
0.0040137,1.4695e-05,0.01061,1,4.4268e-08,4.4268e-08,1.19e-07,0
0.0040248,1.4756e-05,0.010581,1,4.4506e-08,4.4506e-08,1.19e-07,0
0.0040358,1.4817e-05,0.010552,1,4.4744e-08,4.4744e-08,1.19e-07,0
0.0040469,1.4878e-05,0.010524,1,4.4982e-08,4.4982e-08,1.19e-07,0
0.004058,1.4939e-05,0.010495,1,4.522e-08,4.522e-08,1.19e-07,0
0.0040691,1.5e-05,0.010466,1,4.5458e-08,4.5458e-08,1.19e-07,0
0.0040802,1.5061e-05,0.010437,1,4.5696e-08,4.5696e-08,1.19e-07,0
0.0040912,1.5122e-05,0.010409,1,4.5934e-08,4.5934e-08,1.19e-07,0
0.0041014,1.5184e-05,0.010379,1,4.6172e-08,4.6172e-08,1.19e-07,0
0.0041112,1.5246e-05,0.01035,1,4.641e-08,4.641e-08,1.19e-07,0
0.004121,1.5307e-05,0.01032,1,4.6648e-08,4.6648e-08,1.19e-07,0
0.0041309,1.5369e-05,0.010291,1,4.6886e-08,4.6886e-08,1.19e-07,0
0.0041407,1.543e-05,0.010261,1,4.7124e-08,4.7124e-08,1.19e-07,0
0.0041505,1.5492e-05,0.010232,1,4.7362e-08,4.7362e-08,1.19e-07,0
0.0041603,1.5554e-05,0.010202,1,4.76e-08,4.76e-08,1.19e-07,0
0.0041701,1.5615e-05,0.010173,1,4.7838e-08,4.7838e-08,1.19e-07,0
0.0041795,1.5677e-05,0.010143,1,4.8076e-08,4.8076e-08,1.19e-07,0
0.004188,1.5739e-05,0.010113,1,4.8314e-08,4.8314e-08,1.19e-07,0
0.0041965,1.5801e-05,0.010083,1,4.8552e-08,4.8552e-08,1.19e-07,0
0.0042051,1.5864e-05,0.010052,1,4.879e-08,4.879e-08,1.19e-07,0
0.0042136,1.5926e-05,0.010022,1,4.9028e-08,4.9028e-08,1.19e-07,0
0.0042221,1.5988e-05,0.0099919,1,4.9266e-08,4.9266e-08,1.19e-07,0
0.0042306,1.605e-05,0.0099617,1,4.9504e-08,4.9504e-08,1.19e-07,0
0.0042391,1.6112e-05,0.0099315,1,4.9742e-08,4.9742e-08,1.19e-07,0
0.0042476,1.6174e-05,0.0099013,1,4.998e-08,4.998e-08,1.19e-07,0
0.0042549,1.6237e-05,0.0098705,1,5.0218e-08,5.0218e-08,1.19e-07,0
0.004262,1.6299e-05,0.0098396,1,5.0456e-08,5.0456e-08,1.19e-07,0
0.0042692,1.6361e-05,0.0098088,1,5.0694e-08,5.0694e-08,1.19e-07,0
0.0042763,1.6424e-05,0.009778,1,5.0932e-08,5.0932e-08,1.19e-07,0
0.0042835,1.6486e-05,0.0097471,1,5.117e-08,5.117e-08,1.19e-07,0
0.0042907,1.6549e-05,0.0097163,1,5.1408e-08,5.1408e-08,1.19e-07,0
0.0042978,1.6611e-05,0.0096854,1,5.1646e-08,5.1646e-08,1.19e-07,0
0.004305,1.6673e-05,0.0096546,1,5.1884e-08,5.1884e-08,1.19e-07,0
0.0043114,1.6736e-05,0.0096235,1,5.2122e-08,5.2122e-08,1.19e-07,0
0.0043172,1.6798e-05,0.0095921,1,5.236e-08,5.236e-08,1.19e-07,0
0.0043229,1.6861e-05,0.0095607,1,5.2598e-08,5.2598e-08,1.19e-07,0
0.0043287,1.6923e-05,0.0095293,1,5.2836e-08,5.2836e-08,1.19e-07,0
0.0043345,1.6986e-05,0.0094979,1,5.3074e-08,5.3074e-08,1.19e-07,0
0.0043402,1.7048e-05,0.0094666,1,5.3312e-08,5.3312e-08,1.19e-07,0
0.004346,1.7111e-05,0.0094352,1,5.355e-08,5.355e-08,1.19e-07,0
0.0043517,1.7173e-05,0.0094038,1,5.3788e-08,5.3788e-08,1.19e-07,0
0.0043573,1.7236e-05,0.0093724,1,5.4026e-08,5.4026e-08,1.19e-07,0
0.0043617,1.7298e-05,0.0093405,1,5.4264e-08,5.4264e-08,1.19e-07,0
0.004366,1.736e-05,0.0093087,1,5.4502e-08,5.4502e-08,1.19e-07,0
0.0043703,1.7422e-05,0.0092768,1,5.474e-08,5.474e-08,1.19e-07,0
0.0043746,1.7485e-05,0.009245,1,5.4978e-08,5.4978e-08,1.19e-07,0
0.0043789,1.7547e-05,0.0092132,1,5.5216e-08,5.5216e-08,1.19e-07,0
0.0043833,1.7609e-05,0.0091813,1,5.5454e-08,5.5454e-08,1.19e-07,0
0.0043876,1.7672e-05,0.0091495,1,5.5692e-08,5.5692e-08,1.19e-07,0
0.0043919,1.7734e-05,0.0091177,1,5.593e-08,5.593e-08,1.19e-07,0
0.0043952,1.7796e-05,0.0090856,1,5.6168e-08,5.6168e-08,1.19e-07,0
0.004398,1.7858e-05,0.0090534,1,5.6406e-08,5.6406e-08,1.19e-07,0
0.0044009,1.792e-05,0.0090212,1,5.6644e-08,5.6644e-08,1.19e-07,0
0.0044038,1.7982e-05,0.008989,1,5.6882e-08,5.6882e-08,1.19e-07,0
0.0044066,1.8044e-05,0.0089568,1,5.712e-08,5.712e-08,1.19e-07,0
0.0044095,1.8106e-05,0.0089246,1,5.7358e-08,5.7358e-08,1.19e-07,0
0.0044123,1.8168e-05,0.0088924,1,5.7596e-08,5.7596e-08,1.19e-07,0
0.0044152,1.823e-05,0.0088602,1,5.7834e-08,5.7834e-08,1.19e-07,0
0.0044176,1.8292e-05,0.0088279,1,5.8072e-08,5.8072e-08,1.19e-07,0
0.0044189,1.8353e-05,0.0087954,1,5.831e-08,5.831e-08,1.19e-07,0
0.0044203,1.8414e-05,0.008763,1,5.8548e-08,5.8548e-08,1.19e-07,0
0.0044216,1.8476e-05,0.0087305,1,5.8786e-08,5.8786e-08,1.19e-07,0
0.004423,1.8537e-05,0.008698,1,5.9024e-08,5.9024e-08,1.19e-07,0
0.0044243,1.8599e-05,0.0086656,1,5.9262e-08,5.9262e-08,1.19e-07,0
0.0044257,1.866e-05,0.0086331,1,5.95e-08,5.95e-08,1.19e-07,0
0.004427,1.8721e-05,0.0086006,1,5.9738e-08,5.9738e-08,1.19e-07,0
0.0044284,1.8783e-05,0.0085682,1,5.9976e-08,5.9976e-08,1.19e-07,0
0.0044284,1.8843e-05,0.0085355,1,6.0214e-08,6.0214e-08,1.19e-07,0
0.0044282,1.8904e-05,0.0085029,1,6.0452e-08,6.0452e-08,1.19e-07,0
0.004428,1.8964e-05,0.0084703,1,6.069e-08,6.069e-08,1.19e-07,0
0.0044278,1.9025e-05,0.0084376,1,6.0928e-08,6.0928e-08,1.19e-07,0
0.0044277,1.9086e-05,0.008405,1,6.1166e-08,6.1166e-08,1.19e-07,0
0.0044275,1.9146e-05,0.0083724,1,6.1404e-08,6.1404e-08,1.19e-07,0
0.0044273,1.9207e-05,0.0083397,1,6.1642e-08,6.1642e-08,1.19e-07,0
0.0044272,1.9267e-05,0.0083071,1,6.188e-08,6.188e-08,1.19e-07,0
0.0044262,1.9327e-05,0.0082745,1,6.2118e-08,6.2118e-08,1.19e-07,0
0.0044245,1.9387e-05,0.0082418,1,6.2356e-08,6.2356e-08,1.19e-07,0
0.0044228,1.9446e-05,0.0082091,1,6.2594e-08,6.2594e-08,1.19e-07,0
0.0044211,1.9506e-05,0.0081764,1,6.2832e-08,6.2832e-08,1.19e-07,0
0.0044194,1.9565e-05,0.0081437,1,6.307e-08,6.307e-08,1.19e-07,0
0.0044177,1.9625e-05,0.008111,1,6.3308e-08,6.3308e-08,1.19e-07,0
0.004416,1.9684e-05,0.0080783,1,6.3546e-08,6.3546e-08,1.19e-07,0
0.0044142,1.9744e-05,0.0080456,1,6.3784e-08,6.3784e-08,1.19e-07,0
0.0044124,1.9803e-05,0.0080129,1,6.4022e-08,6.4022e-08,1.19e-07,0
0.0044091,1.9861e-05,0.0079803,1,6.426e-08,6.426e-08,1.19e-07,0
0.0044059,1.9919e-05,0.0079476,1,6.4498e-08,6.4498e-08,1.19e-07,0
0.0044026,1.9978e-05,0.0079149,1,6.4736e-08,6.4736e-08,1.19e-07,0
0.0043994,2.0036e-05,0.0078823,1,6.4974e-08,6.4974e-08,1.19e-07,0
0.0043961,2.0094e-05,0.0078496,1,6.5212e-08,6.5212e-08,1.19e-07,0
0.0043928,2.0152e-05,0.007817,1,6.545e-08,6.545e-08,1.19e-07,0
0.0043896,2.021e-05,0.0077843,1,6.5688e-08,6.5688e-08,1.19e-07,0
0.0043863,2.0268e-05,0.0077517,1,6.5926e-08,6.5926e-08,1.19e-07,0
0.004382,2.0326e-05,0.0077191,1,6.6164e-08,6.6164e-08,1.19e-07,0
0.0043772,2.0382e-05,0.0076866,1,6.6402e-08,6.6402e-08,1.19e-07,0
0.0043724,2.0439e-05,0.0076541,1,6.664e-08,6.664e-08,1.19e-07,0
0.0043676,2.0495e-05,0.0076216,1,6.6878e-08,6.6878e-08,1.19e-07,0
0.0043628,2.0552e-05,0.0075891,1,6.7116e-08,6.7116e-08,1.19e-07,0
0.004358,2.0609e-05,0.0075566,1,6.7354e-08,6.7354e-08,1.19e-07,0
0.0043531,2.0665e-05,0.0075241,1,6.7592e-08,6.7592e-08,1.19e-07,0
0.0043483,2.0722e-05,0.0074916,1,6.783e-08,6.783e-08,1.19e-07,0
0.0043431,2.0778e-05,0.0074592,1,6.8068e-08,6.8068e-08,1.19e-07,0
0.0043367,2.0833e-05,0.0074269,1,6.8306e-08,6.8306e-08,1.19e-07,0
0.0043304,2.0887e-05,0.0073947,1,6.8544e-08,6.8544e-08,1.19e-07,0
0.004324,2.0942e-05,0.0073624,1,6.8782e-08,6.8782e-08,1.19e-07,0
0.0043177,2.0997e-05,0.0073301,1,6.902e-08,6.902e-08,1.19e-07,0
0.0043113,2.1052e-05,0.0072979,1,6.9258e-08,6.9258e-08,1.19e-07,0
0.004305,2.1107e-05,0.0072656,1,6.9496e-08,6.9496e-08,1.19e-07,0
0.0042986,2.1161e-05,0.0072334,1,6.9734e-08,6.9734e-08,1.19e-07,0
0.0042922,2.1216e-05,0.0072011,1,6.9972e-08,6.9972e-08,1.19e-07,0
0.0042845,2.1269e-05,0.0071692,1,7.021e-08,7.021e-08,1.19e-07,0
0.0042766,2.1322e-05,0.0071373,1,7.0448e-08,7.0448e-08,1.19e-07,0
0.0042687,2.1374e-05,0.0071054,1,7.0686e-08,7.0686e-08,1.19e-07,0
0.0042609,2.1427e-05,0.0070734,1,7.0924e-08,7.0924e-08,1.19e-07,0
0.004253,2.148e-05,0.0070415,1,7.1162e-08,7.1162e-08,1.19e-07,0
0.0042451,2.1533e-05,0.0070096,1,7.14e-08,7.14e-08,1.19e-07,0
0.0042372,2.1585e-05,0.0069777,1,7.1638e-08,7.1638e-08,1.19e-07,0
0.0042293,2.1638e-05,0.0069458,1,7.1876e-08,7.1876e-08,1.19e-07,0
0.0042207,2.1689e-05,0.0069141,1,7.2114e-08,7.2114e-08,1.19e-07,0
0.0042113,2.174e-05,0.0068827,1,7.2352e-08,7.2352e-08,1.19e-07,0
0.0042018,2.179e-05,0.0068512,1,7.259e-08,7.259e-08,1.19e-07,0
0.0041924,2.184e-05,0.0068197,1,7.2828e-08,7.2828e-08,1.19e-07,0
0.004183,2.1891e-05,0.0067883,1,7.3066e-08,7.3066e-08,1.19e-07,0
0.0041736,2.1941e-05,0.0067568,1,7.3304e-08,7.3304e-08,1.19e-07,0
0.0041642,2.1991e-05,0.0067254,1,7.3542e-08,7.3542e-08,1.19e-07,0
0.0041548,2.2041e-05,0.0066939,1,7.378e-08,7.378e-08,1.19e-07,0
0.0041452,2.2092e-05,0.0066625,1,7.4018e-08,7.4018e-08,1.19e-07,0
0.0041343,2.2139e-05,0.0066316,1,7.4256e-08,7.4256e-08,1.19e-07,0
0.0041234,2.2187e-05,0.0066007,1,7.4494e-08,7.4494e-08,1.19e-07,0
0.0041125,2.2234e-05,0.0065697,1,7.4732e-08,7.4732e-08,1.19e-07,0
0.0041016,2.2282e-05,0.0065388,1,7.497e-08,7.497e-08,1.19e-07,0
0.0040907,2.233e-05,0.0065079,1,7.5208e-08,7.5208e-08,1.19e-07,0
0.0040797,2.2377e-05,0.006477,1,7.5446e-08,7.5446e-08,1.19e-07,0
0.0040688,2.2425e-05,0.0064461,1,7.5684e-08,7.5684e-08,1.19e-07,0
0.0040579,2.2473e-05,0.0064151,1,7.5922e-08,7.5922e-08,1.19e-07,0
0.004046,2.2518e-05,0.0063847,1,7.616e-08,7.616e-08,1.19e-07,0
0.0040336,2.2563e-05,0.0063544,1,7.6398e-08,7.6398e-08,1.19e-07,0
0.0040212,2.2608e-05,0.0063241,1,7.6636e-08,7.6636e-08,1.19e-07,0
0.0040088,2.2652e-05,0.0062938,1,7.6874e-08,7.6874e-08,1.19e-07,0
0.0039964,2.2697e-05,0.0062635,1,7.7112e-08,7.7112e-08,1.19e-07,0
0.003984,2.2742e-05,0.0062333,1,7.735e-08,7.735e-08,1.19e-07,0
0.0039716,2.2786e-05,0.006203,1,7.7588e-08,7.7588e-08,1.19e-07,0
0.0039592,2.2831e-05,0.0061727,1,7.7826e-08,7.7826e-08,1.19e-07,0
0.0039464,2.2875e-05,0.0061426,1,7.8064e-08,7.8064e-08,1.19e-07,0
0.0039326,2.2916e-05,0.0061131,1,7.8302e-08,7.8302e-08,1.19e-07,0
0.0039187,2.2958e-05,0.0060835,1,7.854e-08,7.854e-08,1.19e-07,0
0.0039049,2.3e-05,0.006054,1,7.8778e-08,7.8778e-08,1.19e-07,0
0.003891,2.3041e-05,0.0060244,1,7.9016e-08,7.9016e-08,1.19e-07,0
0.0038772,2.3083e-05,0.0059949,1,7.9254e-08,7.9254e-08,1.19e-07,0
0.0038633,2.3124e-05,0.0059653,1,7.9492e-08,7.9492e-08,1.19e-07,0
0.0038495,2.3166e-05,0.0059358,1,7.973e-08,7.973e-08,1.19e-07,0
0.0038356,2.3207e-05,0.0059062,1,7.9968e-08,7.9968e-08,1.19e-07,0
0.0038205,2.3246e-05,0.0058774,1,8.0206e-08,8.0206e-08,1.19e-07,0
0.0038053,2.3284e-05,0.0058487,1,8.0444e-08,8.0444e-08,1.19e-07,0
0.00379,2.3322e-05,0.00582,1,8.0682e-08,8.0682e-08,1.19e-07,0
0.0037747,2.336e-05,0.0057913,1,8.092e-08,8.092e-08,1.19e-07,0
0.0037594,2.3399e-05,0.0057625,1,8.1158e-08,8.1158e-08,1.19e-07,0
0.0037441,2.3437e-05,0.0057338,1,8.1396e-08,8.1396e-08,1.19e-07,0
0.0037289,2.3475e-05,0.0057051,1,8.1634e-08,8.1634e-08,1.19e-07,0
0.0037136,2.3513e-05,0.0056764,1,8.1872e-08,8.1872e-08,1.19e-07,0
0.0036977,2.3549e-05,0.0056481,1,8.211e-08,8.211e-08,1.19e-07,0
0.003681,2.3584e-05,0.0056203,1,8.2348e-08,8.2348e-08,1.19e-07,0
0.0036643,2.3619e-05,0.0055925,1,8.2586e-08,8.2586e-08,1.19e-07,0
0.0036477,2.3653e-05,0.0055647,1,8.2824e-08,8.2824e-08,1.19e-07,0
0.003631,2.3688e-05,0.005537,1,8.3062e-08,8.3062e-08,1.19e-07,0
0.0036143,2.3722e-05,0.0055092,1,8.33e-08,8.33e-08,1.19e-07,0
0.0035976,2.3757e-05,0.0054814,1,8.3538e-08,8.3538e-08,1.19e-07,0
0.003581,2.3792e-05,0.0054536,1,8.3776e-08,8.3776e-08,1.19e-07,0
0.0035642,2.3826e-05,0.0054259,1,8.4014e-08,8.4014e-08,1.19e-07,0
0.0035462,2.3857e-05,0.0053991,1,8.4252e-08,8.4252e-08,1.19e-07,0
0.0035282,2.3887e-05,0.0053723,1,8.449e-08,8.449e-08,1.19e-07,0
0.0035102,2.3918e-05,0.0053456,1,8.4728e-08,8.4728e-08,1.19e-07,0
0.0034921,2.3949e-05,0.0053188,1,8.4966e-08,8.4966e-08,1.19e-07,0
0.0034741,2.398e-05,0.0052921,1,8.5204e-08,8.5204e-08,1.19e-07,0
0.0034561,2.4011e-05,0.0052653,1,8.5442e-08,8.5442e-08,1.19e-07,0
0.0034381,2.4041e-05,0.0052385,1,8.568e-08,8.568e-08,1.19e-07,0
0.00342,2.4072e-05,0.0052118,1,8.5918e-08,8.5918e-08,1.19e-07,0
0.0034012,2.41e-05,0.0051858,1,8.6156e-08,8.6156e-08,1.19e-07,0
0.0033818,2.4127e-05,0.0051601,1,8.6394e-08,8.6394e-08,1.19e-07,0
0.0033625,2.4154e-05,0.0051345,1,8.6632e-08,8.6632e-08,1.19e-07,0
0.0033432,2.4181e-05,0.0051088,1,8.687e-08,8.687e-08,1.19e-07,0
0.0033238,2.4208e-05,0.0050832,1,8.7108e-08,8.7108e-08,1.19e-07,0
0.0033045,2.4235e-05,0.0050576,1,8.7346e-08,8.7346e-08,1.19e-07,0
0.0032852,2.4262e-05,0.0050319,1,8.7584e-08,8.7584e-08,1.19e-07,0
0.0032658,2.4288e-05,0.0050063,1,8.7822e-08,8.7822e-08,1.19e-07,0
0.0032462,2.4314e-05,0.004981,1,8.806e-08,8.806e-08,1.19e-07,0
0.0032256,2.4337e-05,0.0049565,1,8.8298e-08,8.8298e-08,1.19e-07,0
0.003205,2.436e-05,0.0049321,1,8.8536e-08,8.8536e-08,1.19e-07,0
0.0031844,2.4383e-05,0.0049077,1,8.8774e-08,8.8774e-08,1.19e-07,0
0.0031638,2.4405e-05,0.0048833,1,8.9012e-08,8.9012e-08,1.19e-07,0
0.0031432,2.4428e-05,0.0048589,1,8.925e-08,8.925e-08,1.19e-07,0
0.0031226,2.4451e-05,0.0048345,1,8.9488e-08,8.9488e-08,1.19e-07,0
0.003102,2.4474e-05,0.00481,1,8.9726e-08,8.9726e-08,1.19e-07,0
0.0030814,2.4496e-05,0.0047856,1,8.9964e-08,8.9964e-08,1.19e-07,0
0.0030598,2.4516e-05,0.0047623,1,9.0202e-08,9.0202e-08,1.19e-07,0
0.003038,2.4534e-05,0.0047392,1,9.044e-08,9.044e-08,1.19e-07,0
0.0030162,2.4553e-05,0.0047161,1,9.0678e-08,9.0678e-08,1.19e-07,0
0.0029944,2.4571e-05,0.004693,1,9.0916e-08,9.0916e-08,1.19e-07,0
0.0029726,2.459e-05,0.0046699,1,9.1154e-08,9.1154e-08,1.19e-07,0
0.0029508,2.4608e-05,0.0046468,1,9.1392e-08,9.1392e-08,1.19e-07,0
0.002929,2.4627e-05,0.0046237,1,9.163e-08,9.163e-08,1.19e-07,0
0.0029073,2.4645e-05,0.0046006,1,9.1868e-08,9.1868e-08,1.19e-07,0
0.0028849,2.4662e-05,0.0045781,1,9.2106e-08,9.2106e-08,1.19e-07,0
0.002862,2.4676e-05,0.0045564,1,9.2344e-08,9.2344e-08,1.19e-07,0
0.0028391,2.469e-05,0.0045347,1,9.2582e-08,9.2582e-08,1.19e-07,0
0.0028161,2.4704e-05,0.004513,1,9.282e-08,9.282e-08,1.19e-07,0
0.0027932,2.4719e-05,0.0044913,1,9.3058e-08,9.3058e-08,1.19e-07,0
0.0027703,2.4733e-05,0.0044696,1,9.3296e-08,9.3296e-08,1.19e-07,0
0.0027473,2.4747e-05,0.0044479,1,9.3534e-08,9.3534e-08,1.19e-07,0
0.0027244,2.4761e-05,0.0044262,1,9.3772e-08,9.3772e-08,1.19e-07,0
0.0027014,2.4775e-05,0.0044046,1,9.401e-08,9.401e-08,1.19e-07,0
0.0026774,2.4785e-05,0.0043844,1,9.4248e-08,9.4248e-08,1.19e-07,0
0.0026534,2.4795e-05,0.0043641,1,9.4486e-08,9.4486e-08,1.19e-07,0
0.0026294,2.4805e-05,0.0043439,1,9.4724e-08,9.4724e-08,1.19e-07,0
0.0026054,2.4814e-05,0.0043237,1,9.4962e-08,9.4962e-08,1.19e-07,0
0.0025814,2.4824e-05,0.0043035,1,9.52e-08,9.52e-08,1.19e-07,0
0.0025574,2.4834e-05,0.0042833,1,9.5438e-08,9.5438e-08,1.19e-07,0
0.0025334,2.4844e-05,0.0042631,1,9.5676e-08,9.5676e-08,1.19e-07,0
0.0025094,2.4854e-05,0.0042429,1,9.5914e-08,9.5914e-08,1.19e-07,0
0.0024847,2.486e-05,0.0042237,1,9.6152e-08,9.6152e-08,1.19e-07,0
0.0024597,2.4866e-05,0.004205,1,9.639e-08,9.639e-08,1.19e-07,0
0.0024347,2.4871e-05,0.0041864,1,9.6628e-08,9.6628e-08,1.19e-07,0
0.0024097,2.4876e-05,0.0041677,1,9.6866e-08,9.6866e-08,1.19e-07,0
0.0023847,2.4882e-05,0.0041491,1,9.7104e-08,9.7104e-08,1.19e-07,0
0.0023597,2.4887e-05,0.0041304,1,9.7342e-08,9.7342e-08,1.19e-07,0
0.0023347,2.4892e-05,0.0041118,1,9.758e-08,9.758e-08,1.19e-07,0
0.0023097,2.4898e-05,0.0040931,1,9.7818e-08,9.7818e-08,1.19e-07,0
0.0022845,2.4902e-05,0.0040749,1,9.8056e-08,9.8056e-08,1.19e-07,0
0.0022586,2.4903e-05,0.0040579,1,9.8294e-08,9.8294e-08,1.19e-07,0
0.0022327,2.4904e-05,0.0040409,1,9.8532e-08,9.8532e-08,1.19e-07,0
0.0022068,2.4904e-05,0.0040239,1,9.877e-08,9.877e-08,1.19e-07,0
0.0021809,2.4905e-05,0.0040069,1,9.9008e-08,9.9008e-08,1.19e-07,0
0.0021549,2.4906e-05,0.0039899,1,9.9246e-08,9.9246e-08,1.19e-07,0
0.002129,2.4907e-05,0.0039729,1,9.9484e-08,9.9484e-08,1.19e-07,0
0.0021031,2.4908e-05,0.0039559,1,9.9722e-08,9.9722e-08,1.19e-07,0
0.0020772,2.4908e-05,0.0039389,1,9.996e-08,9.996e-08,1.19e-07,0
0.0020506,2.4905e-05,0.0039233,1,1.002e-07,1.002e-07,1.19e-07,0
0.0020238,2.4902e-05,0.003908,1,1.0044e-07,1.0044e-07,1.19e-07,0
0.0019971,2.4898e-05,0.0038927,1,1.0067e-07,1.0067e-07,1.19e-07,0
0.0019703,2.4894e-05,0.0038774,1,1.0091e-07,1.0091e-07,1.19e-07,0
0.0019436,2.489e-05,0.0038621,1,1.0115e-07,1.0115e-07,1.19e-07,0
0.0019169,2.4887e-05,0.0038468,1,1.0139e-07,1.0139e-07,1.19e-07,0
0.0018901,2.4883e-05,0.0038315,1,1.0163e-07,1.0163e-07,1.19e-07,0
0.0018634,2.4879e-05,0.0038162,1,1.0186e-07,1.0186e-07,1.19e-07,0
0.0018363,2.4874e-05,0.0038017,1,1.021e-07,1.021e-07,1.19e-07,0
0.0018088,2.4865e-05,0.0037882,1,1.0234e-07,1.0234e-07,1.19e-07,0
0.0017813,2.4857e-05,0.0037747,1,1.0258e-07,1.0258e-07,1.19e-07,0
0.0017538,2.4849e-05,0.0037611,1,1.0282e-07,1.0282e-07,1.19e-07,0
0.0017263,2.4841e-05,0.0037476,1,1.0305e-07,1.0305e-07,1.19e-07,0
0.0016989,2.4832e-05,0.0037341,1,1.0329e-07,1.0329e-07,1.19e-07,0
0.0016714,2.4824e-05,0.0037206,1,1.0353e-07,1.0353e-07,1.19e-07,0
0.0016439,2.4816e-05,0.0037071,1,1.0377e-07,1.0377e-07,1.19e-07,0
0.0016164,2.4808e-05,0.0036936,1,1.0401e-07,1.0401e-07,1.19e-07,0
0.0015882,2.4795e-05,0.0036819,1,1.0424e-07,1.0424e-07,1.19e-07,0
0.0015601,2.4782e-05,0.0036702,1,1.0448e-07,1.0448e-07,1.19e-07,0
0.001532,2.477e-05,0.0036585,1,1.0472e-07,1.0472e-07,1.19e-07,0
0.0015038,2.4757e-05,0.0036468,1,1.0496e-07,1.0496e-07,1.19e-07,0
0.0014757,2.4744e-05,0.0036351,1,1.052e-07,1.052e-07,1.19e-07,0
0.0014476,2.4731e-05,0.0036234,1,1.0543e-07,1.0543e-07,1.19e-07,0
0.0014194,2.4719e-05,0.0036117,1,1.0567e-07,1.0567e-07,1.19e-07,0
0.0013913,2.4706e-05,0.0036,1,1.0591e-07,1.0591e-07,1.19e-07,0
0.0013628,2.4691e-05,0.0035895,1,1.0615e-07,1.0615e-07,1.19e-07,0
0.0013341,2.4673e-05,0.0035796,1,1.0639e-07,1.0639e-07,1.19e-07,0
0.0013055,2.4656e-05,0.0035698,1,1.0662e-07,1.0662e-07,1.19e-07,0
0.0012768,2.4639e-05,0.00356,1,1.0686e-07,1.0686e-07,1.19e-07,0
0.0012481,2.4622e-05,0.0035502,1,1.071e-07,1.071e-07,1.19e-07,0
0.0012194,2.4605e-05,0.0035403,1,1.0734e-07,1.0734e-07,1.19e-07,0
0.0011907,2.4588e-05,0.0035305,1,1.0758e-07,1.0758e-07,1.19e-07,0
0.001162,2.4571e-05,0.0035207,1,1.0781e-07,1.0781e-07,1.19e-07,0
0.0011333,2.4553e-05,0.0035113,1,1.0805e-07,1.0805e-07,1.19e-07,0
0.0011041,2.4531e-05,0.0035033,1,1.0829e-07,1.0829e-07,1.19e-07,0
0.001075,2.451e-05,0.0034954,1,1.0853e-07,1.0853e-07,1.19e-07,0
0.0010459,2.4488e-05,0.0034875,1,1.0877e-07,1.0877e-07,1.19e-07,0
0.0010167,2.4467e-05,0.0034796,1,1.09e-07,1.09e-07,1.19e-07,0
0.00098759,2.4446e-05,0.0034717,1,1.0924e-07,1.0924e-07,1.19e-07,0
0.00095846,2.4424e-05,0.0034637,1,1.0948e-07,1.0948e-07,1.19e-07,0
0.00092932,2.4403e-05,0.0034558,1,1.0972e-07,1.0972e-07,1.19e-07,0
0.00090019,2.4381e-05,0.0034479,1,1.0996e-07,1.0996e-07,1.19e-07,0
0.00087077,2.4356e-05,0.0034416,1,1.1019e-07,1.1019e-07,1.19e-07,0
0.00084129,2.4331e-05,0.0034356,1,1.1043e-07,1.1043e-07,1.19e-07,0
0.00081181,2.4305e-05,0.0034296,1,1.1067e-07,1.1067e-07,1.19e-07,0
0.00078232,2.4279e-05,0.0034236,1,1.1091e-07,1.1091e-07,1.19e-07,0
0.00075284,2.4254e-05,0.0034176,1,1.1115e-07,1.1115e-07,1.19e-07,0
0.00072336,2.4228e-05,0.0034116,1,1.1138e-07,1.1138e-07,1.19e-07,0
0.00069388,2.4202e-05,0.0034057,1,1.1162e-07,1.1162e-07,1.19e-07,0
0.0006644,2.4177e-05,0.0033997,1,1.1186e-07,1.1186e-07,1.19e-07,0
0.00063481,2.4149e-05,0.0033945,1,1.121e-07,1.121e-07,1.19e-07,0
0.00060509,2.412e-05,0.0033905,1,1.1234e-07,1.1234e-07,1.19e-07,0
0.00057536,2.409e-05,0.0033865,1,1.1257e-07,1.1257e-07,1.19e-07,0
0.00054563,2.406e-05,0.0033824,1,1.1281e-07,1.1281e-07,1.19e-07,0
0.00051591,2.403e-05,0.0033784,1,1.1305e-07,1.1305e-07,1.19e-07,0
0.00048618,2.4e-05,0.0033744,1,1.1329e-07,1.1329e-07,1.19e-07,0
0.00045645,2.3971e-05,0.0033704,1,1.1353e-07,1.1353e-07,1.19e-07,0
0.00042673,2.3941e-05,0.0033663,1,1.1376e-07,1.1376e-07,1.19e-07,0
0.000397,2.3911e-05,0.0033623,1,1.14e-07,1.14e-07,1.19e-07,0
0.00036713,2.3877e-05,0.0033603,1,1.1424e-07,1.1424e-07,1.19e-07,0
0.00033727,2.3844e-05,0.0033582,1,1.1448e-07,1.1448e-07,1.19e-07,0
0.0003074,2.381e-05,0.0033562,1,1.1472e-07,1.1472e-07,1.19e-07,0
0.00027754,2.3776e-05,0.0033541,1,1.1495e-07,1.1495e-07,1.19e-07,0
0.00024767,2.3743e-05,0.0033521,1,1.1519e-07,1.1519e-07,1.19e-07,0
0.00021781,2.3709e-05,0.00335,1,1.1543e-07,1.1543e-07,1.19e-07,0
0.00018794,2.3675e-05,0.003348,1,1.1567e-07,1.1567e-07,1.19e-07,0
0.00015807,2.3641e-05,0.0033459,1,1.1591e-07,1.1591e-07,1.19e-07,0
0.00012819,2.3605e-05,0.0033451,1,1.1614e-07,1.1614e-07,1.19e-07,0
9.8287e-05,2.3568e-05,0.003345,1,1.1638e-07,1.1638e-07,1.19e-07,0
6.8386e-05,2.353e-05,0.0033449,1,1.1662e-07,1.1662e-07,1.19e-07,0
3.8486e-05,2.3493e-05,0.0033449,1,1.1686e-07,1.1686e-07,1.19e-07,0
8.5859e-06,2.3455e-05,0.0033448,1,1.171e-07,1.171e-07,1.19e-07,0
-2.1314e-05,2.3418e-05,0.0033447,1,1.1733e-07,1.1733e-07,1.19e-07,0
-5.1214e-05,2.338e-05,0.0033446,1,1.1757e-07,1.1757e-07,1.19e-07,0
-8.1114e-05,2.3343e-05,0.0033446,1,1.1781e-07,1.1781e-07,1.19e-07,0
-0.000111,2.3305e-05,0.0033449,1,1.1805e-07,1.1805e-07,1.19e-07,0
-0.00014083,2.3264e-05,0.0033468,1,1.1829e-07,1.1829e-07,1.19e-07,0
-0.00017066,2.3222e-05,0.0033487,1,1.1852e-07,1.1852e-07,1.19e-07,0
-0.00020049,2.3181e-05,0.0033506,1,1.1876e-07,1.1876e-07,1.19e-07,0
-0.00023032,2.314e-05,0.0033525,1,1.19e-07,1.19e-07,1.19e-07,0
-0.00026015,2.3099e-05,0.0033544,1,1.1924e-07,1.1924e-07,1.19e-07,0
-0.00028998,2.3058e-05,0.0033563,1,1.1948e-07,1.1948e-07,1.19e-07,0
-0.00031981,2.3017e-05,0.0033582,1,1.1971e-07,1.1971e-07,1.19e-07,0
-0.00034964,2.2976e-05,0.0033601,1,1.1995e-07,1.1995e-07,1.19e-07,0
-0.00037933,2.2932e-05,0.0033635,1,1.2019e-07,1.2019e-07,1.19e-07,0
-0.00040898,2.2887e-05,0.0033674,1,1.2043e-07,1.2043e-07,1.19e-07,0
-0.00043864,2.2843e-05,0.0033713,1,1.2067e-07,1.2067e-07,1.19e-07,0
-0.00046829,2.2798e-05,0.0033751,1,1.209e-07,1.209e-07,1.19e-07,0
-0.00049794,2.2754e-05,0.003379,1,1.2114e-07,1.2114e-07,1.19e-07,0
-0.0005276,2.2709e-05,0.0033829,1,1.2138e-07,1.2138e-07,1.19e-07,0
-0.00055725,2.2665e-05,0.0033867,1,1.2162e-07,1.2162e-07,1.19e-07,0
-0.00058691,2.262e-05,0.0033906,1,1.2186e-07,1.2186e-07,1.19e-07,0
-0.00061645,2.2575e-05,0.0033952,1,1.2209e-07,1.2209e-07,1.19e-07,0
-0.00064583,2.2527e-05,0.003401,1,1.2233e-07,1.2233e-07,1.19e-07,0
-0.00067521,2.2479e-05,0.0034068,1,1.2257e-07,1.2257e-07,1.19e-07,0
-0.00070458,2.2431e-05,0.0034126,1,1.2281e-07,1.2281e-07,1.19e-07,0
-0.00073396,2.2384e-05,0.0034184,1,1.2305e-07,1.2305e-07,1.19e-07,0
-0.00076334,2.2336e-05,0.0034242,1,1.2328e-07,1.2328e-07,1.19e-07,0
-0.00079271,2.2288e-05,0.00343,1,1.2352e-07,1.2352e-07,1.19e-07,0
-0.00082209,2.2241e-05,0.0034358,1,1.2376e-07,1.2376e-07,1.19e-07,0
-0.00085147,2.2193e-05,0.0034416,1,1.24e-07,1.24e-07,1.19e-07,0
-0.00088047,2.2142e-05,0.0034494,1,1.2424e-07,1.2424e-07,1.19e-07,0
-0.00090947,2.2091e-05,0.0034571,1,1.2447e-07,1.2447e-07,1.19e-07,0
-0.00093846,2.2041e-05,0.0034648,1,1.2471e-07,1.2471e-07,1.19e-07,0
-0.00096746,2.199e-05,0.0034725,1,1.2495e-07,1.2495e-07,1.19e-07,0
-0.00099646,2.1939e-05,0.0034802,1,1.2519e-07,1.2519e-07,1.19e-07,0
-0.0010255,2.1889e-05,0.0034879,1,1.2543e-07,1.2543e-07,1.19e-07,0
-0.0010545,2.1838e-05,0.0034957,1,1.2566e-07,1.2566e-07,1.19e-07,0
-0.0010835,2.1787e-05,0.0035034,1,1.259e-07,1.259e-07,1.19e-07,0
-0.0011122,2.1735e-05,0.0035122,1,1.2614e-07,1.2614e-07,1.19e-07,0
-0.0011407,2.1682e-05,0.0035218,1,1.2638e-07,1.2638e-07,1.19e-07,0
-0.0011692,2.1628e-05,0.0035314,1,1.2662e-07,1.2662e-07,1.19e-07,0
-0.0011977,2.1575e-05,0.003541,1,1.2685e-07,1.2685e-07,1.19e-07,0
-0.0012263,2.1521e-05,0.0035506,1,1.2709e-07,1.2709e-07,1.19e-07,0
-0.0012548,2.1468e-05,0.0035602,1,1.2733e-07,1.2733e-07,1.19e-07,0
-0.0012833,2.1414e-05,0.0035698,1,1.2757e-07,1.2757e-07,1.19e-07,0
-0.0013118,2.1361e-05,0.0035794,1,1.2781e-07,1.2781e-07,1.19e-07,0
-0.0013402,2.1307e-05,0.0035893,1,1.2804e-07,1.2804e-07,1.19e-07,0
-0.0013682,2.1251e-05,0.0036008,1,1.2828e-07,1.2828e-07,1.19e-07,0
-0.0013961,2.1195e-05,0.0036122,1,1.2852e-07,1.2852e-07,1.19e-07,0
-0.0014241,2.1139e-05,0.0036237,1,1.2876e-07,1.2876e-07,1.19e-07,0
-0.001452,2.1083e-05,0.0036351,1,1.29e-07,1.29e-07,1.19e-07,0
-0.00148,2.1028e-05,0.0036465,1,1.2923e-07,1.2923e-07,1.19e-07,0
-0.0015079,2.0972e-05,0.003658,1,1.2947e-07,1.2947e-07,1.19e-07,0
-0.0015359,2.0916e-05,0.0036694,1,1.2971e-07,1.2971e-07,1.19e-07,0
-0.0015638,2.086e-05,0.0036808,1,1.2995e-07,1.2995e-07,1.19e-07,0
-0.0015912,2.0802e-05,0.0036937,1,1.3019e-07,1.3019e-07,1.19e-07,0
-0.0016185,2.0744e-05,0.0037069,1,1.3042e-07,1.3042e-07,1.19e-07,0
-0.0016458,2.0686e-05,0.0037201,1,1.3066e-07,1.3066e-07,1.19e-07,0
-0.0016731,2.0628e-05,0.0037333,1,1.309e-07,1.309e-07,1.19e-07,0
-0.0017004,2.057e-05,0.0037466,1,1.3114e-07,1.3114e-07,1.19e-07,0
-0.0017276,2.0511e-05,0.0037598,1,1.3138e-07,1.3138e-07,1.19e-07,0
-0.0017549,2.0453e-05,0.003773,1,1.3161e-07,1.3161e-07,1.19e-07,0
-0.0017822,2.0395e-05,0.0037862,1,1.3185e-07,1.3185e-07,1.19e-07,0
-0.0018092,2.0336e-05,0.0038001,1,1.3209e-07,1.3209e-07,1.19e-07,0
-0.0018357,2.0276e-05,0.0038151,1,1.3233e-07,1.3233e-07,1.19e-07,0
-0.0018623,2.0216e-05,0.00383,1,1.3257e-07,1.3257e-07,1.19e-07,0
-0.0018888,2.0156e-05,0.003845,1,1.328e-07,1.328e-07,1.19e-07,0
-0.0019153,2.0096e-05,0.0038599,1,1.3304e-07,1.3304e-07,1.19e-07,0
-0.0019418,2.0036e-05,0.0038749,1,1.3328e-07,1.3328e-07,1.19e-07,0
-0.0019684,1.9976e-05,0.0038898,1,1.3352e-07,1.3352e-07,1.19e-07,0
-0.0019949,1.9915e-05,0.0039048,1,1.3376e-07,1.3376e-07,1.19e-07,0
-0.0020214,1.9855e-05,0.0039197,1,1.3399e-07,1.3399e-07,1.19e-07,0
-0.0020471,1.9794e-05,0.0039363,1,1.3423e-07,1.3423e-07,1.19e-07,0
-0.0020728,1.9732e-05,0.0039529,1,1.3447e-07,1.3447e-07,1.19e-07,0
-0.0020985,1.967e-05,0.0039696,1,1.3471e-07,1.3471e-07,1.19e-07,0
-0.0021242,1.9608e-05,0.0039862,1,1.3495e-07,1.3495e-07,1.19e-07,0
-0.0021499,1.9546e-05,0.0040028,1,1.3518e-07,1.3518e-07,1.19e-07,0
-0.0021756,1.9485e-05,0.0040194,1,1.3542e-07,1.3542e-07,1.19e-07,0
-0.0022013,1.9423e-05,0.0040361,1,1.3566e-07,1.3566e-07,1.19e-07,0
-0.0022269,1.9361e-05,0.0040527,1,1.359e-07,1.359e-07,1.19e-07,0
-0.0022521,1.9298e-05,0.0040702,1,1.3614e-07,1.3614e-07,1.19e-07,0
-0.0022769,1.9235e-05,0.0040884,1,1.3637e-07,1.3637e-07,1.19e-07,0
-0.0023017,1.9172e-05,0.0041067,1,1.3661e-07,1.3661e-07,1.19e-07,0
-0.0023264,1.9109e-05,0.0041249,1,1.3685e-07,1.3685e-07,1.19e-07,0
-0.0023512,1.9046e-05,0.0041431,1,1.3709e-07,1.3709e-07,1.19e-07,0
-0.002376,1.8982e-05,0.0041613,1,1.3733e-07,1.3733e-07,1.19e-07,0
-0.0024007,1.8919e-05,0.0041795,1,1.3756e-07,1.3756e-07,1.19e-07,0
-0.0024255,1.8856e-05,0.0041978,1,1.378e-07,1.378e-07,1.19e-07,0
-0.0024501,1.8793e-05,0.0042162,1,1.3804e-07,1.3804e-07,1.19e-07,0
-0.0024739,1.8728e-05,0.004236,1,1.3828e-07,1.3828e-07,1.19e-07,0
-0.0024977,1.8664e-05,0.0042557,1,1.3852e-07,1.3852e-07,1.19e-07,0
-0.0025214,1.86e-05,0.0042755,1,1.3875e-07,1.3875e-07,1.19e-07,0
-0.0025452,1.8535e-05,0.0042952,1,1.3899e-07,1.3899e-07,1.19e-07,0
-0.002569,1.8471e-05,0.004315,1,1.3923e-07,1.3923e-07,1.19e-07,0
-0.0025928,1.8407e-05,0.0043347,1,1.3947e-07,1.3947e-07,1.19e-07,0
-0.0026166,1.8343e-05,0.0043545,1,1.3971e-07,1.3971e-07,1.19e-07,0
-0.0026403,1.8278e-05,0.0043742,1,1.3994e-07,1.3994e-07,1.19e-07,0
-0.0026633,1.8213e-05,0.0043951,1,1.4018e-07,1.4018e-07,1.19e-07,0
-0.002686,1.8148e-05,0.0044162,1,1.4042e-07,1.4042e-07,1.19e-07,0
-0.0027087,1.8083e-05,0.0044374,1,1.4066e-07,1.4066e-07,1.19e-07,0
-0.0027314,1.8018e-05,0.0044586,1,1.409e-07,1.409e-07,1.19e-07,0
-0.0027542,1.7953e-05,0.0044798,1,1.4113e-07,1.4113e-07,1.19e-07,0
-0.0027769,1.7888e-05,0.004501,1,1.4137e-07,1.4137e-07,1.19e-07,0
-0.0027996,1.7823e-05,0.0045222,1,1.4161e-07,1.4161e-07,1.19e-07,0
-0.0028223,1.7758e-05,0.0045434,1,1.4185e-07,1.4185e-07,1.19e-07,0
-0.0028446,1.7692e-05,0.0045651,1,1.4209e-07,1.4209e-07,1.19e-07,0
-0.0028662,1.7627e-05,0.0045876,1,1.4232e-07,1.4232e-07,1.19e-07,0
-0.0028878,1.7561e-05,0.0046102,1,1.4256e-07,1.4256e-07,1.19e-07,0
-0.0029094,1.7495e-05,0.0046327,1,1.428e-07,1.428e-07,1.19e-07,0
-0.002931,1.743e-05,0.0046553,1,1.4304e-07,1.4304e-07,1.19e-07,0
-0.0029526,1.7364e-05,0.0046778,1,1.4328e-07,1.4328e-07,1.19e-07,0
-0.0029741,1.7298e-05,0.0047004,1,1.4351e-07,1.4351e-07,1.19e-07,0
-0.0029957,1.7233e-05,0.0047229,1,1.4375e-07,1.4375e-07,1.19e-07,0
-0.0030173,1.7167e-05,0.0047455,1,1.4399e-07,1.4399e-07,1.19e-07,0
-0.0030378,1.7101e-05,0.0047693,1,1.4423e-07,1.4423e-07,1.19e-07,0
-0.0030582,1.7035e-05,0.0047931,1,1.4447e-07,1.4447e-07,1.19e-07,0
-0.0030786,1.697e-05,0.0048169,1,1.447e-07,1.447e-07,1.19e-07,0
-0.003099,1.6904e-05,0.0048407,1,1.4494e-07,1.4494e-07,1.19e-07,0
-0.0031194,1.6838e-05,0.0048646,1,1.4518e-07,1.4518e-07,1.19e-07,0
-0.0031398,1.6772e-05,0.0048884,1,1.4542e-07,1.4542e-07,1.19e-07,0
-0.0031602,1.6706e-05,0.0049122,1,1.4566e-07,1.4566e-07,1.19e-07,0
-0.0031806,1.664e-05,0.004936,1,1.4589e-07,1.4589e-07,1.19e-07,0
-0.0032003,1.6574e-05,0.0049605,1,1.4613e-07,1.4613e-07,1.19e-07,0
-0.0032195,1.6508e-05,0.0049855,1,1.4637e-07,1.4637e-07,1.19e-07,0
-0.0032387,1.6442e-05,0.0050105,1,1.4661e-07,1.4661e-07,1.19e-07,0
-0.0032578,1.6377e-05,0.0050355,1,1.4685e-07,1.4685e-07,1.19e-07,0
-0.003277,1.6311e-05,0.0050605,1,1.4708e-07,1.4708e-07,1.19e-07,0
-0.0032962,1.6245e-05,0.0050856,1,1.4732e-07,1.4732e-07,1.19e-07,0
-0.0033153,1.6179e-05,0.0051106,1,1.4756e-07,1.4756e-07,1.19e-07,0
-0.0033345,1.6113e-05,0.0051356,1,1.478e-07,1.478e-07,1.19e-07,0
-0.0033535,1.6047e-05,0.0051607,1,1.4804e-07,1.4804e-07,1.19e-07,0
-0.0033714,1.5982e-05,0.0051868,1,1.4827e-07,1.4827e-07,1.19e-07,0
-0.0033893,1.5916e-05,0.0052129,1,1.4851e-07,1.4851e-07,1.19e-07,0
-0.0034072,1.585e-05,0.005239,1,1.4875e-07,1.4875e-07,1.19e-07,0
-0.003425,1.5785e-05,0.0052651,1,1.4899e-07,1.4899e-07,1.19e-07,0
-0.0034429,1.5719e-05,0.0052912,1,1.4923e-07,1.4923e-07,1.19e-07,0
-0.0034608,1.5653e-05,0.0053173,1,1.4946e-07,1.4946e-07,1.19e-07,0
-0.0034787,1.5588e-05,0.0053434,1,1.497e-07,1.497e-07,1.19e-07,0
-0.0034966,1.5522e-05,0.0053695,1,1.4994e-07,1.4994e-07,1.19e-07,0
-0.0035135,1.5457e-05,0.0053963,1,1.5018e-07,1.5018e-07,1.19e-07,0
-0.0035301,1.5392e-05,0.0054234,1,1.5042e-07,1.5042e-07,1.19e-07,0
-0.0035466,1.5327e-05,0.0054505,1,1.5065e-07,1.5065e-07,1.19e-07,0
-0.0035632,1.5262e-05,0.0054776,1,1.5089e-07,1.5089e-07,1.19e-07,0
-0.0035798,1.5196e-05,0.0055046,1,1.5113e-07,1.5113e-07,1.19e-07,0
-0.0035963,1.5131e-05,0.0055317,1,1.5137e-07,1.5137e-07,1.19e-07,0
-0.0036129,1.5066e-05,0.0055588,1,1.5161e-07,1.5161e-07,1.19e-07,0
-0.0036295,1.5001e-05,0.0055859,1,1.5184e-07,1.5184e-07,1.19e-07,0
-0.0036456,1.4936e-05,0.0056133,1,1.5208e-07,1.5208e-07,1.19e-07,0
-0.0036608,1.4872e-05,0.0056412,1,1.5232e-07,1.5232e-07,1.19e-07,0
-0.003676,1.4807e-05,0.0056692,1,1.5256e-07,1.5256e-07,1.19e-07,0
-0.0036912,1.4743e-05,0.0056972,1,1.528e-07,1.528e-07,1.19e-07,0
-0.0037065,1.4678e-05,0.0057252,1,1.5303e-07,1.5303e-07,1.19e-07,0
-0.0037217,1.4614e-05,0.0057531,1,1.5327e-07,1.5327e-07,1.19e-07,0
-0.0037369,1.455e-05,0.0057811,1,1.5351e-07,1.5351e-07,1.19e-07,0
-0.0037521,1.4485e-05,0.0058091,1,1.5375e-07,1.5375e-07,1.19e-07,0
-0.0037673,1.4421e-05,0.0058371,1,1.5399e-07,1.5399e-07,1.19e-07,0
-0.0037812,1.4357e-05,0.0058658,1,1.5422e-07,1.5422e-07,1.19e-07,0
-0.0037951,1.4294e-05,0.0058946,1,1.5446e-07,1.5446e-07,1.19e-07,0
-0.0038089,1.423e-05,0.0059233,1,1.547e-07,1.547e-07,1.19e-07,0
-0.0038227,1.4167e-05,0.0059521,1,1.5494e-07,1.5494e-07,1.19e-07,0
-0.0038366,1.4103e-05,0.0059809,1,1.5518e-07,1.5518e-07,1.19e-07,0
-0.0038504,1.404e-05,0.0060096,1,1.5541e-07,1.5541e-07,1.19e-07,0
-0.0038643,1.3976e-05,0.0060384,1,1.5565e-07,1.5565e-07,1.19e-07,0
-0.0038781,1.3913e-05,0.0060672,1,1.5589e-07,1.5589e-07,1.19e-07,0
-0.0038912,1.385e-05,0.0060963,1,1.5613e-07,1.5613e-07,1.19e-07,0
-0.0039036,1.3787e-05,0.0061258,1,1.5637e-07,1.5637e-07,1.19e-07,0
-0.0039161,1.3725e-05,0.0061552,1,1.566e-07,1.566e-07,1.19e-07,0
-0.0039285,1.3662e-05,0.0061847,1,1.5684e-07,1.5684e-07,1.19e-07,0
-0.0039409,1.36e-05,0.0062141,1,1.5708e-07,1.5708e-07,1.19e-07,0
-0.0039534,1.3538e-05,0.0062436,1,1.5732e-07,1.5732e-07,1.19e-07,0
-0.0039658,1.3475e-05,0.0062731,1,1.5756e-07,1.5756e-07,1.19e-07,0
-0.0039782,1.3413e-05,0.0063025,1,1.5779e-07,1.5779e-07,1.19e-07,0
-0.0039905,1.3351e-05,0.0063321,1,1.5803e-07,1.5803e-07,1.19e-07,0
-0.0040015,1.3289e-05,0.0063621,1,1.5827e-07,1.5827e-07,1.19e-07,0
-0.0040125,1.3228e-05,0.0063922,1,1.5851e-07,1.5851e-07,1.19e-07,0
-0.0040236,1.3167e-05,0.0064223,1,1.5875e-07,1.5875e-07,1.19e-07,0
-0.0040346,1.3106e-05,0.0064523,1,1.5898e-07,1.5898e-07,1.19e-07,0
-0.0040456,1.3045e-05,0.0064824,1,1.5922e-07,1.5922e-07,1.19e-07,0
-0.0040566,1.2984e-05,0.0065125,1,1.5946e-07,1.5946e-07,1.19e-07,0
-0.0040676,1.2923e-05,0.0065425,1,1.597e-07,1.597e-07,1.19e-07,0
-0.0040787,1.2862e-05,0.0065726,1,1.5994e-07,1.5994e-07,1.19e-07,0
-0.0040886,1.2802e-05,0.006603,1,1.6017e-07,1.6017e-07,1.19e-07,0
-0.0040982,1.2742e-05,0.0066336,1,1.6041e-07,1.6041e-07,1.19e-07,0
-0.0041078,1.2682e-05,0.0066642,1,1.6065e-07,1.6065e-07,1.19e-07,0
-0.0041174,1.2623e-05,0.0066947,1,1.6089e-07,1.6089e-07,1.19e-07,0
-0.004127,1.2563e-05,0.0067253,1,1.6113e-07,1.6113e-07,1.19e-07,0
-0.0041366,1.2503e-05,0.0067559,1,1.6136e-07,1.6136e-07,1.19e-07,0
-0.0041462,1.2444e-05,0.0067864,1,1.616e-07,1.616e-07,1.19e-07,0
-0.0041558,1.2384e-05,0.006817,1,1.6184e-07,1.6184e-07,1.19e-07,0
-0.0041649,1.2325e-05,0.0068477,1,1.6208e-07,1.6208e-07,1.19e-07,0
-0.0041731,1.2267e-05,0.0068787,1,1.6232e-07,1.6232e-07,1.19e-07,0
-0.0041813,1.2209e-05,0.0069097,1,1.6255e-07,1.6255e-07,1.19e-07,0
-0.0041894,1.2151e-05,0.0069407,1,1.6279e-07,1.6279e-07,1.19e-07,0
-0.0041976,1.2093e-05,0.0069717,1,1.6303e-07,1.6303e-07,1.19e-07,0
-0.0042058,1.2035e-05,0.0070027,1,1.6327e-07,1.6327e-07,1.19e-07,0
-0.0042139,1.1977e-05,0.0070336,1,1.6351e-07,1.6351e-07,1.19e-07,0
-0.0042221,1.1919e-05,0.0070646,1,1.6374e-07,1.6374e-07,1.19e-07,0
-0.0042302,1.1861e-05,0.0070956,1,1.6398e-07,1.6398e-07,1.19e-07,0
-0.0042371,1.1804e-05,0.0071269,1,1.6422e-07,1.6422e-07,1.19e-07,0
-0.0042438,1.1748e-05,0.0071582,1,1.6446e-07,1.6446e-07,1.19e-07,0
-0.0042505,1.1692e-05,0.0071895,1,1.647e-07,1.647e-07,1.19e-07,0
-0.0042572,1.1635e-05,0.0072209,1,1.6493e-07,1.6493e-07,1.19e-07,0
-0.004264,1.1579e-05,0.0072522,1,1.6517e-07,1.6517e-07,1.19e-07,0
-0.0042707,1.1523e-05,0.0072835,1,1.6541e-07,1.6541e-07,1.19e-07,0
-0.0042774,1.1466e-05,0.0073148,1,1.6565e-07,1.6565e-07,1.19e-07,0
-0.0042841,1.141e-05,0.0073461,1,1.6589e-07,1.6589e-07,1.19e-07,0
-0.0042901,1.1355e-05,0.0073776,1,1.6612e-07,1.6612e-07,1.19e-07,0
-0.0042954,1.13e-05,0.0074091,1,1.6636e-07,1.6636e-07,1.19e-07,0
-0.0043007,1.1246e-05,0.0074407,1,1.666e-07,1.666e-07,1.19e-07,0
-0.0043059,1.1191e-05,0.0074722,1,1.6684e-07,1.6684e-07,1.19e-07,0
-0.0043112,1.1137e-05,0.0075038,1,1.6708e-07,1.6708e-07,1.19e-07,0
-0.0043165,1.1082e-05,0.0075353,1,1.6731e-07,1.6731e-07,1.19e-07,0
-0.0043218,1.1028e-05,0.0075669,1,1.6755e-07,1.6755e-07,1.19e-07,0
-0.004327,1.0973e-05,0.0075985,1,1.6779e-07,1.6779e-07,1.19e-07,0
-0.0043322,1.0919e-05,0.00763,1,1.6803e-07,1.6803e-07,1.19e-07,0
-0.004336,1.0867e-05,0.0076618,1,1.6827e-07,1.6827e-07,1.19e-07,0
-0.0043398,1.0814e-05,0.0076935,1,1.685e-07,1.685e-07,1.19e-07,0
-0.0043437,1.0762e-05,0.0077252,1,1.6874e-07,1.6874e-07,1.19e-07,0
-0.0043475,1.0709e-05,0.0077569,1,1.6898e-07,1.6898e-07,1.19e-07,0
-0.0043513,1.0657e-05,0.0077886,1,1.6922e-07,1.6922e-07,1.19e-07,0
-0.0043552,1.0604e-05,0.0078204,1,1.6946e-07,1.6946e-07,1.19e-07,0
-0.004359,1.0551e-05,0.0078521,1,1.6969e-07,1.6969e-07,1.19e-07,0
-0.0043628,1.0499e-05,0.0078838,1,1.6993e-07,1.6993e-07,1.19e-07,0
-0.0043656,1.0448e-05,0.0079156,1,1.7017e-07,1.7017e-07,1.19e-07,0
-0.004368,1.0397e-05,0.0079473,1,1.7041e-07,1.7041e-07,1.19e-07,0
-0.0043704,1.0347e-05,0.0079791,1,1.7065e-07,1.7065e-07,1.19e-07,0
-0.0043728,1.0296e-05,0.0080109,1,1.7088e-07,1.7088e-07,1.19e-07,0
-0.0043752,1.0246e-05,0.0080427,1,1.7112e-07,1.7112e-07,1.19e-07,0
-0.0043776,1.0195e-05,0.0080745,1,1.7136e-07,1.7136e-07,1.19e-07,0
-0.00438,1.0145e-05,0.0081063,1,1.716e-07,1.716e-07,1.19e-07,0
-0.0043824,1.0094e-05,0.0081381,1,1.7184e-07,1.7184e-07,1.19e-07,0
-0.0043843,1.0044e-05,0.0081699,1,1.7207e-07,1.7207e-07,1.19e-07,0
-0.0043853,9.9959e-06,0.0082017,1,1.7231e-07,1.7231e-07,1.19e-07,0
-0.0043863,9.9474e-06,0.0082334,1,1.7255e-07,1.7255e-07,1.19e-07,0
-0.0043872,9.8989e-06,0.0082652,1,1.7279e-07,1.7279e-07,1.19e-07,0
-0.0043882,9.8505e-06,0.008297,1,1.7303e-07,1.7303e-07,1.19e-07,0
-0.0043891,9.802e-06,0.0083288,1,1.7326e-07,1.7326e-07,1.19e-07,0
-0.0043901,9.7536e-06,0.0083606,1,1.735e-07,1.735e-07,1.19e-07,0
-0.004391,9.7051e-06,0.0083923,1,1.7374e-07,1.7374e-07,1.19e-07,0
-0.004392,9.6567e-06,0.0084241,1,1.7398e-07,1.7398e-07,1.19e-07,0
-0.0043916,9.6101e-06,0.0084558,1,1.7422e-07,1.7422e-07,1.19e-07,0
-0.0043912,9.5638e-06,0.0084875,1,1.7445e-07,1.7445e-07,1.19e-07,0
-0.0043907,9.5175e-06,0.0085192,1,1.7469e-07,1.7469e-07,1.19e-07,0
-0.0043902,9.4712e-06,0.0085508,1,1.7493e-07,1.7493e-07,1.19e-07,0
-0.0043897,9.4248e-06,0.0085825,1,1.7517e-07,1.7517e-07,1.19e-07,0
-0.0043893,9.3785e-06,0.0086142,1,1.7541e-07,1.7541e-07,1.19e-07,0
-0.0043888,9.3322e-06,0.0086459,1,1.7564e-07,1.7564e-07,1.19e-07,0
-0.0043883,9.2858e-06,0.0086776,1,1.7588e-07,1.7588e-07,1.19e-07,0
-0.0043871,9.2406e-06,0.0087091,1,1.7612e-07,1.7612e-07,1.19e-07,0
-0.0043852,9.1965e-06,0.0087406,1,1.7636e-07,1.7636e-07,1.19e-07,0
-0.0043833,9.1523e-06,0.0087721,1,1.766e-07,1.766e-07,1.19e-07,0
-0.0043815,9.1082e-06,0.0088036,1,1.7683e-07,1.7683e-07,1.19e-07,0
-0.0043796,9.064e-06,0.0088351,1,1.7707e-07,1.7707e-07,1.19e-07,0
-0.0043777,9.0199e-06,0.0088666,1,1.7731e-07,1.7731e-07,1.19e-07,0
-0.0043758,8.9757e-06,0.0088981,1,1.7755e-07,1.7755e-07,1.19e-07,0
-0.0043739,8.9316e-06,0.0089296,1,1.7779e-07,1.7779e-07,1.19e-07,0
-0.0043719,8.8876e-06,0.008961,1,1.7802e-07,1.7802e-07,1.19e-07,0
-0.0043686,8.8457e-06,0.0089923,1,1.7826e-07,1.7826e-07,1.19e-07,0
-0.0043653,8.8038e-06,0.0090235,1,1.785e-07,1.785e-07,1.19e-07,0
-0.004362,8.7619e-06,0.0090547,1,1.7874e-07,1.7874e-07,1.19e-07,0
-0.0043587,8.7199e-06,0.0090859,1,1.7898e-07,1.7898e-07,1.19e-07,0
-0.0043554,8.678e-06,0.0091171,1,1.7921e-07,1.7921e-07,1.19e-07,0
-0.0043521,8.6361e-06,0.0091483,1,1.7945e-07,1.7945e-07,1.19e-07,0
-0.0043488,8.5942e-06,0.0091795,1,1.7969e-07,1.7969e-07,1.19e-07,0
-0.0043456,8.5522e-06,0.0092107,1,1.7993e-07,1.7993e-07,1.19e-07,0
-0.0043413,8.5119e-06,0.0092417,1,1.8017e-07,1.8017e-07,1.19e-07,0
-0.0043366,8.4722e-06,0.0092725,1,1.804e-07,1.804e-07,1.19e-07,0
-0.004332,8.4326e-06,0.0093034,1,1.8064e-07,1.8064e-07,1.19e-07,0
-0.0043273,8.3929e-06,0.0093342,1,1.8088e-07,1.8088e-07,1.19e-07,0
-0.0043227,8.3533e-06,0.0093651,1,1.8112e-07,1.8112e-07,1.19e-07,0
-0.004318,8.3136e-06,0.0093959,1,1.8136e-07,1.8136e-07,1.19e-07,0
-0.0043133,8.274e-06,0.0094268,1,1.8159e-07,1.8159e-07,1.19e-07,0
-0.0043087,8.2343e-06,0.0094576,1,1.8183e-07,1.8183e-07,1.19e-07,0
-0.0043036,8.1953e-06,0.0094884,1,1.8207e-07,1.8207e-07,1.19e-07,0
-0.0042976,8.1579e-06,0.0095188,1,1.8231e-07,1.8231e-07,1.19e-07,0
-0.0042916,8.1206e-06,0.0095492,1,1.8255e-07,1.8255e-07,1.19e-07,0
-0.0042856,8.0832e-06,0.0095796,1,1.8278e-07,1.8278e-07,1.19e-07,0
-0.0042796,8.0459e-06,0.00961,1,1.8302e-07,1.8302e-07,1.19e-07,0
-0.0042736,8.0085e-06,0.0096404,1,1.8326e-07,1.8326e-07,1.19e-07,0
-0.0042676,7.9711e-06,0.0096708,1,1.835e-07,1.835e-07,1.19e-07,0
-0.0042616,7.9338e-06,0.0097012,1,1.8374e-07,1.8374e-07,1.19e-07,0
-0.0042555,7.8964e-06,0.0097316,1,1.8397e-07,1.8397e-07,1.19e-07,0
-0.0042484,7.8611e-06,0.0097615,1,1.8421e-07,1.8421e-07,1.19e-07,0
-0.004241,7.8261e-06,0.0097914,1,1.8445e-07,1.8445e-07,1.19e-07,0
-0.0042337,7.791e-06,0.0098213,1,1.8469e-07,1.8469e-07,1.19e-07,0
-0.0042264,7.756e-06,0.0098511,1,1.8493e-07,1.8493e-07,1.19e-07,0
-0.0042191,7.7209e-06,0.009881,1,1.8516e-07,1.8516e-07,1.19e-07,0
-0.0042118,7.6859e-06,0.0099109,1,1.854e-07,1.854e-07,1.19e-07,0
-0.0042044,7.6508e-06,0.0099408,1,1.8564e-07,1.8564e-07,1.19e-07,0
-0.0041971,7.6158e-06,0.0099707,1,1.8588e-07,1.8588e-07,1.19e-07,0
-0.0041892,7.5819e-06,0.01,1,1.8612e-07,1.8612e-07,1.19e-07,0
-0.0041806,7.5492e-06,0.01003,1,1.8635e-07,1.8635e-07,1.19e-07,0
-0.004172,7.5164e-06,0.010059,1,1.8659e-07,1.8659e-07,1.19e-07,0
-0.0041634,7.4837e-06,0.010088,1,1.8683e-07,1.8683e-07,1.19e-07,0
-0.0041548,7.451e-06,0.010117,1,1.8707e-07,1.8707e-07,1.19e-07,0
-0.0041462,7.4183e-06,0.010147,1,1.8731e-07,1.8731e-07,1.19e-07,0
-0.0041376,7.3856e-06,0.010176,1,1.8754e-07,1.8754e-07,1.19e-07,0
-0.004129,7.3529e-06,0.010205,1,1.8778e-07,1.8778e-07,1.19e-07,0
-0.0041203,7.3204e-06,0.010234,1,1.8802e-07,1.8802e-07,1.19e-07,0
-0.0041105,7.29e-06,0.010263,1,1.8826e-07,1.8826e-07,1.19e-07,0
-0.0041007,7.2596e-06,0.010292,1,1.885e-07,1.885e-07,1.19e-07,0
-0.0040908,7.2292e-06,0.01032,1,1.8873e-07,1.8873e-07,1.19e-07,0
-0.004081,7.1989e-06,0.010349,1,1.8897e-07,1.8897e-07,1.19e-07,0
-0.0040712,7.1685e-06,0.010377,1,1.8921e-07,1.8921e-07,1.19e-07,0
-0.0040614,7.1381e-06,0.010406,1,1.8945e-07,1.8945e-07,1.19e-07,0
-0.0040515,7.1077e-06,0.010435,1,1.8969e-07,1.8969e-07,1.19e-07,0
-0.0040417,7.0774e-06,0.010463,1,1.8992e-07,1.8992e-07,1.19e-07,0
-0.0040311,7.0486e-06,0.010491,1,1.9016e-07,1.9016e-07,1.19e-07,0
-0.00402,7.0205e-06,0.010519,1,1.904e-07,1.904e-07,1.19e-07,0
-0.004009,6.9925e-06,0.010547,1,1.9064e-07,1.9064e-07,1.19e-07,0
-0.003998,6.9644e-06,0.010575,1,1.9088e-07,1.9088e-07,1.19e-07,0
-0.003987,6.9364e-06,0.010603,1,1.9111e-07,1.9111e-07,1.19e-07,0
-0.0039759,6.9083e-06,0.010631,1,1.9135e-07,1.9135e-07,1.19e-07,0
-0.0039649,6.8803e-06,0.010658,1,1.9159e-07,1.9159e-07,1.19e-07,0
-0.0039539,6.8522e-06,0.010686,1,1.9183e-07,1.9183e-07,1.19e-07,0
-0.0039426,6.8248e-06,0.010714,1,1.9207e-07,1.9207e-07,1.19e-07,0
-0.0039304,6.7991e-06,0.010741,1,1.923e-07,1.923e-07,1.19e-07,0
-0.0039182,6.7734e-06,0.010768,1,1.9254e-07,1.9254e-07,1.19e-07,0
-0.0039061,6.7477e-06,0.010795,1,1.9278e-07,1.9278e-07,1.19e-07,0
-0.0038939,6.7219e-06,0.010822,1,1.9302e-07,1.9302e-07,1.19e-07,0
-0.0038817,6.6962e-06,0.010849,1,1.9326e-07,1.9326e-07,1.19e-07,0
-0.0038696,6.6705e-06,0.010876,1,1.9349e-07,1.9349e-07,1.19e-07,0
-0.0038574,6.6448e-06,0.010903,1,1.9373e-07,1.9373e-07,1.19e-07,0
-0.0038452,6.619e-06,0.010931,1,1.9397e-07,1.9397e-07,1.19e-07,0
-0.0038321,6.5953e-06,0.010957,1,1.9421e-07,1.9421e-07,1.19e-07,0
-0.0038188,6.5719e-06,0.010983,1,1.9445e-07,1.9445e-07,1.19e-07,0
-0.0038056,6.5485e-06,0.011009,1,1.9468e-07,1.9468e-07,1.19e-07,0
-0.0037923,6.525e-06,0.011035,1,1.9492e-07,1.9492e-07,1.19e-07,0
-0.003779,6.5016e-06,0.011062,1,1.9516e-07,1.9516e-07,1.19e-07,0
-0.0037658,6.4782e-06,0.011088,1,1.954e-07,1.954e-07,1.19e-07,0
-0.0037525,6.4548e-06,0.011114,1,1.9564e-07,1.9564e-07,1.19e-07,0
-0.0037392,6.4313e-06,0.01114,1,1.9587e-07,1.9587e-07,1.19e-07,0
-0.0037255,6.409e-06,0.011166,1,1.9611e-07,1.9611e-07,1.19e-07,0
-0.0037112,6.3878e-06,0.011191,1,1.9635e-07,1.9635e-07,1.19e-07,0
-0.0036968,6.3667e-06,0.011217,1,1.9659e-07,1.9659e-07,1.19e-07,0
-0.0036825,6.3456e-06,0.011242,1,1.9683e-07,1.9683e-07,1.19e-07,0
-0.0036682,6.3244e-06,0.011267,1,1.9706e-07,1.9706e-07,1.19e-07,0
-0.0036539,6.3033e-06,0.011293,1,1.973e-07,1.973e-07,1.19e-07,0
-0.0036396,6.2821e-06,0.011318,1,1.9754e-07,1.9754e-07,1.19e-07,0
-0.0036252,6.261e-06,0.011343,1,1.9778e-07,1.9778e-07,1.19e-07,0
-0.0036109,6.24e-06,0.011368,1,1.9802e-07,1.9802e-07,1.19e-07,0
-0.0035955,6.2211e-06,0.011393,1,1.9825e-07,1.9825e-07,1.19e-07,0
-0.0035802,6.2022e-06,0.011417,1,1.9849e-07,1.9849e-07,1.19e-07,0
-0.0035649,6.1833e-06,0.011441,1,1.9873e-07,1.9873e-07,1.19e-07,0
-0.0035496,6.1644e-06,0.011466,1,1.9897e-07,1.9897e-07,1.19e-07,0
-0.0035343,6.1455e-06,0.01149,1,1.9921e-07,1.9921e-07,1.19e-07,0
-0.0035189,6.1266e-06,0.011514,1,1.9944e-07,1.9944e-07,1.19e-07,0
-0.0035036,6.1077e-06,0.011539,1,1.9968e-07,1.9968e-07,1.19e-07,0
-0.0034883,6.0888e-06,0.011563,1,1.9992e-07,1.9992e-07,1.19e-07,0
-0.0034723,6.0714e-06,0.011587,1,2.0016e-07,2.0016e-07,1.19e-07,0
-0.0034561,6.0547e-06,0.01161,1,2.004e-07,2.004e-07,1.19e-07,0
-0.0034398,6.038e-06,0.011633,1,2.0063e-07,2.0063e-07,1.19e-07,0
-0.0034235,6.0214e-06,0.011657,1,2.0087e-07,2.0087e-07,1.19e-07,0
-0.0034072,6.0047e-06,0.01168,1,2.0111e-07,2.0111e-07,1.19e-07,0
-0.003391,5.988e-06,0.011703,1,2.0135e-07,2.0135e-07,1.19e-07,0
-0.0033747,5.9714e-06,0.011727,1,2.0159e-07,2.0159e-07,1.19e-07,0
-0.0033584,5.9547e-06,0.01175,1,2.0182e-07,2.0182e-07,1.19e-07,0
-0.0033419,5.9386e-06,0.011773,1,2.0206e-07,2.0206e-07,1.19e-07,0
-0.0033247,5.9241e-06,0.011795,1,2.023e-07,2.023e-07,1.19e-07,0
-0.0033076,5.9097e-06,0.011818,1,2.0254e-07,2.0254e-07,1.19e-07,0
-0.0032904,5.8952e-06,0.01184,1,2.0278e-07,2.0278e-07,1.19e-07,0
-0.0032732,5.8807e-06,0.011862,1,2.0301e-07,2.0301e-07,1.19e-07,0
-0.003256,5.8662e-06,0.011884,1,2.0325e-07,2.0325e-07,1.19e-07,0
-0.0032389,5.8518e-06,0.011907,1,2.0349e-07,2.0349e-07,1.19e-07,0
-0.0032217,5.8373e-06,0.011929,1,2.0373e-07,2.0373e-07,1.19e-07,0
-0.0032045,5.8228e-06,0.011951,1,2.0397e-07,2.0397e-07,1.19e-07,0
-0.0031866,5.8102e-06,0.011973,1,2.042e-07,2.042e-07,1.19e-07,0
-0.0031686,5.7979e-06,0.011994,1,2.0444e-07,2.0444e-07,1.19e-07,0
-0.0031505,5.7856e-06,0.012015,1,2.0468e-07,2.0468e-07,1.19e-07,0
-0.0031325,5.7733e-06,0.012036,1,2.0492e-07,2.0492e-07,1.19e-07,0
-0.0031145,5.761e-06,0.012057,1,2.0516e-07,2.0516e-07,1.19e-07,0
-0.0030965,5.7487e-06,0.012079,1,2.0539e-07,2.0539e-07,1.19e-07,0
-0.0030784,5.7364e-06,0.0121,1,2.0563e-07,2.0563e-07,1.19e-07,0
-0.0030604,5.7241e-06,0.012121,1,2.0587e-07,2.0587e-07,1.19e-07,0
-0.003042,5.7128e-06,0.012142,1,2.0611e-07,2.0611e-07,1.19e-07,0
-0.0030232,5.7027e-06,0.012162,1,2.0635e-07,2.0635e-07,1.19e-07,0
-0.0030044,5.6925e-06,0.012182,1,2.0658e-07,2.0658e-07,1.19e-07,0
-0.0029855,5.6823e-06,0.012202,1,2.0682e-07,2.0682e-07,1.19e-07,0
-0.0029667,5.6722e-06,0.012222,1,2.0706e-07,2.0706e-07,1.19e-07,0
-0.0029479,5.662e-06,0.012242,1,2.073e-07,2.073e-07,1.19e-07,0
-0.002929,5.6519e-06,0.012262,1,2.0754e-07,2.0754e-07,1.19e-07,0
-0.0029102,5.6417e-06,0.012282,1,2.0777e-07,2.0777e-07,1.19e-07,0
-0.0028913,5.6317e-06,0.012302,1,2.0801e-07,2.0801e-07,1.19e-07,0
-0.0028718,5.6236e-06,0.012321,1,2.0825e-07,2.0825e-07,1.19e-07,0
-0.0028522,5.6156e-06,0.01234,1,2.0849e-07,2.0849e-07,1.19e-07,0
-0.0028326,5.6076e-06,0.012359,1,2.0873e-07,2.0873e-07,1.19e-07,0
-0.002813,5.5995e-06,0.012378,1,2.0896e-07,2.0896e-07,1.19e-07,0
-0.0027934,5.5915e-06,0.012397,1,2.092e-07,2.092e-07,1.19e-07,0
-0.0027739,5.5835e-06,0.012416,1,2.0944e-07,2.0944e-07,1.19e-07,0
-0.0027543,5.5754e-06,0.012434,1,2.0968e-07,2.0968e-07,1.19e-07,0
-0.0027347,5.5674e-06,0.012453,1,2.0992e-07,2.0992e-07,1.19e-07,0
-0.0027147,5.5607e-06,0.012472,1,2.1015e-07,2.1015e-07,1.19e-07,0
-0.0026944,5.5548e-06,0.012489,1,2.1039e-07,2.1039e-07,1.19e-07,0
-0.0026741,5.5488e-06,0.012507,1,2.1063e-07,2.1063e-07,1.19e-07,0
-0.0026538,5.5429e-06,0.012525,1,2.1087e-07,2.1087e-07,1.19e-07,0
-0.0026336,5.537e-06,0.012542,1,2.1111e-07,2.1111e-07,1.19e-07,0
-0.0026133,5.531e-06,0.01256,1,2.1134e-07,2.1134e-07,1.19e-07,0
-0.002593,5.5251e-06,0.012578,1,2.1158e-07,2.1158e-07,1.19e-07,0
-0.0025727,5.5191e-06,0.012596,1,2.1182e-07,2.1182e-07,1.19e-07,0
-0.0025523,5.5137e-06,0.012613,1,2.1206e-07,2.1206e-07,1.19e-07,0
-0.0025314,5.5098e-06,0.01263,1,2.123e-07,2.123e-07,1.19e-07,0
-0.0025104,5.5059e-06,0.012646,1,2.1253e-07,2.1253e-07,1.19e-07,0
-0.0024895,5.5021e-06,0.012663,1,2.1277e-07,2.1277e-07,1.19e-07,0
-0.0024686,5.4982e-06,0.012679,1,2.1301e-07,2.1301e-07,1.19e-07,0
-0.0024477,5.4943e-06,0.012696,1,2.1325e-07,2.1325e-07,1.19e-07,0
-0.0024267,5.4904e-06,0.012712,1,2.1349e-07,2.1349e-07,1.19e-07,0
-0.0024058,5.4866e-06,0.012729,1,2.1372e-07,2.1372e-07,1.19e-07,0
-0.0023849,5.4827e-06,0.012745,1,2.1396e-07,2.1396e-07,1.19e-07,0
-0.0023634,5.4805e-06,0.012761,1,2.142e-07,2.142e-07,1.19e-07,0
-0.0023419,5.4787e-06,0.012776,1,2.1444e-07,2.1444e-07,1.19e-07,0
-0.0023204,5.4769e-06,0.012791,1,2.1468e-07,2.1468e-07,1.19e-07,0
-0.0022989,5.4751e-06,0.012807,1,2.1491e-07,2.1491e-07,1.19e-07,0
-0.0022773,5.4732e-06,0.012822,1,2.1515e-07,2.1515e-07,1.19e-07,0
-0.0022558,5.4714e-06,0.012837,1,2.1539e-07,2.1539e-07,1.19e-07,0
-0.0022343,5.4696e-06,0.012852,1,2.1563e-07,2.1563e-07,1.19e-07,0
-0.0022128,5.4677e-06,0.012868,1,2.1587e-07,2.1587e-07,1.19e-07,0
-0.002191,5.4668e-06,0.012882,1,2.161e-07,2.161e-07,1.19e-07,0
-0.0021689,5.467e-06,0.012896,1,2.1634e-07,2.1634e-07,1.19e-07,0
-0.0021468,5.4672e-06,0.012911,1,2.1658e-07,2.1658e-07,1.19e-07,0
-0.0021248,5.4674e-06,0.012925,1,2.1682e-07,2.1682e-07,1.19e-07,0
-0.0021027,5.4676e-06,0.012939,1,2.1706e-07,2.1706e-07,1.19e-07,0
-0.0020806,5.4678e-06,0.012953,1,2.1729e-07,2.1729e-07,1.19e-07,0
-0.0020585,5.468e-06,0.012967,1,2.1753e-07,2.1753e-07,1.19e-07,0
-0.0020365,5.4681e-06,0.012981,1,2.1777e-07,2.1777e-07,1.19e-07,0
-0.0020144,5.4684e-06,0.012995,1,2.1801e-07,2.1801e-07,1.19e-07,0
-0.0019918,5.4706e-06,0.013007,1,2.1825e-07,2.1825e-07,1.19e-07,0
-0.0019692,5.4728e-06,0.01302,1,2.1848e-07,2.1848e-07,1.19e-07,0
-0.0019467,5.475e-06,0.013033,1,2.1872e-07,2.1872e-07,1.19e-07,0
-0.0019241,5.4772e-06,0.013046,1,2.1896e-07,2.1896e-07,1.19e-07,0
-0.0019015,5.4794e-06,0.013058,1,2.192e-07,2.192e-07,1.19e-07,0
-0.0018789,5.4816e-06,0.013071,1,2.1944e-07,2.1944e-07,1.19e-07,0
-0.0018564,5.4838e-06,0.013084,1,2.1967e-07,2.1967e-07,1.19e-07,0
-0.0018338,5.486e-06,0.013097,1,2.1991e-07,2.1991e-07,1.19e-07,0
-0.0018109,5.4894e-06,0.013109,1,2.2015e-07,2.2015e-07,1.19e-07,0
-0.0017879,5.4936e-06,0.01312,1,2.2039e-07,2.2039e-07,1.19e-07,0
-0.0017649,5.4978e-06,0.013131,1,2.2063e-07,2.2063e-07,1.19e-07,0
-0.0017418,5.502e-06,0.013143,1,2.2086e-07,2.2086e-07,1.19e-07,0
-0.0017188,5.5062e-06,0.013154,1,2.211e-07,2.211e-07,1.19e-07,0
-0.0016958,5.5104e-06,0.013166,1,2.2134e-07,2.2134e-07,1.19e-07,0
-0.0016728,5.5146e-06,0.013177,1,2.2158e-07,2.2158e-07,1.19e-07,0
-0.0016497,5.5188e-06,0.013189,1,2.2182e-07,2.2182e-07,1.19e-07,0
-0.0016266,5.5234e-06,0.0132,1,2.2205e-07,2.2205e-07,1.19e-07,0
-0.0016032,5.5296e-06,0.01321,1,2.2229e-07,2.2229e-07,1.19e-07,0
-0.0015798,5.5357e-06,0.01322,1,2.2253e-07,2.2253e-07,1.19e-07,0
-0.0015563,5.5419e-06,0.01323,1,2.2277e-07,2.2277e-07,1.19e-07,0
-0.0015329,5.548e-06,0.013241,1,2.2301e-07,2.2301e-07,1.19e-07,0
-0.0015095,5.5542e-06,0.013251,1,2.2324e-07,2.2324e-07,1.19e-07,0
-0.0014861,5.5604e-06,0.013261,1,2.2348e-07,2.2348e-07,1.19e-07,0
-0.0014626,5.5665e-06,0.013271,1,2.2372e-07,2.2372e-07,1.19e-07,0
-0.0014392,5.5727e-06,0.013281,1,2.2396e-07,2.2396e-07,1.19e-07,0
-0.0014155,5.5805e-06,0.01329,1,2.242e-07,2.242e-07,1.19e-07,0
-0.0013917,5.5886e-06,0.013299,1,2.2443e-07,2.2443e-07,1.19e-07,0
-0.0013679,5.5967e-06,0.013308,1,2.2467e-07,2.2467e-07,1.19e-07,0
-0.0013442,5.6049e-06,0.013317,1,2.2491e-07,2.2491e-07,1.19e-07,0
-0.0013204,5.613e-06,0.013326,1,2.2515e-07,2.2515e-07,1.19e-07,0
-0.0012966,5.6211e-06,0.013334,1,2.2539e-07,2.2539e-07,1.19e-07,0
-0.0012728,5.6293e-06,0.013343,1,2.2562e-07,2.2562e-07,1.19e-07,0
-0.001249,5.6374e-06,0.013352,1,2.2586e-07,2.2586e-07,1.19e-07,0
-0.0012251,5.6464e-06,0.01336,1,2.261e-07,2.261e-07,1.19e-07,0
-0.001201,5.6565e-06,0.013368,1,2.2634e-07,2.2634e-07,1.19e-07,0
-0.001177,5.6665e-06,0.013375,1,2.2658e-07,2.2658e-07,1.19e-07,0
-0.0011529,5.6766e-06,0.013383,1,2.2681e-07,2.2681e-07,1.19e-07,0
-0.0011288,5.6867e-06,0.01339,1,2.2705e-07,2.2705e-07,1.19e-07,0
-0.0011047,5.6968e-06,0.013398,1,2.2729e-07,2.2729e-07,1.19e-07,0
-0.0010806,5.7069e-06,0.013405,1,2.2753e-07,2.2753e-07,1.19e-07,0
-0.0010565,5.717e-06,0.013413,1,2.2777e-07,2.2777e-07,1.19e-07,0
-0.0010324,5.7271e-06,0.01342,1,2.28e-07,2.28e-07,1.19e-07,0
-0.0010081,5.7392e-06,0.013426,1,2.2824e-07,2.2824e-07,1.19e-07,0
-0.00098374,5.7512e-06,0.013432,1,2.2848e-07,2.2848e-07,1.19e-07,0
-0.0009594,5.7633e-06,0.013439,1,2.2872e-07,2.2872e-07,1.19e-07,0
-0.00093506,5.7753e-06,0.013445,1,2.2896e-07,2.2896e-07,1.19e-07,0
-0.00091071,5.7873e-06,0.013451,1,2.2919e-07,2.2919e-07,1.19e-07,0
-0.00088637,5.7994e-06,0.013457,1,2.2943e-07,2.2943e-07,1.19e-07,0
-0.00086203,5.8114e-06,0.013463,1,2.2967e-07,2.2967e-07,1.19e-07,0
-0.00083768,5.8235e-06,0.013469,1,2.2991e-07,2.2991e-07,1.19e-07,0
-0.00081321,5.8367e-06,0.013475,1,2.3015e-07,2.3015e-07,1.19e-07,0
-0.00078866,5.8507e-06,0.013479,1,2.3038e-07,2.3038e-07,1.19e-07,0
-0.0007641,5.8647e-06,0.013484,1,2.3062e-07,2.3062e-07,1.19e-07,0
-0.00073955,5.8787e-06,0.013489,1,2.3086e-07,2.3086e-07,1.19e-07,0
-0.000715,5.8927e-06,0.013494,1,2.311e-07,2.311e-07,1.19e-07,0
-0.00069044,5.9067e-06,0.013499,1,2.3134e-07,2.3134e-07,1.19e-07,0
-0.00066589,5.9207e-06,0.013503,1,2.3157e-07,2.3157e-07,1.19e-07,0
-0.00064134,5.9347e-06,0.013508,1,2.3181e-07,2.3181e-07,1.19e-07,0
-0.00061675,5.9491e-06,0.013513,1,2.3205e-07,2.3205e-07,1.19e-07,0
-0.00059203,5.965e-06,0.013516,1,2.3229e-07,2.3229e-07,1.19e-07,0
-0.00056732,5.981e-06,0.01352,1,2.3253e-07,2.3253e-07,1.19e-07,0
-0.0005426,5.9969e-06,0.013523,1,2.3276e-07,2.3276e-07,1.19e-07,0
-0.00051788,6.0129e-06,0.013527,1,2.33e-07,2.33e-07,1.19e-07,0
-0.00049317,6.0288e-06,0.01353,1,2.3324e-07,2.3324e-07,1.19e-07,0
-0.00046845,6.0447e-06,0.013533,1,2.3348e-07,2.3348e-07,1.19e-07,0
-0.00044374,6.0607e-06,0.013537,1,2.3372e-07,2.3372e-07,1.19e-07,0
-0.00041902,6.0766e-06,0.01354,1,2.3395e-07,2.3395e-07,1.19e-07,0
-0.00039421,6.0941e-06,0.013543,1,2.3419e-07,2.3419e-07,1.19e-07,0
-0.00036938,6.112e-06,0.013545,1,2.3443e-07,2.3443e-07,1.19e-07,0
-0.00034455,6.1299e-06,0.013547,1,2.3467e-07,2.3467e-07,1.19e-07,0
-0.00031971,6.1478e-06,0.013549,1,2.3491e-07,2.3491e-07,1.19e-07,0
-0.00029488,6.1657e-06,0.013551,1,2.3514e-07,2.3514e-07,1.19e-07,0
-0.00027005,6.1836e-06,0.013553,1,2.3538e-07,2.3538e-07,1.19e-07,0
-0.00024522,6.2015e-06,0.013555,1,2.3562e-07,2.3562e-07,1.19e-07,0
-0.00022039,6.2194e-06,0.013557,1,2.3586e-07,2.3586e-07,1.19e-07,0
-0.00019553,6.2381e-06,0.013559,1,2.361e-07,2.361e-07,1.19e-07,0
-0.00017063,6.2579e-06,0.013559,1,2.3633e-07,2.3633e-07,1.19e-07,0
-0.00014573,6.2777e-06,0.01356,1,2.3657e-07,2.3657e-07,1.19e-07,0
-0.00012083,6.2976e-06,0.013561,1,2.3681e-07,2.3681e-07,1.19e-07,0
-9.5931e-05,6.3174e-06,0.013561,1,2.3705e-07,2.3705e-07,1.19e-07,0
-7.1032e-05,6.3373e-06,0.013562,1,2.3729e-07,2.3729e-07,1.19e-07,0
-4.6134e-05,6.3571e-06,0.013563,1,2.3752e-07,2.3752e-07,1.19e-07,0
-2.1234e-05,6.377e-06,0.013563,1,2.3776e-07,2.3776e-07,1.19e-07,0
3.6658e-06,6.3968e-06,0.013564,1,2.38e-07,2.38e-07,1.19e-07,0
