"m:0","m:1","m:2","vtkValidPointMask","arc_length","Points:0","Points:1","Points:2"
-4.2757e-05,1.8449e-05,1,1,0,0,1.19e-07,1.52e-07
-0.0001991,1.8453e-05,1,1,2.38e-10,2.38e-10,1.19e-07,1.52e-07
-0.00035545,1.8457e-05,1,1,4.76e-10,4.76e-10,1.19e-07,1.52e-07
-0.0005118,1.8461e-05,1,1,7.14e-10,7.14e-10,1.19e-07,1.52e-07
-0.00066814,1.8465e-05,1,1,9.52e-10,9.52e-10,1.19e-07,1.52e-07
-0.00082449,1.847e-05,1,1,1.19e-09,1.19e-09,1.19e-07,1.52e-07
-0.00098084,1.8474e-05,1,1,1.428e-09,1.428e-09,1.19e-07,1.52e-07
-0.0011372,1.8478e-05,1,1,1.666e-09,1.666e-09,1.19e-07,1.52e-07
-0.0012935,1.8482e-05,1,1,1.904e-09,1.904e-09,1.19e-07,1.52e-07
-0.0014511,1.8496e-05,1,1,2.142e-09,2.142e-09,1.19e-07,1.52e-07
-0.0016094,1.8517e-05,1,1,2.38e-09,2.38e-09,1.19e-07,1.52e-07
-0.0017678,1.8538e-05,1,1,2.618e-09,2.618e-09,1.19e-07,1.52e-07
-0.0019261,1.8559e-05,1,1,2.856e-09,2.856e-09,1.19e-07,1.52e-07
-0.0020845,1.858e-05,1,1,3.094e-09,3.094e-09,1.19e-07,1.52e-07
-0.0022428,1.8601e-05,1,1,3.332e-09,3.332e-09,1.19e-07,1.52e-07
-0.0024012,1.8622e-05,1,1,3.57e-09,3.57e-09,1.19e-07,1.52e-07
-0.0025595,1.8643e-05,1,1,3.808e-09,3.808e-09,1.19e-07,1.52e-07
-0.0027187,1.8668e-05,1,1,4.046e-09,4.046e-09,1.19e-07,1.52e-07
-0.0028811,1.8707e-05,1,1,4.284e-09,4.284e-09,1.19e-07,1.52e-07
-0.0030435,1.8747e-05,1,1,4.522e-09,4.522e-09,1.19e-07,1.52e-07
-0.003206,1.8786e-05,0.99999,1,4.76e-09,4.76e-09,1.19e-07,1.52e-07
-0.0033684,1.8825e-05,0.99999,1,4.998e-09,4.998e-09,1.19e-07,1.52e-07
-0.0035308,1.8864e-05,0.99999,1,5.236e-09,5.236e-09,1.19e-07,1.52e-07
-0.0036932,1.8904e-05,0.99999,1,5.474e-09,5.474e-09,1.19e-07,1.52e-07
-0.0038557,1.8943e-05,0.99999,1,5.712e-09,5.712e-09,1.19e-07,1.52e-07
-0.0040181,1.8982e-05,0.99999,1,5.95e-09,5.95e-09,1.19e-07,1.52e-07
-0.0041855,1.9037e-05,0.99999,1,6.188e-09,6.188e-09,1.19e-07,1.52e-07
-0.0043542,1.9096e-05,0.99999,1,6.426e-09,6.426e-09,1.19e-07,1.52e-07
-0.0045229,1.9154e-05,0.99999,1,6.664e-09,6.664e-09,1.19e-07,1.52e-07
-0.0046917,1.9213e-05,0.99999,1,6.902e-09,6.902e-09,1.19e-07,1.52e-07
-0.0048604,1.9272e-05,0.99999,1,7.14e-09,7.14e-09,1.19e-07,1.52e-07
-0.0050291,1.933e-05,0.99999,1,7.378e-09,7.378e-09,1.19e-07,1.52e-07
-0.0051979,1.9389e-05,0.99999,1,7.616e-09,7.616e-09,1.19e-07,1.52e-07
-0.0053666,1.9447e-05,0.99999,1,7.854e-09,7.854e-09,1.19e-07,1.52e-07
-0.0055387,1.9515e-05,0.99998,1,8.092e-09,8.092e-09,1.19e-07,1.52e-07
-0.0057163,1.9596e-05,0.99998,1,8.33e-09,8.33e-09,1.19e-07,1.52e-07
-0.0058938,1.9676e-05,0.99998,1,8.568e-09,8.568e-09,1.19e-07,1.52e-07
-0.0060713,1.9757e-05,0.99998,1,8.806e-09,8.806e-09,1.19e-07,1.52e-07
-0.0062489,1.9838e-05,0.99998,1,9.044e-09,9.044e-09,1.19e-07,1.52e-07
-0.0064264,1.9919e-05,0.99998,1,9.282e-09,9.282e-09,1.19e-07,1.52e-07
-0.0066039,2e-05,0.99998,1,9.52e-09,9.52e-09,1.19e-07,1.52e-07
-0.0067815,2.008e-05,0.99998,1,9.758e-09,9.758e-09,1.19e-07,1.52e-07
-0.006959,2.0161e-05,0.99998,1,9.996e-09,9.996e-09,1.19e-07,1.52e-07
-0.007148,2.0266e-05,0.99997,1,1.0234e-08,1.0234e-08,1.19e-07,1.52e-07
-0.0073372,2.0372e-05,0.99997,1,1.0472e-08,1.0472e-08,1.19e-07,1.52e-07
-0.0075264,2.0477e-05,0.99997,1,1.071e-08,1.071e-08,1.19e-07,1.52e-07
-0.0077157,2.0583e-05,0.99997,1,1.0948e-08,1.0948e-08,1.19e-07,1.52e-07
-0.0079049,2.0688e-05,0.99997,1,1.1186e-08,1.1186e-08,1.19e-07,1.52e-07
-0.0080941,2.0794e-05,0.99997,1,1.1424e-08,1.1424e-08,1.19e-07,1.52e-07
-0.0082833,2.0899e-05,0.99997,1,1.1662e-08,1.1662e-08,1.19e-07,1.52e-07
-0.0084725,2.1005e-05,0.99996,1,1.19e-08,1.19e-08,1.19e-07,1.52e-07
-0.0086705,2.1127e-05,0.99996,1,1.2138e-08,1.2138e-08,1.19e-07,1.52e-07
-0.0088748,2.1261e-05,0.99996,1,1.2376e-08,1.2376e-08,1.19e-07,1.52e-07
-0.009079,2.1394e-05,0.99996,1,1.2614e-08,1.2614e-08,1.19e-07,1.52e-07
-0.0092833,2.1528e-05,0.99996,1,1.2852e-08,1.2852e-08,1.19e-07,1.52e-07
-0.0094876,2.1662e-05,0.99995,1,1.309e-08,1.309e-08,1.19e-07,1.52e-07
-0.0096919,2.1796e-05,0.99995,1,1.3328e-08,1.3328e-08,1.19e-07,1.52e-07
-0.0098962,2.193e-05,0.99995,1,1.3566e-08,1.3566e-08,1.19e-07,1.52e-07
-0.0101,2.2064e-05,0.99995,1,1.3804e-08,1.3804e-08,1.19e-07,1.52e-07
-0.010308,2.2203e-05,0.99995,1,1.4042e-08,1.4042e-08,1.19e-07,1.52e-07
-0.010532,2.237e-05,0.99994,1,1.428e-08,1.428e-08,1.19e-07,1.52e-07
-0.010755,2.2537e-05,0.99994,1,1.4518e-08,1.4518e-08,1.19e-07,1.52e-07
-0.010978,2.2704e-05,0.99994,1,1.4756e-08,1.4756e-08,1.19e-07,1.52e-07
-0.011202,2.287e-05,0.99994,1,1.4994e-08,1.4994e-08,1.19e-07,1.52e-07
-0.011425,2.3037e-05,0.99993,1,1.5232e-08,1.5232e-08,1.19e-07,1.52e-07
-0.011649,2.3204e-05,0.99993,1,1.547e-08,1.547e-08,1.19e-07,1.52e-07
-0.011872,2.3371e-05,0.99993,1,1.5708e-08,1.5708e-08,1.19e-07,1.52e-07
-0.012095,2.3538e-05,0.99993,1,1.5946e-08,1.5946e-08,1.19e-07,1.52e-07
-0.012337,2.3735e-05,0.99992,1,1.6184e-08,1.6184e-08,1.19e-07,1.52e-07
-0.012585,2.3942e-05,0.99992,1,1.6422e-08,1.6422e-08,1.19e-07,1.52e-07
-0.012832,2.4149e-05,0.99992,1,1.666e-08,1.666e-08,1.19e-07,1.52e-07
-0.01308,2.4355e-05,0.99991,1,1.6898e-08,1.6898e-08,1.19e-07,1.52e-07
-0.013327,2.4562e-05,0.99991,1,1.7136e-08,1.7136e-08,1.19e-07,1.52e-07
-0.013575,2.4769e-05,0.99991,1,1.7374e-08,1.7374e-08,1.19e-07,1.52e-07
-0.013822,2.4975e-05,0.9999,1,1.7612e-08,1.7612e-08,1.19e-07,1.52e-07
-0.01407,2.5182e-05,0.9999,1,1.785e-08,1.785e-08,1.19e-07,1.52e-07
-0.014328,2.5406e-05,0.9999,1,1.8088e-08,1.8088e-08,1.19e-07,1.52e-07
-0.014606,2.5661e-05,0.99989,1,1.8326e-08,1.8326e-08,1.19e-07,1.52e-07
-0.014884,2.5916e-05,0.99989,1,1.8564e-08,1.8564e-08,1.19e-07,1.52e-07
-0.015161,2.617e-05,0.99988,1,1.8802e-08,1.8802e-08,1.19e-07,1.52e-07
-0.015439,2.6425e-05,0.99988,1,1.904e-08,1.904e-08,1.19e-07,1.52e-07
-0.015716,2.668e-05,0.99988,1,1.9278e-08,1.9278e-08,1.19e-07,1.52e-07
-0.015994,2.6934e-05,0.99987,1,1.9516e-08,1.9516e-08,1.19e-07,1.52e-07
-0.016272,2.7189e-05,0.99987,1,1.9754e-08,1.9754e-08,1.19e-07,1.52e-07
-0.016549,2.7444e-05,0.99986,1,1.9992e-08,1.9992e-08,1.19e-07,1.52e-07
-0.016863,2.7754e-05,0.99986,1,2.023e-08,2.023e-08,1.19e-07,1.52e-07
-0.017179,2.8066e-05,0.99985,1,2.0468e-08,2.0468e-08,1.19e-07,1.52e-07
-0.017494,2.8379e-05,0.99985,1,2.0706e-08,2.0706e-08,1.19e-07,1.52e-07
-0.017809,2.8691e-05,0.99984,1,2.0944e-08,2.0944e-08,1.19e-07,1.52e-07
-0.018124,2.9003e-05,0.99983,1,2.1182e-08,2.1182e-08,1.19e-07,1.52e-07
-0.01844,2.9315e-05,0.99983,1,2.142e-08,2.142e-08,1.19e-07,1.52e-07
-0.018755,2.9627e-05,0.99982,1,2.1658e-08,2.1658e-08,1.19e-07,1.52e-07
-0.01907,2.994e-05,0.99982,1,2.1896e-08,2.1896e-08,1.19e-07,1.52e-07
-0.019412,3.0292e-05,0.99981,1,2.2134e-08,2.2134e-08,1.19e-07,1.52e-07
-0.019774,3.0675e-05,0.9998,1,2.2372e-08,2.2372e-08,1.19e-07,1.52e-07
-0.020136,3.1059e-05,0.9998,1,2.261e-08,2.261e-08,1.19e-07,1.52e-07
-0.020499,3.1442e-05,0.99979,1,2.2848e-08,2.2848e-08,1.19e-07,1.52e-07
-0.020861,3.1825e-05,0.99978,1,2.3086e-08,2.3086e-08,1.19e-07,1.52e-07
-0.021223,3.2209e-05,0.99977,1,2.3324e-08,2.3324e-08,1.19e-07,1.52e-07
-0.021586,3.2592e-05,0.99977,1,2.3562e-08,2.3562e-08,1.19e-07,1.52e-07
-0.021948,3.2975e-05,0.99976,1,2.38e-08,2.38e-08,1.19e-07,1.52e-07
-0.02232,3.3373e-05,0.99975,1,2.4038e-08,2.4038e-08,1.19e-07,1.52e-07
-0.022741,3.3844e-05,0.99974,1,2.4276e-08,2.4276e-08,1.19e-07,1.52e-07
-0.023162,3.4315e-05,0.99973,1,2.4514e-08,2.4514e-08,1.19e-07,1.52e-07
-0.023583,3.4787e-05,0.99972,1,2.4752e-08,2.4752e-08,1.19e-07,1.52e-07
-0.024004,3.5258e-05,0.99971,1,2.499e-08,2.499e-08,1.19e-07,1.52e-07
-0.024425,3.5729e-05,0.9997,1,2.5228e-08,2.5228e-08,1.19e-07,1.52e-07
-0.024846,3.6201e-05,0.99969,1,2.5466e-08,2.5466e-08,1.19e-07,1.52e-07
-0.025267,3.6672e-05,0.99968,1,2.5704e-08,2.5704e-08,1.19e-07,1.52e-07
-0.025688,3.7143e-05,0.99967,1,2.5942e-08,2.5942e-08,1.19e-07,1.52e-07
-0.026165,3.7698e-05,0.99966,1,2.618e-08,2.618e-08,1.19e-07,1.52e-07
-0.02666,3.8279e-05,0.99964,1,2.6418e-08,2.6418e-08,1.19e-07,1.52e-07
-0.027154,3.886e-05,0.99963,1,2.6656e-08,2.6656e-08,1.19e-07,1.52e-07
-0.027649,3.9441e-05,0.99962,1,2.6894e-08,2.6894e-08,1.19e-07,1.52e-07
-0.028144,4.0022e-05,0.9996,1,2.7132e-08,2.7132e-08,1.19e-07,1.52e-07
-0.028638,4.0603e-05,0.99959,1,2.737e-08,2.737e-08,1.19e-07,1.52e-07
-0.029133,4.1184e-05,0.99957,1,2.7608e-08,2.7608e-08,1.19e-07,1.52e-07
-0.029628,4.1765e-05,0.99956,1,2.7846e-08,2.7846e-08,1.19e-07,1.52e-07
-0.030155,4.2395e-05,0.99954,1,2.8084e-08,2.8084e-08,1.19e-07,1.52e-07
-0.030742,4.3114e-05,0.99953,1,2.8322e-08,2.8322e-08,1.19e-07,1.52e-07
-0.031329,4.3833e-05,0.99951,1,2.856e-08,2.856e-08,1.19e-07,1.52e-07
-0.031916,4.4552e-05,0.99949,1,2.8798e-08,2.8798e-08,1.19e-07,1.52e-07
-0.032503,4.5271e-05,0.99947,1,2.9036e-08,2.9036e-08,1.19e-07,1.52e-07
-0.03309,4.5991e-05,0.99945,1,2.9274e-08,2.9274e-08,1.19e-07,1.52e-07
-0.033676,4.671e-05,0.99943,1,2.9512e-08,2.9512e-08,1.19e-07,1.52e-07
-0.034263,4.7429e-05,0.99941,1,2.975e-08,2.975e-08,1.19e-07,1.52e-07
-0.03485,4.8148e-05,0.99939,1,2.9988e-08,2.9988e-08,1.19e-07,1.52e-07
-0.035547,4.9032e-05,0.99937,1,3.0226e-08,3.0226e-08,1.19e-07,1.52e-07
-0.03625,4.9925e-05,0.99934,1,3.0464e-08,3.0464e-08,1.19e-07,1.52e-07
-0.036953,5.0818e-05,0.99931,1,3.0702e-08,3.0702e-08,1.19e-07,1.52e-07
-0.037656,5.1712e-05,0.99929,1,3.094e-08,3.094e-08,1.19e-07,1.52e-07
-0.038359,5.2605e-05,0.99926,1,3.1178e-08,3.1178e-08,1.19e-07,1.52e-07
-0.039061,5.3498e-05,0.99923,1,3.1416e-08,3.1416e-08,1.19e-07,1.52e-07
-0.039764,5.4391e-05,0.99921,1,3.1654e-08,3.1654e-08,1.19e-07,1.52e-07
-0.040467,5.5284e-05,0.99918,1,3.1892e-08,3.1892e-08,1.19e-07,1.52e-07
-0.04125,5.6298e-05,0.99915,1,3.213e-08,3.213e-08,1.19e-07,1.52e-07
-0.042098,5.7413e-05,0.99911,1,3.2368e-08,3.2368e-08,1.19e-07,1.52e-07
-0.042947,5.8527e-05,0.99907,1,3.2606e-08,3.2606e-08,1.19e-07,1.52e-07
-0.043796,5.9642e-05,0.99903,1,3.2844e-08,3.2844e-08,1.19e-07,1.52e-07
-0.044645,6.0756e-05,0.999,1,3.3082e-08,3.3082e-08,1.19e-07,1.52e-07
-0.045493,6.1871e-05,0.99896,1,3.332e-08,3.332e-08,1.19e-07,1.52e-07
-0.046342,6.2986e-05,0.99892,1,3.3558e-08,3.3558e-08,1.19e-07,1.52e-07
-0.047191,6.41e-05,0.99888,1,3.3796e-08,3.3796e-08,1.19e-07,1.52e-07
-0.048066,6.5255e-05,0.99884,1,3.4034e-08,3.4034e-08,1.19e-07,1.52e-07
-0.049098,6.6653e-05,0.99879,1,3.4272e-08,3.4272e-08,1.19e-07,1.52e-07
-0.050131,6.805e-05,0.99874,1,3.451e-08,3.451e-08,1.19e-07,1.52e-07
-0.051164,6.9447e-05,0.99868,1,3.4748e-08,3.4748e-08,1.19e-07,1.52e-07
-0.052196,7.0845e-05,0.99863,1,3.4986e-08,3.4986e-08,1.19e-07,1.52e-07
-0.053229,7.2242e-05,0.99857,1,3.5224e-08,3.5224e-08,1.19e-07,1.52e-07
-0.054262,7.3639e-05,0.99852,1,3.5462e-08,3.5462e-08,1.19e-07,1.52e-07
-0.055294,7.5037e-05,0.99847,1,3.57e-08,3.57e-08,1.19e-07,1.52e-07
-0.056327,7.6434e-05,0.99841,1,3.5938e-08,3.5938e-08,1.19e-07,1.52e-07
-0.057531,7.81e-05,0.99834,1,3.6176e-08,3.6176e-08,1.19e-07,1.52e-07
-0.058796,7.9861e-05,0.99826,1,3.6414e-08,3.6414e-08,1.19e-07,1.52e-07
-0.060061,8.1621e-05,0.99818,1,3.6652e-08,3.6652e-08,1.19e-07,1.52e-07
-0.061326,8.3382e-05,0.9981,1,3.689e-08,3.689e-08,1.19e-07,1.52e-07
-0.062591,8.5142e-05,0.99803,1,3.7128e-08,3.7128e-08,1.19e-07,1.52e-07
-0.063856,8.6903e-05,0.99795,1,3.7366e-08,3.7366e-08,1.19e-07,1.52e-07
-0.065121,8.8663e-05,0.99787,1,3.7604e-08,3.7604e-08,1.19e-07,1.52e-07
-0.066386,9.0424e-05,0.99779,1,3.7842e-08,3.7842e-08,1.19e-07,1.52e-07
-0.06775,9.2342e-05,0.9977,1,3.808e-08,3.808e-08,1.19e-07,1.52e-07
-0.069308,9.457e-05,0.99758,1,3.8318e-08,3.8318e-08,1.19e-07,1.52e-07
-0.070867,9.6798e-05,0.99747,1,3.8556e-08,3.8556e-08,1.19e-07,1.52e-07
-0.072425,9.9026e-05,0.99735,1,3.8794e-08,3.8794e-08,1.19e-07,1.52e-07
-0.073984,0.00010125,0.99724,1,3.9032e-08,3.9032e-08,1.19e-07,1.52e-07
-0.075542,0.00010348,0.99712,1,3.927e-08,3.927e-08,1.19e-07,1.52e-07
-0.077101,0.00010571,0.99701,1,3.9508e-08,3.9508e-08,1.19e-07,1.52e-07
-0.078659,0.00010794,0.99689,1,3.9746e-08,3.9746e-08,1.19e-07,1.52e-07
-0.080218,0.00011017,0.99678,1,3.9984e-08,3.9984e-08,1.19e-07,1.52e-07
-0.082123,0.00011296,0.99661,1,4.0222e-08,4.0222e-08,1.19e-07,1.52e-07
-0.084053,0.00011579,0.99644,1,4.046e-08,4.046e-08,1.19e-07,1.52e-07
-0.085982,0.00011862,0.99627,1,4.0698e-08,4.0698e-08,1.19e-07,1.52e-07
-0.087912,0.00012146,0.99609,1,4.0936e-08,4.0936e-08,1.19e-07,1.52e-07
-0.089842,0.00012429,0.99592,1,4.1174e-08,4.1174e-08,1.19e-07,1.52e-07
-0.091772,0.00012712,0.99575,1,4.1412e-08,4.1412e-08,1.19e-07,1.52e-07
-0.093702,0.00012995,0.99558,1,4.165e-08,4.165e-08,1.19e-07,1.52e-07
-0.095632,0.00013278,0.99541,1,4.1888e-08,4.1888e-08,1.19e-07,1.52e-07
-0.09781,0.00013603,0.99519,1,4.2126e-08,4.2126e-08,1.19e-07,1.52e-07
-0.10021,0.00013965,0.99493,1,4.2364e-08,4.2364e-08,1.19e-07,1.52e-07
-0.10261,0.00014326,0.99468,1,4.2602e-08,4.2602e-08,1.19e-07,1.52e-07
-0.10501,0.00014688,0.99442,1,4.284e-08,4.284e-08,1.19e-07,1.52e-07
-0.10741,0.00015049,0.99416,1,4.3078e-08,4.3078e-08,1.19e-07,1.52e-07
-0.10981,0.00015411,0.99391,1,4.3316e-08,4.3316e-08,1.19e-07,1.52e-07
-0.11221,0.00015772,0.99365,1,4.3554e-08,4.3554e-08,1.19e-07,1.52e-07
-0.1146,0.00016134,0.99339,1,4.3792e-08,4.3792e-08,1.19e-07,1.52e-07
-0.11708,0.00016508,0.99312,1,4.403e-08,4.403e-08,1.19e-07,1.52e-07
-0.12007,0.00016971,0.99273,1,4.4268e-08,4.4268e-08,1.19e-07,1.52e-07
-0.12306,0.00017434,0.99234,1,4.4506e-08,4.4506e-08,1.19e-07,1.52e-07
-0.12605,0.00017897,0.99195,1,4.4744e-08,4.4744e-08,1.19e-07,1.52e-07
-0.12905,0.00018361,0.99156,1,4.4982e-08,4.4982e-08,1.19e-07,1.52e-07
-0.13204,0.00018824,0.99117,1,4.522e-08,4.522e-08,1.19e-07,1.52e-07
-0.13503,0.00019287,0.99078,1,4.5458e-08,4.5458e-08,1.19e-07,1.52e-07
-0.13802,0.0001975,0.99039,1,4.5696e-08,4.5696e-08,1.19e-07,1.52e-07
-0.14101,0.00020213,0.99,1,4.5934e-08,4.5934e-08,1.19e-07,1.52e-07
-0.14454,0.00020771,0.98946,1,4.6172e-08,4.6172e-08,1.19e-07,1.52e-07
-0.14828,0.00021365,0.98886,1,4.641e-08,4.641e-08,1.19e-07,1.52e-07
-0.15202,0.0002196,0.98826,1,4.6648e-08,4.6648e-08,1.19e-07,1.52e-07
-0.15575,0.00022554,0.98767,1,4.6886e-08,4.6886e-08,1.19e-07,1.52e-07
-0.15949,0.00023149,0.98707,1,4.7124e-08,4.7124e-08,1.19e-07,1.52e-07
-0.16323,0.00023743,0.98647,1,4.7362e-08,4.7362e-08,1.19e-07,1.52e-07
-0.16696,0.00024338,0.98588,1,4.76e-08,4.76e-08,1.19e-07,1.52e-07
-0.1707,0.00024932,0.98528,1,4.7838e-08,4.7838e-08,1.19e-07,1.52e-07
-0.17473,0.00025581,0.98458,1,4.8076e-08,4.8076e-08,1.19e-07,1.52e-07
-0.1794,0.00026345,0.98367,1,4.8314e-08,4.8314e-08,1.19e-07,1.52e-07
-0.18407,0.0002711,0.98275,1,4.8552e-08,4.8552e-08,1.19e-07,1.52e-07
-0.18874,0.00027874,0.98183,1,4.879e-08,4.879e-08,1.19e-07,1.52e-07
-0.1934,0.00028638,0.98091,1,4.9028e-08,4.9028e-08,1.19e-07,1.52e-07
-0.19807,0.00029403,0.97999,1,4.9266e-08,4.9266e-08,1.19e-07,1.52e-07
-0.20274,0.00030167,0.97908,1,4.9504e-08,4.9504e-08,1.19e-07,1.52e-07
-0.20741,0.00030931,0.97816,1,4.9742e-08,4.9742e-08,1.19e-07,1.52e-07
-0.21207,0.00031695,0.97724,1,4.998e-08,4.998e-08,1.19e-07,1.52e-07
-0.21779,0.00032659,0.97586,1,5.0218e-08,5.0218e-08,1.19e-07,1.52e-07
-0.22361,0.0003364,0.97445,1,5.0456e-08,5.0456e-08,1.19e-07,1.52e-07
-0.22942,0.00034622,0.97303,1,5.0694e-08,5.0694e-08,1.19e-07,1.52e-07
-0.23524,0.00035604,0.97161,1,5.0932e-08,5.0932e-08,1.19e-07,1.52e-07
-0.24105,0.00036585,0.97019,1,5.117e-08,5.117e-08,1.19e-07,1.52e-07
-0.24687,0.00037567,0.96877,1,5.1408e-08,5.1408e-08,1.19e-07,1.52e-07
-0.25269,0.00038549,0.96735,1,5.1646e-08,5.1646e-08,1.19e-07,1.52e-07
-0.2585,0.00039531,0.96593,1,5.1884e-08,5.1884e-08,1.19e-07,1.52e-07
-0.26503,0.00040653,0.96411,1,5.2122e-08,5.2122e-08,1.19e-07,1.52e-07
-0.27223,0.0004191,0.96192,1,5.236e-08,5.236e-08,1.19e-07,1.52e-07
-0.27944,0.00043166,0.95972,1,5.2598e-08,5.2598e-08,1.19e-07,1.52e-07
-0.28664,0.00044422,0.95752,1,5.2836e-08,5.2836e-08,1.19e-07,1.52e-07
-0.29385,0.00045679,0.95532,1,5.3074e-08,5.3074e-08,1.19e-07,1.52e-07
-0.30105,0.00046935,0.95312,1,5.3312e-08,5.3312e-08,1.19e-07,1.52e-07
-0.30826,0.00048192,0.95092,1,5.355e-08,5.355e-08,1.19e-07,1.52e-07
-0.31546,0.00049448,0.94873,1,5.3788e-08,5.3788e-08,1.19e-07,1.52e-07
-0.32284,0.00050742,0.9464,1,5.4026e-08,5.4026e-08,1.19e-07,1.52e-07
-0.33167,0.00052336,0.943,1,5.4264e-08,5.4264e-08,1.19e-07,1.52e-07
-0.3405,0.00053931,0.9396,1,5.4502e-08,5.4502e-08,1.19e-07,1.52e-07
-0.34933,0.00055526,0.9362,1,5.474e-08,5.474e-08,1.19e-07,1.52e-07
-0.35815,0.0005712,0.9328,1,5.4978e-08,5.4978e-08,1.19e-07,1.52e-07
-0.36698,0.00058715,0.9294,1,5.5216e-08,5.5216e-08,1.19e-07,1.52e-07
-0.37581,0.0006031,0.926,1,5.5454e-08,5.5454e-08,1.19e-07,1.52e-07
-0.38463,0.00061905,0.9226,1,5.5692e-08,5.5692e-08,1.19e-07,1.52e-07
-0.39346,0.00063499,0.9192,1,5.593e-08,5.593e-08,1.19e-07,1.52e-07
-0.40355,0.00065375,0.91452,1,5.6168e-08,5.6168e-08,1.19e-07,1.52e-07
-0.41415,0.00067369,0.90931,1,5.6406e-08,5.6406e-08,1.19e-07,1.52e-07
-0.42476,0.00069362,0.90409,1,5.6644e-08,5.6644e-08,1.19e-07,1.52e-07
-0.43537,0.00071355,0.89887,1,5.6882e-08,5.6882e-08,1.19e-07,1.52e-07
-0.44598,0.00073348,0.89365,1,5.712e-08,5.712e-08,1.19e-07,1.52e-07
-0.45659,0.00075341,0.88844,1,5.7358e-08,5.7358e-08,1.19e-07,1.52e-07
-0.4672,0.00077334,0.88322,1,5.7596e-08,5.7596e-08,1.19e-07,1.52e-07
-0.47781,0.00079328,0.878,1,5.7834e-08,5.7834e-08,1.19e-07,1.52e-07
-0.48894,0.00081452,0.87198,1,5.8072e-08,5.8072e-08,1.19e-07,1.52e-07
-0.50129,0.00083878,0.86409,1,5.831e-08,5.831e-08,1.19e-07,1.52e-07
-0.51363,0.00086304,0.85621,1,5.8548e-08,5.8548e-08,1.19e-07,1.52e-07
-0.52598,0.0008873,0.84832,1,5.8786e-08,5.8786e-08,1.19e-07,1.52e-07
-0.53833,0.00091156,0.84044,1,5.9024e-08,5.9024e-08,1.19e-07,1.52e-07
-0.55067,0.00093583,0.83255,1,5.9262e-08,5.9262e-08,1.19e-07,1.52e-07
-0.56302,0.00096009,0.82467,1,5.95e-08,5.95e-08,1.19e-07,1.52e-07
-0.57537,0.00098435,0.81678,1,5.9738e-08,5.9738e-08,1.19e-07,1.52e-07
-0.58771,0.0010086,0.8089,1,5.9976e-08,5.9976e-08,1.19e-07,1.52e-07
-0.60121,0.0010365,0.79767,1,6.0214e-08,6.0214e-08,1.19e-07,1.52e-07
-0.61484,0.0010647,0.78607,1,6.0452e-08,6.0452e-08,1.19e-07,1.52e-07
-0.62846,0.001093,0.77447,1,6.069e-08,6.069e-08,1.19e-07,1.52e-07
-0.64209,0.0011212,0.76288,1,6.0928e-08,6.0928e-08,1.19e-07,1.52e-07
-0.65571,0.0011495,0.75128,1,6.1166e-08,6.1166e-08,1.19e-07,1.52e-07
-0.66934,0.0011778,0.73968,1,6.1404e-08,6.1404e-08,1.19e-07,1.52e-07
-0.68297,0.001206,0.72808,1,6.1642e-08,6.1642e-08,1.19e-07,1.52e-07
-0.69659,0.0012343,0.71648,1,6.188e-08,6.188e-08,1.19e-07,1.52e-07
-0.71029,0.0012637,0.70252,1,6.2118e-08,6.2118e-08,1.19e-07,1.52e-07
-0.72407,0.0012944,0.68618,1,6.2356e-08,6.2356e-08,1.19e-07,1.52e-07
-0.73785,0.001325,0.66983,1,6.2594e-08,6.2594e-08,1.19e-07,1.52e-07
-0.75162,0.0013557,0.65349,1,6.2832e-08,6.2832e-08,1.19e-07,1.52e-07
-0.7654,0.0013863,0.63714,1,6.307e-08,6.307e-08,1.19e-07,1.52e-07
-0.77918,0.001417,0.6208,1,6.3308e-08,6.3308e-08,1.19e-07,1.52e-07
-0.79295,0.0014476,0.60445,1,6.3546e-08,6.3546e-08,1.19e-07,1.52e-07
-0.80673,0.0014783,0.58811,1,6.3784e-08,6.3784e-08,1.19e-07,1.52e-07
-0.82034,0.0015089,0.57128,1,6.4022e-08,6.4022e-08,1.19e-07,1.52e-07
-0.83232,0.0015385,0.54967,1,6.426e-08,6.426e-08,1.19e-07,1.52e-07
-0.84431,0.0015681,0.52806,1,6.4498e-08,6.4498e-08,1.19e-07,1.52e-07
-0.85629,0.0015977,0.50646,1,6.4736e-08,6.4736e-08,1.19e-07,1.52e-07
-0.86827,0.0016274,0.48485,1,6.4974e-08,6.4974e-08,1.19e-07,1.52e-07
-0.88026,0.001657,0.46324,1,6.5212e-08,6.5212e-08,1.19e-07,1.52e-07
-0.89224,0.0016866,0.44164,1,6.545e-08,6.545e-08,1.19e-07,1.52e-07
-0.90422,0.0017163,0.42003,1,6.5688e-08,6.5688e-08,1.19e-07,1.52e-07
-0.91621,0.0017459,0.39842,1,6.5926e-08,6.5926e-08,1.19e-07,1.52e-07
-0.92526,0.0017714,0.37367,1,6.6164e-08,6.6164e-08,1.19e-07,1.52e-07
-0.933,0.001795,0.34749,1,6.6402e-08,6.6402e-08,1.19e-07,1.52e-07
-0.94074,0.0018185,0.32132,1,6.664e-08,6.664e-08,1.19e-07,1.52e-07
-0.94848,0.0018421,0.29514,1,6.6878e-08,6.6878e-08,1.19e-07,1.52e-07
-0.95621,0.0018657,0.26897,1,6.7116e-08,6.7116e-08,1.19e-07,1.52e-07
-0.96395,0.0018893,0.24279,1,6.7354e-08,6.7354e-08,1.19e-07,1.52e-07
-0.97169,0.0019129,0.21662,1,6.7592e-08,6.7592e-08,1.19e-07,1.52e-07
-0.97943,0.0019365,0.19044,1,6.783e-08,6.783e-08,1.19e-07,1.52e-07
-0.98538,0.001957,0.16361,1,6.8068e-08,6.8068e-08,1.19e-07,1.52e-07
-0.98688,0.0019696,0.13515,1,6.8306e-08,6.8306e-08,1.19e-07,1.52e-07
-0.98837,0.0019822,0.10669,1,6.8544e-08,6.8544e-08,1.19e-07,1.52e-07
-0.98987,0.0019948,0.078222,1,6.8782e-08,6.8782e-08,1.19e-07,1.52e-07
-0.99136,0.0020075,0.049758,1,6.902e-08,6.902e-08,1.19e-07,1.52e-07
-0.99286,0.0020201,0.021294,1,6.9258e-08,6.9258e-08,1.19e-07,1.52e-07
-0.99435,0.0020327,-0.0071698,1,6.9496e-08,6.9496e-08,1.19e-07,1.52e-07
-0.99585,0.0020453,-0.035634,1,6.9734e-08,6.9734e-08,1.19e-07,1.52e-07
-0.99734,0.0020579,-0.064098,1,6.9972e-08,6.9972e-08,1.19e-07,1.52e-07
-0.99297,0.0020588,-0.091715,1,7.021e-08,7.021e-08,1.19e-07,1.52e-07
-0.98781,0.0020581,-0.11922,1,7.0448e-08,7.0448e-08,1.19e-07,1.52e-07
-0.98265,0.0020573,-0.14672,1,7.0686e-08,7.0686e-08,1.19e-07,1.52e-07
-0.97749,0.0020566,-0.17423,1,7.0924e-08,7.0924e-08,1.19e-07,1.52e-07
-0.97234,0.0020559,-0.20173,1,7.1162e-08,7.1162e-08,1.19e-07,1.52e-07
-0.96718,0.0020552,-0.22924,1,7.14e-08,7.14e-08,1.19e-07,1.52e-07
-0.96202,0.0020544,-0.25674,1,7.1638e-08,7.1638e-08,1.19e-07,1.52e-07
-0.95686,0.0020537,-0.28425,1,7.1876e-08,7.1876e-08,1.19e-07,1.52e-07
-0.9492,0.0020473,-0.30994,1,7.2114e-08,7.2114e-08,1.19e-07,1.52e-07
-0.93882,0.0020347,-0.33368,1,7.2352e-08,7.2352e-08,1.19e-07,1.52e-07
-0.92845,0.002022,-0.35741,1,7.259e-08,7.259e-08,1.19e-07,1.52e-07
-0.91807,0.0020094,-0.38114,1,7.2828e-08,7.2828e-08,1.19e-07,1.52e-07
-0.90769,0.0019968,-0.40488,1,7.3066e-08,7.3066e-08,1.19e-07,1.52e-07
-0.89731,0.0019841,-0.42861,1,7.3304e-08,7.3304e-08,1.19e-07,1.52e-07
-0.88693,0.0019715,-0.45234,1,7.3542e-08,7.3542e-08,1.19e-07,1.52e-07
-0.87655,0.0019589,-0.47608,1,7.378e-08,7.378e-08,1.19e-07,1.52e-07
-0.86596,0.0019456,-0.49942,1,7.4018e-08,7.4018e-08,1.19e-07,1.52e-07
-0.85274,0.0019251,-0.51804,1,7.4256e-08,7.4256e-08,1.19e-07,1.52e-07
-0.83953,0.0019046,-0.53665,1,7.4494e-08,7.4494e-08,1.19e-07,1.52e-07
-0.82631,0.0018841,-0.55527,1,7.4732e-08,7.4732e-08,1.19e-07,1.52e-07
-0.8131,0.0018635,-0.57389,1,7.497e-08,7.497e-08,1.19e-07,1.52e-07
-0.79988,0.001843,-0.5925,1,7.5208e-08,7.5208e-08,1.19e-07,1.52e-07
-0.78667,0.0018225,-0.61112,1,7.5446e-08,7.5446e-08,1.19e-07,1.52e-07
-0.77345,0.001802,-0.62973,1,7.5684e-08,7.5684e-08,1.19e-07,1.52e-07
-0.76024,0.0017814,-0.64835,1,7.5922e-08,7.5922e-08,1.19e-07,1.52e-07
-0.7466,0.0017585,-0.66358,1,7.616e-08,7.616e-08,1.19e-07,1.52e-07
-0.73275,0.0017345,-0.67716,1,7.6398e-08,7.6398e-08,1.19e-07,1.52e-07
-0.71891,0.0017104,-0.69074,1,7.6636e-08,7.6636e-08,1.19e-07,1.52e-07
-0.70506,0.0016863,-0.70433,1,7.6874e-08,7.6874e-08,1.19e-07,1.52e-07
-0.69122,0.0016623,-0.71791,1,7.7112e-08,7.7112e-08,1.19e-07,1.52e-07
-0.67737,0.0016382,-0.73149,1,7.735e-08,7.735e-08,1.19e-07,1.52e-07
-0.66353,0.0016142,-0.74507,1,7.7588e-08,7.7588e-08,1.19e-07,1.52e-07
-0.64969,0.0015901,-0.75865,1,7.7826e-08,7.7826e-08,1.19e-07,1.52e-07
-0.63606,0.001566,-0.77112,1,7.8064e-08,7.8064e-08,1.19e-07,1.52e-07
-0.62305,0.0015417,-0.78054,1,7.8302e-08,7.8302e-08,1.19e-07,1.52e-07
-0.61004,0.0015173,-0.78996,1,7.854e-08,7.854e-08,1.19e-07,1.52e-07
-0.59703,0.001493,-0.79938,1,7.8778e-08,7.8778e-08,1.19e-07,1.52e-07
-0.58401,0.0014687,-0.8088,1,7.9016e-08,7.9016e-08,1.19e-07,1.52e-07
-0.571,0.0014444,-0.81823,1,7.9254e-08,7.9254e-08,1.19e-07,1.52e-07
-0.55799,0.0014201,-0.82765,1,7.9492e-08,7.9492e-08,1.19e-07,1.52e-07
-0.54498,0.0013958,-0.83707,1,7.973e-08,7.973e-08,1.19e-07,1.52e-07
-0.53196,0.0013715,-0.84649,1,7.9968e-08,7.9968e-08,1.19e-07,1.52e-07
-0.52029,0.0013486,-0.85323,1,8.0206e-08,8.0206e-08,1.19e-07,1.52e-07
-0.50883,0.001326,-0.85955,1,8.0444e-08,8.0444e-08,1.19e-07,1.52e-07
-0.49737,0.0013034,-0.86588,1,8.0682e-08,8.0682e-08,1.19e-07,1.52e-07
-0.48591,0.0012808,-0.8722,1,8.092e-08,8.092e-08,1.19e-07,1.52e-07
-0.47444,0.0012581,-0.87852,1,8.1158e-08,8.1158e-08,1.19e-07,1.52e-07
-0.46298,0.0012355,-0.88485,1,8.1396e-08,8.1396e-08,1.19e-07,1.52e-07
-0.45152,0.0012129,-0.89117,1,8.1634e-08,8.1634e-08,1.19e-07,1.52e-07
-0.44006,0.0011902,-0.89749,1,8.1872e-08,8.1872e-08,1.19e-07,1.52e-07
-0.4294,0.0011688,-0.90281,1,8.211e-08,8.211e-08,1.19e-07,1.52e-07
-0.4197,0.0011487,-0.90697,1,8.2348e-08,8.2348e-08,1.19e-07,1.52e-07
-0.40999,0.0011286,-0.91113,1,8.2586e-08,8.2586e-08,1.19e-07,1.52e-07
-0.40028,0.0011085,-0.91528,1,8.2824e-08,8.2824e-08,1.19e-07,1.52e-07
-0.39058,0.0010885,-0.91944,1,8.3062e-08,8.3062e-08,1.19e-07,1.52e-07
-0.38087,0.0010684,-0.9236,1,8.33e-08,8.33e-08,1.19e-07,1.52e-07
-0.37116,0.0010483,-0.92776,1,8.3538e-08,8.3538e-08,1.19e-07,1.52e-07
-0.36146,0.0010282,-0.93191,1,8.3776e-08,8.3776e-08,1.19e-07,1.52e-07
-0.35185,0.0010083,-0.93599,1,8.4014e-08,8.4014e-08,1.19e-07,1.52e-07
-0.34382,0.00099099,-0.93869,1,8.4252e-08,8.4252e-08,1.19e-07,1.52e-07
-0.3358,0.00097367,-0.94139,1,8.449e-08,8.449e-08,1.19e-07,1.52e-07
-0.32777,0.00095634,-0.94409,1,8.4728e-08,8.4728e-08,1.19e-07,1.52e-07
-0.31975,0.00093902,-0.94679,1,8.4966e-08,8.4966e-08,1.19e-07,1.52e-07
-0.31172,0.0009217,-0.94949,1,8.5204e-08,8.5204e-08,1.19e-07,1.52e-07
-0.3037,0.00090438,-0.95219,1,8.5442e-08,8.5442e-08,1.19e-07,1.52e-07
-0.29567,0.00088706,-0.95489,1,8.568e-08,8.568e-08,1.19e-07,1.52e-07
-0.28765,0.00086974,-0.95759,1,8.5918e-08,8.5918e-08,1.19e-07,1.52e-07
-0.28059,0.00085414,-0.95967,1,8.6156e-08,8.6156e-08,1.19e-07,1.52e-07
-0.27405,0.00083945,-0.96141,1,8.6394e-08,8.6394e-08,1.19e-07,1.52e-07
-0.26751,0.00082476,-0.96316,1,8.6632e-08,8.6632e-08,1.19e-07,1.52e-07
-0.26097,0.00081007,-0.9649,1,8.687e-08,8.687e-08,1.19e-07,1.52e-07
-0.25443,0.00079538,-0.96665,1,8.7108e-08,8.7108e-08,1.19e-07,1.52e-07
-0.24788,0.00078069,-0.96839,1,8.7346e-08,8.7346e-08,1.19e-07,1.52e-07
-0.24134,0.000766,-0.97014,1,8.7584e-08,8.7584e-08,1.19e-07,1.52e-07
-0.2348,0.00075131,-0.97188,1,8.7822e-08,8.7822e-08,1.19e-07,1.52e-07
-0.22858,0.00073721,-0.97347,1,8.806e-08,8.806e-08,1.19e-07,1.52e-07
-0.22329,0.00072488,-0.97459,1,8.8298e-08,8.8298e-08,1.19e-07,1.52e-07
-0.218,0.00071254,-0.97572,1,8.8536e-08,8.8536e-08,1.19e-07,1.52e-07
-0.21271,0.0007002,-0.97684,1,8.8774e-08,8.8774e-08,1.19e-07,1.52e-07
-0.20742,0.00068786,-0.97797,1,8.9012e-08,8.9012e-08,1.19e-07,1.52e-07
-0.20213,0.00067552,-0.97909,1,8.925e-08,8.925e-08,1.19e-07,1.52e-07
-0.19684,0.00066319,-0.98021,1,8.9488e-08,8.9488e-08,1.19e-07,1.52e-07
-0.19155,0.00065085,-0.98134,1,8.9726e-08,8.9726e-08,1.19e-07,1.52e-07
-0.18626,0.00063851,-0.98246,1,8.9964e-08,8.9964e-08,1.19e-07,1.52e-07
-0.18185,0.0006279,-0.98325,1,9.0202e-08,9.0202e-08,1.19e-07,1.52e-07
-0.17759,0.00061759,-0.98397,1,9.044e-08,9.044e-08,1.19e-07,1.52e-07
-0.17333,0.00060729,-0.9847,1,9.0678e-08,9.0678e-08,1.19e-07,1.52e-07
-0.16907,0.00059698,-0.98542,1,9.0916e-08,9.0916e-08,1.19e-07,1.52e-07
-0.16481,0.00058668,-0.98614,1,9.1154e-08,9.1154e-08,1.19e-07,1.52e-07
-0.16055,0.00057637,-0.98687,1,9.1392e-08,9.1392e-08,1.19e-07,1.52e-07
-0.1563,0.00056607,-0.98759,1,9.163e-08,9.163e-08,1.19e-07,1.52e-07
-0.15204,0.00055577,-0.98832,1,9.1868e-08,9.1868e-08,1.19e-07,1.52e-07
-0.14815,0.00054623,-0.98893,1,9.2106e-08,9.2106e-08,1.19e-07,1.52e-07
-0.14473,0.00053765,-0.9894,1,9.2344e-08,9.2344e-08,1.19e-07,1.52e-07
-0.1413,0.00052907,-0.98987,1,9.2582e-08,9.2582e-08,1.19e-07,1.52e-07
-0.13788,0.00052048,-0.99033,1,9.282e-08,9.282e-08,1.19e-07,1.52e-07
-0.13445,0.0005119,-0.9908,1,9.3058e-08,9.3058e-08,1.19e-07,1.52e-07
-0.13103,0.00050332,-0.99127,1,9.3296e-08,9.3296e-08,1.19e-07,1.52e-07
-0.12761,0.00049474,-0.99174,1,9.3534e-08,9.3534e-08,1.19e-07,1.52e-07
-0.12418,0.00048616,-0.99221,1,9.3772e-08,9.3772e-08,1.19e-07,1.52e-07
-0.12079,0.00047764,-0.99267,1,9.401e-08,9.401e-08,1.19e-07,1.52e-07
-0.11803,0.0004705,-0.99297,1,9.4248e-08,9.4248e-08,1.19e-07,1.52e-07
-0.11528,0.00046337,-0.99327,1,9.4486e-08,9.4486e-08,1.19e-07,1.52e-07
-0.11252,0.00045623,-0.99358,1,9.4724e-08,9.4724e-08,1.19e-07,1.52e-07
-0.10977,0.0004491,-0.99388,1,9.4962e-08,9.4962e-08,1.19e-07,1.52e-07
-0.10702,0.00044196,-0.99418,1,9.52e-08,9.52e-08,1.19e-07,1.52e-07
-0.10426,0.00043483,-0.99449,1,9.5438e-08,9.5438e-08,1.19e-07,1.52e-07
-0.10151,0.00042769,-0.99479,1,9.5676e-08,9.5676e-08,1.19e-07,1.52e-07
-0.098754,0.00042056,-0.99509,1,9.5914e-08,9.5914e-08,1.19e-07,1.52e-07
-0.096342,0.00041419,-0.99533,1,9.6152e-08,9.6152e-08,1.19e-07,1.52e-07
-0.094122,0.00040827,-0.99552,1,9.639e-08,9.639e-08,1.19e-07,1.52e-07
-0.091902,0.00040234,-0.99572,1,9.6628e-08,9.6628e-08,1.19e-07,1.52e-07
-0.089682,0.00039641,-0.99592,1,9.6866e-08,9.6866e-08,1.19e-07,1.52e-07
-0.087463,0.00039049,-0.99612,1,9.7104e-08,9.7104e-08,1.19e-07,1.52e-07
-0.085243,0.00038456,-0.99631,1,9.7342e-08,9.7342e-08,1.19e-07,1.52e-07
-0.083023,0.00037863,-0.99651,1,9.758e-08,9.758e-08,1.19e-07,1.52e-07
-0.080803,0.0003727,-0.99671,1,9.7818e-08,9.7818e-08,1.19e-07,1.52e-07
-0.078684,0.00036701,-0.99689,1,9.8056e-08,9.8056e-08,1.19e-07,1.52e-07
-0.076888,0.00036209,-0.99702,1,9.8294e-08,9.8294e-08,1.19e-07,1.52e-07
-0.075093,0.00035717,-0.99715,1,9.8532e-08,9.8532e-08,1.19e-07,1.52e-07
-0.073298,0.00035225,-0.99728,1,9.877e-08,9.877e-08,1.19e-07,1.52e-07
-0.071503,0.00034733,-0.99741,1,9.9008e-08,9.9008e-08,1.19e-07,1.52e-07
-0.069708,0.00034241,-0.99753,1,9.9246e-08,9.9246e-08,1.19e-07,1.52e-07
-0.067912,0.0003375,-0.99766,1,9.9484e-08,9.9484e-08,1.19e-07,1.52e-07
-0.066117,0.00033258,-0.99779,1,9.9722e-08,9.9722e-08,1.19e-07,1.52e-07
-0.064322,0.00032766,-0.99792,1,9.996e-08,9.996e-08,1.19e-07,1.52e-07
-0.062807,0.00032344,-0.99801,1,1.002e-07,1.002e-07,1.19e-07,1.52e-07
-0.061348,0.00031936,-0.9981,1,1.0044e-07,1.0044e-07,1.19e-07,1.52e-07
-0.059889,0.00031528,-0.99818,1,1.0067e-07,1.0067e-07,1.19e-07,1.52e-07
-0.05843,0.0003112,-0.99827,1,1.0091e-07,1.0091e-07,1.19e-07,1.52e-07
-0.056971,0.00030712,-0.99835,1,1.0115e-07,1.0115e-07,1.19e-07,1.52e-07
-0.055512,0.00030305,-0.99844,1,1.0139e-07,1.0139e-07,1.19e-07,1.52e-07
-0.054053,0.00029897,-0.99852,1,1.0163e-07,1.0163e-07,1.19e-07,1.52e-07
-0.052594,0.00029489,-0.99861,1,1.0186e-07,1.0186e-07,1.19e-07,1.52e-07
-0.051249,0.00029111,-0.99868,1,1.021e-07,1.021e-07,1.19e-07,1.52e-07
-0.050055,0.00028774,-0.99874,1,1.0234e-07,1.0234e-07,1.19e-07,1.52e-07
-0.048862,0.00028437,-0.99879,1,1.0258e-07,1.0258e-07,1.19e-07,1.52e-07
-0.047668,0.000281,-0.99885,1,1.0282e-07,1.0282e-07,1.19e-07,1.52e-07
-0.046475,0.00027763,-0.9989,1,1.0305e-07,1.0305e-07,1.19e-07,1.52e-07
-0.045281,0.00027425,-0.99896,1,1.0329e-07,1.0329e-07,1.19e-07,1.52e-07
-0.044088,0.00027088,-0.99902,1,1.0353e-07,1.0353e-07,1.19e-07,1.52e-07
-0.042894,0.00026751,-0.99907,1,1.0377e-07,1.0377e-07,1.19e-07,1.52e-07
-0.041706,0.00026415,-0.99913,1,1.0401e-07,1.0401e-07,1.19e-07,1.52e-07
-0.040721,0.00026137,-0.99916,1,1.0424e-07,1.0424e-07,1.19e-07,1.52e-07
-0.039737,0.0002586,-0.9992,1,1.0448e-07,1.0448e-07,1.19e-07,1.52e-07
-0.038752,0.00025582,-0.99924,1,1.0472e-07,1.0472e-07,1.19e-07,1.52e-07
-0.037767,0.00025304,-0.99927,1,1.0496e-07,1.0496e-07,1.19e-07,1.52e-07
-0.036783,0.00025027,-0.99931,1,1.052e-07,1.052e-07,1.19e-07,1.52e-07
-0.035798,0.00024749,-0.99935,1,1.0543e-07,1.0543e-07,1.19e-07,1.52e-07
-0.034813,0.00024471,-0.99939,1,1.0567e-07,1.0567e-07,1.19e-07,1.52e-07
-0.033828,0.00024194,-0.99942,1,1.0591e-07,1.0591e-07,1.19e-07,1.52e-07
-0.032945,0.00023947,-0.99945,1,1.0615e-07,1.0615e-07,1.19e-07,1.52e-07
-0.032124,0.0002372,-0.99948,1,1.0639e-07,1.0639e-07,1.19e-07,1.52e-07
-0.031302,0.00023493,-0.9995,1,1.0662e-07,1.0662e-07,1.19e-07,1.52e-07
-0.030481,0.00023266,-0.99953,1,1.0686e-07,1.0686e-07,1.19e-07,1.52e-07
-0.029659,0.00023039,-0.99955,1,1.071e-07,1.071e-07,1.19e-07,1.52e-07
-0.028838,0.00022812,-0.99958,1,1.0734e-07,1.0734e-07,1.19e-07,1.52e-07
-0.028016,0.00022585,-0.9996,1,1.0758e-07,1.0758e-07,1.19e-07,1.52e-07
-0.027194,0.00022358,-0.99963,1,1.0781e-07,1.0781e-07,1.19e-07,1.52e-07
-0.026401,0.00022141,-0.99965,1,1.0805e-07,1.0805e-07,1.19e-07,1.52e-07
-0.025705,0.00021957,-0.99967,1,1.0829e-07,1.0829e-07,1.19e-07,1.52e-07
-0.02501,0.00021774,-0.99968,1,1.0853e-07,1.0853e-07,1.19e-07,1.52e-07
-0.024315,0.00021591,-0.9997,1,1.0877e-07,1.0877e-07,1.19e-07,1.52e-07
-0.02362,0.00021407,-0.99971,1,1.09e-07,1.09e-07,1.19e-07,1.52e-07
-0.022925,0.00021224,-0.99973,1,1.0924e-07,1.0924e-07,1.19e-07,1.52e-07
-0.02223,0.00021041,-0.99975,1,1.0948e-07,1.0948e-07,1.19e-07,1.52e-07
-0.021535,0.00020857,-0.99976,1,1.0972e-07,1.0972e-07,1.19e-07,1.52e-07
-0.02084,0.00020674,-0.99978,1,1.0996e-07,1.0996e-07,1.19e-07,1.52e-07
-0.020223,0.00020521,-0.99979,1,1.1019e-07,1.1019e-07,1.19e-07,1.52e-07
-0.019624,0.00020376,-0.9998,1,1.1043e-07,1.1043e-07,1.19e-07,1.52e-07
-0.019026,0.00020231,-0.99981,1,1.1067e-07,1.1067e-07,1.19e-07,1.52e-07
-0.018427,0.00020085,-0.99983,1,1.1091e-07,1.1091e-07,1.19e-07,1.52e-07
-0.017828,0.0001994,-0.99984,1,1.1115e-07,1.1115e-07,1.19e-07,1.52e-07
-0.017229,0.00019795,-0.99985,1,1.1138e-07,1.1138e-07,1.19e-07,1.52e-07
-0.016631,0.00019649,-0.99986,1,1.1162e-07,1.1162e-07,1.19e-07,1.52e-07
-0.016032,0.00019504,-0.99987,1,1.1186e-07,1.1186e-07,1.19e-07,1.52e-07
-0.015463,0.00019373,-0.99988,1,1.121e-07,1.121e-07,1.19e-07,1.52e-07
-0.014935,0.00019261,-0.99989,1,1.1234e-07,1.1234e-07,1.19e-07,1.52e-07
-0.014408,0.00019149,-0.99989,1,1.1257e-07,1.1257e-07,1.19e-07,1.52e-07
-0.013881,0.00019038,-0.9999,1,1.1281e-07,1.1281e-07,1.19e-07,1.52e-07
-0.013354,0.00018926,-0.99991,1,1.1305e-07,1.1305e-07,1.19e-07,1.52e-07
-0.012827,0.00018815,-0.99991,1,1.1329e-07,1.1329e-07,1.19e-07,1.52e-07
-0.0123,0.00018703,-0.99992,1,1.1353e-07,1.1353e-07,1.19e-07,1.52e-07
-0.011772,0.00018591,-0.99993,1,1.1376e-07,1.1376e-07,1.19e-07,1.52e-07
-0.011246,0.0001848,-0.99994,1,1.14e-07,1.14e-07,1.19e-07,1.52e-07
-0.010769,0.00018399,-0.99994,1,1.1424e-07,1.1424e-07,1.19e-07,1.52e-07
-0.010292,0.00018318,-0.99994,1,1.1448e-07,1.1448e-07,1.19e-07,1.52e-07
-0.0098158,0.00018237,-0.99995,1,1.1472e-07,1.1472e-07,1.19e-07,1.52e-07
-0.0093392,0.00018156,-0.99995,1,1.1495e-07,1.1495e-07,1.19e-07,1.52e-07
-0.0088626,0.00018075,-0.99996,1,1.1519e-07,1.1519e-07,1.19e-07,1.52e-07
-0.008386,0.00017994,-0.99996,1,1.1543e-07,1.1543e-07,1.19e-07,1.52e-07
-0.0079093,0.00017913,-0.99997,1,1.1567e-07,1.1567e-07,1.19e-07,1.52e-07
-0.0074327,0.00017832,-0.99997,1,1.1591e-07,1.1591e-07,1.19e-07,1.52e-07
-0.0069756,0.00017768,-0.99997,1,1.1614e-07,1.1614e-07,1.19e-07,1.52e-07
-0.0065313,0.00017716,-0.99998,1,1.1638e-07,1.1638e-07,1.19e-07,1.52e-07
-0.0060869,0.00017663,-0.99998,1,1.1662e-07,1.1662e-07,1.19e-07,1.52e-07
-0.0056426,0.00017611,-0.99998,1,1.1686e-07,1.1686e-07,1.19e-07,1.52e-07
-0.0051982,0.00017558,-0.99998,1,1.171e-07,1.171e-07,1.19e-07,1.52e-07
-0.0047539,0.00017505,-0.99999,1,1.1733e-07,1.1733e-07,1.19e-07,1.52e-07
-0.0043095,0.00017453,-0.99999,1,1.1757e-07,1.1757e-07,1.19e-07,1.52e-07
-0.0038652,0.000174,-0.99999,1,1.1781e-07,1.1781e-07,1.19e-07,1.52e-07
-0.003424,0.00017353,-0.99999,1,1.1805e-07,1.1805e-07,1.19e-07,1.52e-07
-0.0029953,0.00017328,-0.99999,1,1.1829e-07,1.1829e-07,1.19e-07,1.52e-07
-0.0025666,0.00017302,-0.99999,1,1.1852e-07,1.1852e-07,1.19e-07,1.52e-07
-0.002138,0.00017277,-0.99999,1,1.1876e-07,1.1876e-07,1.19e-07,1.52e-07
-0.0017093,0.00017251,-1,1,1.19e-07,1.19e-07,1.19e-07,1.52e-07
-0.0012806,0.00017226,-1,1,1.1924e-07,1.1924e-07,1.19e-07,1.52e-07
-0.00085197,0.000172,-1,1,1.1948e-07,1.1948e-07,1.19e-07,1.52e-07
-0.00042329,0.00017175,-1,1,1.1971e-07,1.1971e-07,1.19e-07,1.52e-07
5.381e-06,0.00017149,-1,1,1.1995e-07,1.1995e-07,1.19e-07,1.52e-07
0.00043408,0.00017145,-1,1,1.2019e-07,1.2019e-07,1.19e-07,1.52e-07
0.00086283,0.00017146,-1,1,1.2043e-07,1.2043e-07,1.19e-07,1.52e-07
0.0012916,0.00017147,-1,1,1.2067e-07,1.2067e-07,1.19e-07,1.52e-07
0.0017203,0.00017149,-1,1,1.209e-07,1.209e-07,1.19e-07,1.52e-07
0.002149,0.0001715,-0.99999,1,1.2114e-07,1.2114e-07,1.19e-07,1.52e-07
0.0025778,0.00017151,-0.99999,1,1.2138e-07,1.2138e-07,1.19e-07,1.52e-07
0.0030065,0.00017152,-0.99999,1,1.2162e-07,1.2162e-07,1.19e-07,1.52e-07
0.0034353,0.00017153,-0.99999,1,1.2186e-07,1.2186e-07,1.19e-07,1.52e-07
0.0038702,0.00017165,-0.99999,1,1.2209e-07,1.2209e-07,1.19e-07,1.52e-07
0.0043148,0.00017193,-0.99999,1,1.2233e-07,1.2233e-07,1.19e-07,1.52e-07
0.0047594,0.00017221,-0.99999,1,1.2257e-07,1.2257e-07,1.19e-07,1.52e-07
0.005204,0.00017249,-0.99998,1,1.2281e-07,1.2281e-07,1.19e-07,1.52e-07
0.0056486,0.00017277,-0.99998,1,1.2305e-07,1.2305e-07,1.19e-07,1.52e-07
0.0060932,0.00017305,-0.99998,1,1.2328e-07,1.2328e-07,1.19e-07,1.52e-07
0.0065377,0.00017334,-0.99998,1,1.2352e-07,1.2352e-07,1.19e-07,1.52e-07
0.0069823,0.00017362,-0.99997,1,1.2376e-07,1.2376e-07,1.19e-07,1.52e-07
0.0074269,0.0001739,-0.99997,1,1.24e-07,1.24e-07,1.19e-07,1.52e-07
0.0079037,0.00017446,-0.99997,1,1.2424e-07,1.2424e-07,1.19e-07,1.52e-07
0.0083808,0.00017502,-0.99996,1,1.2447e-07,1.2447e-07,1.19e-07,1.52e-07
0.0088578,0.00017558,-0.99996,1,1.2471e-07,1.2471e-07,1.19e-07,1.52e-07
0.0093349,0.00017614,-0.99995,1,1.2495e-07,1.2495e-07,1.19e-07,1.52e-07
0.0098119,0.0001767,-0.99995,1,1.2519e-07,1.2519e-07,1.19e-07,1.52e-07
0.010289,0.00017726,-0.99994,1,1.2543e-07,1.2543e-07,1.19e-07,1.52e-07
0.010766,0.00017783,-0.99994,1,1.2566e-07,1.2566e-07,1.19e-07,1.52e-07
0.011243,0.00017839,-0.99993,1,1.259e-07,1.259e-07,1.19e-07,1.52e-07
0.01175,0.00017913,-0.99993,1,1.2614e-07,1.2614e-07,1.19e-07,1.52e-07
0.012278,0.00017999,-0.99992,1,1.2638e-07,1.2638e-07,1.19e-07,1.52e-07
0.012806,0.00018085,-0.99991,1,1.2662e-07,1.2662e-07,1.19e-07,1.52e-07
0.013334,0.00018171,-0.99991,1,1.2685e-07,1.2685e-07,1.19e-07,1.52e-07
0.013862,0.00018258,-0.9999,1,1.2709e-07,1.2709e-07,1.19e-07,1.52e-07
0.01439,0.00018344,-0.99989,1,1.2733e-07,1.2733e-07,1.19e-07,1.52e-07
0.014918,0.0001843,-0.99989,1,1.2757e-07,1.2757e-07,1.19e-07,1.52e-07
0.015446,0.00018516,-0.99988,1,1.2781e-07,1.2781e-07,1.19e-07,1.52e-07
0.015987,0.00018609,-0.99987,1,1.2804e-07,1.2804e-07,1.19e-07,1.52e-07
0.016587,0.00018728,-0.99986,1,1.2828e-07,1.2828e-07,1.19e-07,1.52e-07
0.017187,0.00018847,-0.99985,1,1.2852e-07,1.2852e-07,1.19e-07,1.52e-07
0.017787,0.00018967,-0.99984,1,1.2876e-07,1.2876e-07,1.19e-07,1.52e-07
0.018387,0.00019086,-0.99983,1,1.29e-07,1.29e-07,1.19e-07,1.52e-07
0.018987,0.00019205,-0.99981,1,1.2923e-07,1.2923e-07,1.19e-07,1.52e-07
0.019587,0.00019324,-0.9998,1,1.2947e-07,1.2947e-07,1.19e-07,1.52e-07
0.020187,0.00019444,-0.99979,1,1.2971e-07,1.2971e-07,1.19e-07,1.52e-07
0.020787,0.00019563,-0.99978,1,1.2995e-07,1.2995e-07,1.19e-07,1.52e-07
0.021463,0.00019711,-0.99977,1,1.3019e-07,1.3019e-07,1.19e-07,1.52e-07
0.02216,0.00019868,-0.99975,1,1.3042e-07,1.3042e-07,1.19e-07,1.52e-07
0.022857,0.00020024,-0.99973,1,1.3066e-07,1.3066e-07,1.19e-07,1.52e-07
0.023554,0.0002018,-0.99972,1,1.309e-07,1.309e-07,1.19e-07,1.52e-07
0.024251,0.00020337,-0.9997,1,1.3114e-07,1.3114e-07,1.19e-07,1.52e-07
0.024948,0.00020493,-0.99968,1,1.3138e-07,1.3138e-07,1.19e-07,1.52e-07
0.025645,0.00020649,-0.99967,1,1.3161e-07,1.3161e-07,1.19e-07,1.52e-07
0.026342,0.00020805,-0.99965,1,1.3185e-07,1.3185e-07,1.19e-07,1.52e-07
0.027087,0.00020978,-0.99963,1,1.3209e-07,1.3209e-07,1.19e-07,1.52e-07
0.027911,0.00021176,-0.9996,1,1.3233e-07,1.3233e-07,1.19e-07,1.52e-07
0.028736,0.00021375,-0.99958,1,1.3257e-07,1.3257e-07,1.19e-07,1.52e-07
0.02956,0.00021574,-0.99955,1,1.328e-07,1.328e-07,1.19e-07,1.52e-07
0.030384,0.00021772,-0.99953,1,1.3304e-07,1.3304e-07,1.19e-07,1.52e-07
0.031209,0.00021971,-0.9995,1,1.3328e-07,1.3328e-07,1.19e-07,1.52e-07
0.032033,0.0002217,-0.99948,1,1.3352e-07,1.3352e-07,1.19e-07,1.52e-07
0.032858,0.00022368,-0.99945,1,1.3376e-07,1.3376e-07,1.19e-07,1.52e-07
0.033682,0.00022567,-0.99943,1,1.3399e-07,1.3399e-07,1.19e-07,1.52e-07
0.034667,0.00022813,-0.99939,1,1.3423e-07,1.3423e-07,1.19e-07,1.52e-07
0.035655,0.00023061,-0.99935,1,1.3447e-07,1.3447e-07,1.19e-07,1.52e-07
0.036644,0.00023308,-0.99932,1,1.3471e-07,1.3471e-07,1.19e-07,1.52e-07
0.037633,0.00023556,-0.99928,1,1.3495e-07,1.3495e-07,1.19e-07,1.52e-07
0.038622,0.00023803,-0.99924,1,1.3518e-07,1.3518e-07,1.19e-07,1.52e-07
0.039611,0.00024051,-0.9992,1,1.3542e-07,1.3542e-07,1.19e-07,1.52e-07
0.040599,0.00024299,-0.99917,1,1.3566e-07,1.3566e-07,1.19e-07,1.52e-07
0.041588,0.00024546,-0.99913,1,1.359e-07,1.359e-07,1.19e-07,1.52e-07
0.042697,0.00024826,-0.99908,1,1.3614e-07,1.3614e-07,1.19e-07,1.52e-07
0.043897,0.00025131,-0.99902,1,1.3637e-07,1.3637e-07,1.19e-07,1.52e-07
0.045096,0.00025436,-0.99897,1,1.3661e-07,1.3661e-07,1.19e-07,1.52e-07
0.046295,0.00025741,-0.99891,1,1.3685e-07,1.3685e-07,1.19e-07,1.52e-07
0.047494,0.00026046,-0.99886,1,1.3709e-07,1.3709e-07,1.19e-07,1.52e-07
0.048693,0.00026351,-0.9988,1,1.3733e-07,1.3733e-07,1.19e-07,1.52e-07
0.049893,0.00026656,-0.99874,1,1.3756e-07,1.3756e-07,1.19e-07,1.52e-07
0.051092,0.00026961,-0.99869,1,1.378e-07,1.378e-07,1.19e-07,1.52e-07
0.052336,0.00027277,-0.99862,1,1.3804e-07,1.3804e-07,1.19e-07,1.52e-07
0.053803,0.00027649,-0.99854,1,1.3828e-07,1.3828e-07,1.19e-07,1.52e-07
0.05527,0.00028022,-0.99845,1,1.3852e-07,1.3852e-07,1.19e-07,1.52e-07
0.056736,0.00028394,-0.99837,1,1.3875e-07,1.3875e-07,1.19e-07,1.52e-07
0.058203,0.00028767,-0.99828,1,1.3899e-07,1.3899e-07,1.19e-07,1.52e-07
0.05967,0.0002914,-0.9982,1,1.3923e-07,1.3923e-07,1.19e-07,1.52e-07
0.061137,0.00029512,-0.99811,1,1.3947e-07,1.3947e-07,1.19e-07,1.52e-07
0.062604,0.00029885,-0.99802,1,1.3971e-07,1.3971e-07,1.19e-07,1.52e-07
0.06407,0.00030257,-0.99794,1,1.3994e-07,1.3994e-07,1.19e-07,1.52e-07
0.065796,0.00030691,-0.99782,1,1.4018e-07,1.4018e-07,1.19e-07,1.52e-07
0.067602,0.00031144,-0.99769,1,1.4042e-07,1.4042e-07,1.19e-07,1.52e-07
0.069408,0.00031597,-0.99756,1,1.4066e-07,1.4066e-07,1.19e-07,1.52e-07
0.071214,0.0003205,-0.99743,1,1.409e-07,1.409e-07,1.19e-07,1.52e-07
0.07302,0.00032503,-0.9973,1,1.4113e-07,1.4113e-07,1.19e-07,1.52e-07
0.074825,0.00032956,-0.99717,1,1.4137e-07,1.4137e-07,1.19e-07,1.52e-07
0.076631,0.00033409,-0.99703,1,1.4161e-07,1.4161e-07,1.19e-07,1.52e-07
0.078437,0.00033862,-0.9969,1,1.4185e-07,1.4185e-07,1.19e-07,1.52e-07
0.080397,0.00034349,-0.99675,1,1.4209e-07,1.4209e-07,1.19e-07,1.52e-07
0.082631,0.00034898,-0.99655,1,1.4232e-07,1.4232e-07,1.19e-07,1.52e-07
0.084865,0.00035447,-0.99635,1,1.4256e-07,1.4256e-07,1.19e-07,1.52e-07
0.087099,0.00035996,-0.99615,1,1.428e-07,1.428e-07,1.19e-07,1.52e-07
0.089333,0.00036545,-0.99595,1,1.4304e-07,1.4304e-07,1.19e-07,1.52e-07
0.091566,0.00037094,-0.99575,1,1.4328e-07,1.4328e-07,1.19e-07,1.52e-07
0.0938,0.00037643,-0.99555,1,1.4351e-07,1.4351e-07,1.19e-07,1.52e-07
0.096034,0.00038192,-0.99535,1,1.4375e-07,1.4375e-07,1.19e-07,1.52e-07
0.098268,0.00038741,-0.99515,1,1.4399e-07,1.4399e-07,1.19e-07,1.52e-07
0.10102,0.000394,-0.99485,1,1.4423e-07,1.4423e-07,1.19e-07,1.52e-07
0.10379,0.00040064,-0.99454,1,1.4447e-07,1.4447e-07,1.19e-07,1.52e-07
0.10656,0.00040727,-0.99423,1,1.447e-07,1.447e-07,1.19e-07,1.52e-07
0.10933,0.00041391,-0.99393,1,1.4494e-07,1.4494e-07,1.19e-07,1.52e-07
0.11211,0.00042055,-0.99362,1,1.4518e-07,1.4518e-07,1.19e-07,1.52e-07
0.11488,0.00042718,-0.99331,1,1.4542e-07,1.4542e-07,1.19e-07,1.52e-07
0.11765,0.00043382,-0.993,1,1.4566e-07,1.4566e-07,1.19e-07,1.52e-07
0.12042,0.00044046,-0.9927,1,1.4589e-07,1.4589e-07,1.19e-07,1.52e-07
0.12357,0.00044786,-0.9923,1,1.4613e-07,1.4613e-07,1.19e-07,1.52e-07
0.12702,0.00045586,-0.99182,1,1.4637e-07,1.4637e-07,1.19e-07,1.52e-07
0.13047,0.00046387,-0.99135,1,1.4661e-07,1.4661e-07,1.19e-07,1.52e-07
0.13391,0.00047188,-0.99087,1,1.4685e-07,1.4685e-07,1.19e-07,1.52e-07
0.13736,0.00047988,-0.9904,1,1.4708e-07,1.4708e-07,1.19e-07,1.52e-07
0.14081,0.00048789,-0.98993,1,1.4732e-07,1.4732e-07,1.19e-07,1.52e-07
0.14426,0.0004959,-0.98945,1,1.4756e-07,1.4756e-07,1.19e-07,1.52e-07
0.14771,0.00050391,-0.98898,1,1.478e-07,1.478e-07,1.19e-07,1.52e-07
0.15128,0.00051216,-0.98846,1,1.4804e-07,1.4804e-07,1.19e-07,1.52e-07
0.15557,0.0005218,-0.98773,1,1.4827e-07,1.4827e-07,1.19e-07,1.52e-07
0.15986,0.00053143,-0.987,1,1.4851e-07,1.4851e-07,1.19e-07,1.52e-07
0.16415,0.00054107,-0.98626,1,1.4875e-07,1.4875e-07,1.19e-07,1.52e-07
0.16844,0.00055071,-0.98553,1,1.4899e-07,1.4899e-07,1.19e-07,1.52e-07
0.17272,0.00056034,-0.98479,1,1.4923e-07,1.4923e-07,1.19e-07,1.52e-07
0.17701,0.00056998,-0.98406,1,1.4946e-07,1.4946e-07,1.19e-07,1.52e-07
0.1813,0.00057962,-0.98332,1,1.497e-07,1.497e-07,1.19e-07,1.52e-07
0.18559,0.00058925,-0.98259,1,1.4994e-07,1.4994e-07,1.19e-07,1.52e-07
0.19066,0.00060032,-0.98155,1,1.5018e-07,1.5018e-07,1.19e-07,1.52e-07
0.19598,0.00061188,-0.98041,1,1.5042e-07,1.5042e-07,1.19e-07,1.52e-07
0.20131,0.00062343,-0.97927,1,1.5065e-07,1.5065e-07,1.19e-07,1.52e-07
0.20664,0.00063498,-0.97813,1,1.5089e-07,1.5089e-07,1.19e-07,1.52e-07
0.21196,0.00064654,-0.97699,1,1.5113e-07,1.5113e-07,1.19e-07,1.52e-07
0.21729,0.00065809,-0.97585,1,1.5137e-07,1.5137e-07,1.19e-07,1.52e-07
0.22262,0.00066965,-0.97471,1,1.5161e-07,1.5161e-07,1.19e-07,1.52e-07
0.22794,0.0006812,-0.97357,1,1.5184e-07,1.5184e-07,1.19e-07,1.52e-07
0.2337,0.00069351,-0.97221,1,1.5208e-07,1.5208e-07,1.19e-07,1.52e-07
0.24029,0.00070728,-0.97044,1,1.5232e-07,1.5232e-07,1.19e-07,1.52e-07
0.24688,0.00072105,-0.96868,1,1.5256e-07,1.5256e-07,1.19e-07,1.52e-07
0.25347,0.00073481,-0.96691,1,1.528e-07,1.528e-07,1.19e-07,1.52e-07
0.26005,0.00074858,-0.96514,1,1.5303e-07,1.5303e-07,1.19e-07,1.52e-07
0.26664,0.00076234,-0.96337,1,1.5327e-07,1.5327e-07,1.19e-07,1.52e-07
0.27323,0.00077611,-0.9616,1,1.5351e-07,1.5351e-07,1.19e-07,1.52e-07
0.27982,0.00078988,-0.95983,1,1.5375e-07,1.5375e-07,1.19e-07,1.52e-07
0.2864,0.00080364,-0.95806,1,1.5399e-07,1.5399e-07,1.19e-07,1.52e-07
0.2944,0.00081973,-0.95538,1,1.5422e-07,1.5422e-07,1.19e-07,1.52e-07
0.30247,0.00083596,-0.95264,1,1.5446e-07,1.5446e-07,1.19e-07,1.52e-07
0.31055,0.00085219,-0.9499,1,1.547e-07,1.547e-07,1.19e-07,1.52e-07
0.31863,0.00086842,-0.94716,1,1.5494e-07,1.5494e-07,1.19e-07,1.52e-07
0.32671,0.00088466,-0.94442,1,1.5518e-07,1.5518e-07,1.19e-07,1.52e-07
0.33479,0.00090089,-0.94168,1,1.5541e-07,1.5541e-07,1.19e-07,1.52e-07
0.34287,0.00091712,-0.93894,1,1.5565e-07,1.5565e-07,1.19e-07,1.52e-07
0.35095,0.00093335,-0.9362,1,1.5589e-07,1.5589e-07,1.19e-07,1.52e-07
0.35994,0.00095097,-0.93267,1,1.5613e-07,1.5613e-07,1.19e-07,1.52e-07
0.3697,0.00096978,-0.92845,1,1.5637e-07,1.5637e-07,1.19e-07,1.52e-07
0.37947,0.00098858,-0.92423,1,1.566e-07,1.566e-07,1.19e-07,1.52e-07
0.38924,0.0010074,-0.92002,1,1.5684e-07,1.5684e-07,1.19e-07,1.52e-07
0.399,0.0010262,-0.9158,1,1.5708e-07,1.5708e-07,1.19e-07,1.52e-07
0.40877,0.001045,-0.91159,1,1.5732e-07,1.5732e-07,1.19e-07,1.52e-07
0.41854,0.0010638,-0.90737,1,1.5756e-07,1.5756e-07,1.19e-07,1.52e-07
0.4283,0.0010826,-0.90315,1,1.5779e-07,1.5779e-07,1.19e-07,1.52e-07
0.43831,0.0011017,-0.89864,1,1.5803e-07,1.5803e-07,1.19e-07,1.52e-07
0.44983,0.0011229,-0.89223,1,1.5827e-07,1.5827e-07,1.19e-07,1.52e-07
0.46135,0.0011441,-0.88582,1,1.5851e-07,1.5851e-07,1.19e-07,1.52e-07
0.47287,0.0011652,-0.87941,1,1.5875e-07,1.5875e-07,1.19e-07,1.52e-07
0.48439,0.0011864,-0.87301,1,1.5898e-07,1.5898e-07,1.19e-07,1.52e-07
0.49591,0.0012076,-0.8666,1,1.5922e-07,1.5922e-07,1.19e-07,1.52e-07
0.50744,0.0012287,-0.86019,1,1.5946e-07,1.5946e-07,1.19e-07,1.52e-07
0.51896,0.0012499,-0.85378,1,1.597e-07,1.597e-07,1.19e-07,1.52e-07
0.53048,0.001271,-0.84737,1,1.5994e-07,1.5994e-07,1.19e-07,1.52e-07
0.54312,0.0012933,-0.83867,1,1.6017e-07,1.6017e-07,1.19e-07,1.52e-07
0.55618,0.001316,-0.82912,1,1.6041e-07,1.6041e-07,1.19e-07,1.52e-07
0.56924,0.0013387,-0.81958,1,1.6065e-07,1.6065e-07,1.19e-07,1.52e-07
0.5823,0.0013614,-0.81004,1,1.6089e-07,1.6089e-07,1.19e-07,1.52e-07
0.59536,0.001384,-0.80049,1,1.6113e-07,1.6113e-07,1.19e-07,1.52e-07
0.60841,0.0014067,-0.79095,1,1.6136e-07,1.6136e-07,1.19e-07,1.52e-07
0.62147,0.0014294,-0.78141,1,1.616e-07,1.616e-07,1.19e-07,1.52e-07
0.63453,0.0014521,-0.77187,1,1.6184e-07,1.6184e-07,1.19e-07,1.52e-07
0.64785,0.0014747,-0.76095,1,1.6208e-07,1.6208e-07,1.19e-07,1.52e-07
0.66171,0.001497,-0.74721,1,1.6232e-07,1.6232e-07,1.19e-07,1.52e-07
0.67556,0.0015194,-0.73347,1,1.6255e-07,1.6255e-07,1.19e-07,1.52e-07
0.68942,0.0015417,-0.71973,1,1.6279e-07,1.6279e-07,1.19e-07,1.52e-07
0.70327,0.0015641,-0.70599,1,1.6303e-07,1.6303e-07,1.19e-07,1.52e-07
0.71713,0.0015864,-0.69225,1,1.6327e-07,1.6327e-07,1.19e-07,1.52e-07
0.73098,0.0016088,-0.67851,1,1.6351e-07,1.6351e-07,1.19e-07,1.52e-07
0.74484,0.0016311,-0.66477,1,1.6374e-07,1.6374e-07,1.19e-07,1.52e-07
0.75869,0.0016535,-0.65103,1,1.6398e-07,1.6398e-07,1.19e-07,1.52e-07
0.77191,0.0016727,-0.63262,1,1.6422e-07,1.6422e-07,1.19e-07,1.52e-07
0.78507,0.0016916,-0.61383,1,1.6446e-07,1.6446e-07,1.19e-07,1.52e-07
0.79823,0.0017105,-0.59504,1,1.647e-07,1.647e-07,1.19e-07,1.52e-07
0.81139,0.0017294,-0.57624,1,1.6493e-07,1.6493e-07,1.19e-07,1.52e-07
0.82455,0.0017483,-0.55745,1,1.6517e-07,1.6517e-07,1.19e-07,1.52e-07
0.83772,0.0017672,-0.53866,1,1.6541e-07,1.6541e-07,1.19e-07,1.52e-07
0.85088,0.0017861,-0.51986,1,1.6565e-07,1.6565e-07,1.19e-07,1.52e-07
0.86404,0.0018051,-0.50107,1,1.6589e-07,1.6589e-07,1.19e-07,1.52e-07
0.87568,0.0018201,-0.47962,1,1.6612e-07,1.6612e-07,1.19e-07,1.52e-07
0.88593,0.0018315,-0.45573,1,1.6636e-07,1.6636e-07,1.19e-07,1.52e-07
0.89617,0.0018429,-0.43184,1,1.666e-07,1.666e-07,1.19e-07,1.52e-07
0.90641,0.0018542,-0.40794,1,1.6684e-07,1.6684e-07,1.19e-07,1.52e-07
0.91665,0.0018656,-0.38405,1,1.6708e-07,1.6708e-07,1.19e-07,1.52e-07
0.9269,0.001877,-0.36016,1,1.6731e-07,1.6731e-07,1.19e-07,1.52e-07
0.93714,0.0018884,-0.33627,1,1.6755e-07,1.6755e-07,1.19e-07,1.52e-07
0.94738,0.0018998,-0.31237,1,1.6779e-07,1.6779e-07,1.19e-07,1.52e-07
0.957,0.0019099,-0.28805,1,1.6803e-07,1.6803e-07,1.19e-07,1.52e-07
0.96196,0.0019101,-0.26046,1,1.6827e-07,1.6827e-07,1.19e-07,1.52e-07
0.96691,0.0019103,-0.23286,1,1.685e-07,1.685e-07,1.19e-07,1.52e-07
0.97186,0.0019105,-0.20527,1,1.6874e-07,1.6874e-07,1.19e-07,1.52e-07
0.97681,0.0019107,-0.17768,1,1.6898e-07,1.6898e-07,1.19e-07,1.52e-07
0.98176,0.0019109,-0.15009,1,1.6922e-07,1.6922e-07,1.19e-07,1.52e-07
0.98671,0.0019111,-0.1225,1,1.6946e-07,1.6946e-07,1.19e-07,1.52e-07
0.99166,0.0019113,-0.094912,1,1.6969e-07,1.6969e-07,1.19e-07,1.52e-07
0.99661,0.0019115,-0.067322,1,1.6993e-07,1.6993e-07,1.19e-07,1.52e-07
0.9968,0.0019028,-0.039125,1,1.7017e-07,1.7017e-07,1.19e-07,1.52e-07
0.99508,0.0018906,-0.010684,1,1.7041e-07,1.7041e-07,1.19e-07,1.52e-07
0.99336,0.0018784,0.017756,1,1.7065e-07,1.7065e-07,1.19e-07,1.52e-07
0.99163,0.0018662,0.046194,1,1.7088e-07,1.7088e-07,1.19e-07,1.52e-07
0.98991,0.0018539,0.074634,1,1.7112e-07,1.7112e-07,1.19e-07,1.52e-07
0.98819,0.0018417,0.10307,1,1.7136e-07,1.7136e-07,1.19e-07,1.52e-07
0.98647,0.0018295,0.13151,1,1.716e-07,1.716e-07,1.19e-07,1.52e-07
0.98475,0.0018173,0.15995,1,1.7184e-07,1.7184e-07,1.19e-07,1.52e-07
0.9811,0.001802,0.18765,1,1.7207e-07,1.7207e-07,1.19e-07,1.52e-07
0.97318,0.0017797,0.2137,1,1.7231e-07,1.7231e-07,1.19e-07,1.52e-07
0.96526,0.0017574,0.23975,1,1.7255e-07,1.7255e-07,1.19e-07,1.52e-07
0.95735,0.0017351,0.26581,1,1.7279e-07,1.7279e-07,1.19e-07,1.52e-07
0.94943,0.0017128,0.29186,1,1.7303e-07,1.7303e-07,1.19e-07,1.52e-07
0.94151,0.0016905,0.31791,1,1.7326e-07,1.7326e-07,1.19e-07,1.52e-07
0.93359,0.0016682,0.34396,1,1.735e-07,1.735e-07,1.19e-07,1.52e-07
0.92567,0.0016459,0.37001,1,1.7374e-07,1.7374e-07,1.19e-07,1.52e-07
0.91775,0.0016236,0.39606,1,1.7398e-07,1.7398e-07,1.19e-07,1.52e-07
0.90606,0.0015964,0.41792,1,1.7422e-07,1.7422e-07,1.19e-07,1.52e-07
0.89397,0.0015687,0.43936,1,1.7445e-07,1.7445e-07,1.19e-07,1.52e-07
0.88189,0.001541,0.46079,1,1.7469e-07,1.7469e-07,1.19e-07,1.52e-07
0.86981,0.0015132,0.48222,1,1.7493e-07,1.7493e-07,1.19e-07,1.52e-07
0.85773,0.0014855,0.50366,1,1.7517e-07,1.7517e-07,1.19e-07,1.52e-07
0.84564,0.0014578,0.52509,1,1.7541e-07,1.7541e-07,1.19e-07,1.52e-07
0.83356,0.0014301,0.54653,1,1.7564e-07,1.7564e-07,1.19e-07,1.52e-07
0.82148,0.0014024,0.56796,1,1.7588e-07,1.7588e-07,1.19e-07,1.52e-07
0.80853,0.0013743,0.58674,1,1.7612e-07,1.7612e-07,1.19e-07,1.52e-07
0.79473,0.0013457,0.60291,1,1.7636e-07,1.7636e-07,1.19e-07,1.52e-07
0.78094,0.0013172,0.61909,1,1.766e-07,1.766e-07,1.19e-07,1.52e-07
0.76714,0.0012887,0.63526,1,1.7683e-07,1.7683e-07,1.19e-07,1.52e-07
0.75334,0.0012602,0.65143,1,1.7707e-07,1.7707e-07,1.19e-07,1.52e-07
0.73954,0.0012317,0.66761,1,1.7731e-07,1.7731e-07,1.19e-07,1.52e-07
0.72574,0.0012032,0.68378,1,1.7755e-07,1.7755e-07,1.19e-07,1.52e-07
0.71194,0.0011747,0.69995,1,1.7779e-07,1.7779e-07,1.19e-07,1.52e-07
0.69817,0.0011464,0.71565,1,1.7802e-07,1.7802e-07,1.19e-07,1.52e-07
0.68457,0.0011203,0.72711,1,1.7826e-07,1.7826e-07,1.19e-07,1.52e-07
0.67097,0.0010941,0.73856,1,1.785e-07,1.785e-07,1.19e-07,1.52e-07
0.65738,0.0010679,0.75002,1,1.7874e-07,1.7874e-07,1.19e-07,1.52e-07
0.64378,0.0010417,0.76148,1,1.7898e-07,1.7898e-07,1.19e-07,1.52e-07
0.63018,0.0010155,0.77294,1,1.7921e-07,1.7921e-07,1.19e-07,1.52e-07
0.61659,0.00098937,0.78439,1,1.7945e-07,1.7945e-07,1.19e-07,1.52e-07
0.60299,0.00096319,0.79585,1,1.7969e-07,1.7969e-07,1.19e-07,1.52e-07
0.58939,0.00093702,0.80731,1,1.7993e-07,1.7993e-07,1.19e-07,1.52e-07
0.57671,0.00091347,0.8162,1,1.8017e-07,1.8017e-07,1.19e-07,1.52e-07
0.56441,0.00089106,0.82398,1,1.804e-07,1.804e-07,1.19e-07,1.52e-07
0.55212,0.00086865,0.83176,1,1.8064e-07,1.8064e-07,1.19e-07,1.52e-07
0.53983,0.00084625,0.83954,1,1.8088e-07,1.8088e-07,1.19e-07,1.52e-07
0.52754,0.00082384,0.84732,1,1.8112e-07,1.8112e-07,1.19e-07,1.52e-07
0.51524,0.00080144,0.8551,1,1.8136e-07,1.8136e-07,1.19e-07,1.52e-07
0.50295,0.00077903,0.86288,1,1.8159e-07,1.8159e-07,1.19e-07,1.52e-07
0.49066,0.00075662,0.87065,1,1.8183e-07,1.8183e-07,1.19e-07,1.52e-07
0.47888,0.0007354,0.87766,1,1.8207e-07,1.8207e-07,1.19e-07,1.52e-07
0.46833,0.00071704,0.8828,1,1.8231e-07,1.8231e-07,1.19e-07,1.52e-07
0.45778,0.00069867,0.88795,1,1.8255e-07,1.8255e-07,1.19e-07,1.52e-07
0.44724,0.00068031,0.89309,1,1.8278e-07,1.8278e-07,1.19e-07,1.52e-07
0.43669,0.00066194,0.89823,1,1.8302e-07,1.8302e-07,1.19e-07,1.52e-07
0.42614,0.00064357,0.90338,1,1.8326e-07,1.8326e-07,1.19e-07,1.52e-07
0.41559,0.00062521,0.90852,1,1.835e-07,1.835e-07,1.19e-07,1.52e-07
0.40505,0.00060684,0.91366,1,1.8374e-07,1.8374e-07,1.19e-07,1.52e-07
0.3945,0.00058847,0.91881,1,1.8397e-07,1.8397e-07,1.19e-07,1.52e-07
0.38553,0.00057341,0.92235,1,1.8421e-07,1.8421e-07,1.19e-07,1.52e-07
0.37676,0.00055874,0.9257,1,1.8445e-07,1.8445e-07,1.19e-07,1.52e-07
0.36799,0.00054408,0.92905,1,1.8469e-07,1.8469e-07,1.19e-07,1.52e-07
0.35923,0.00052942,0.9324,1,1.8493e-07,1.8493e-07,1.19e-07,1.52e-07
0.35046,0.00051475,0.93575,1,1.8516e-07,1.8516e-07,1.19e-07,1.52e-07
0.34169,0.00050009,0.9391,1,1.854e-07,1.854e-07,1.19e-07,1.52e-07
0.33292,0.00048542,0.94246,1,1.8564e-07,1.8564e-07,1.19e-07,1.52e-07
0.32415,0.00047076,0.94581,1,1.8588e-07,1.8588e-07,1.19e-07,1.52e-07
0.31617,0.00045762,0.94858,1,1.8612e-07,1.8612e-07,1.19e-07,1.52e-07
0.30901,0.00044609,0.95074,1,1.8635e-07,1.8635e-07,1.19e-07,1.52e-07
0.30186,0.00043457,0.95291,1,1.8659e-07,1.8659e-07,1.19e-07,1.52e-07
0.2947,0.00042304,0.95508,1,1.8683e-07,1.8683e-07,1.19e-07,1.52e-07
0.28755,0.00041151,0.95724,1,1.8707e-07,1.8707e-07,1.19e-07,1.52e-07
0.2804,0.00039998,0.95941,1,1.8731e-07,1.8731e-07,1.19e-07,1.52e-07
0.27324,0.00038845,0.96158,1,1.8754e-07,1.8754e-07,1.19e-07,1.52e-07
0.26609,0.00037692,0.96374,1,1.8778e-07,1.8778e-07,1.19e-07,1.52e-07
0.25905,0.0003656,0.96584,1,1.8802e-07,1.8802e-07,1.19e-07,1.52e-07
0.25328,0.00035661,0.96724,1,1.8826e-07,1.8826e-07,1.19e-07,1.52e-07
0.2475,0.00034762,0.96864,1,1.885e-07,1.885e-07,1.19e-07,1.52e-07
0.24173,0.00033863,0.97004,1,1.8873e-07,1.8873e-07,1.19e-07,1.52e-07
0.23595,0.00032964,0.97144,1,1.8897e-07,1.8897e-07,1.19e-07,1.52e-07
0.23018,0.00032065,0.97284,1,1.8921e-07,1.8921e-07,1.19e-07,1.52e-07
0.22441,0.00031166,0.97423,1,1.8945e-07,1.8945e-07,1.19e-07,1.52e-07
0.21863,0.00030267,0.97563,1,1.8969e-07,1.8969e-07,1.19e-07,1.52e-07
0.21286,0.00029367,0.97703,1,1.8992e-07,1.8992e-07,1.19e-07,1.52e-07
0.20786,0.00028605,0.97809,1,1.9016e-07,1.9016e-07,1.19e-07,1.52e-07
0.20323,0.00027907,0.979,1,1.904e-07,1.904e-07,1.19e-07,1.52e-07
0.1986,0.00027208,0.9799,1,1.9064e-07,1.9064e-07,1.19e-07,1.52e-07
0.19396,0.0002651,0.98081,1,1.9088e-07,1.9088e-07,1.19e-07,1.52e-07
0.18933,0.00025811,0.98171,1,1.9111e-07,1.9111e-07,1.19e-07,1.52e-07
0.1847,0.00025113,0.98262,1,1.9135e-07,1.9135e-07,1.19e-07,1.52e-07
0.18007,0.00024415,0.98352,1,1.9159e-07,1.9159e-07,1.19e-07,1.52e-07
0.17543,0.00023716,0.98443,1,1.9183e-07,1.9183e-07,1.19e-07,1.52e-07
0.17106,0.00023061,0.98524,1,1.9207e-07,1.9207e-07,1.19e-07,1.52e-07
0.16735,0.00022519,0.98583,1,1.923e-07,1.923e-07,1.19e-07,1.52e-07
0.16364,0.00021977,0.98642,1,1.9254e-07,1.9254e-07,1.19e-07,1.52e-07
0.15993,0.00021435,0.98701,1,1.9278e-07,1.9278e-07,1.19e-07,1.52e-07
0.15622,0.00020893,0.98759,1,1.9302e-07,1.9302e-07,1.19e-07,1.52e-07
0.15251,0.00020351,0.98818,1,1.9326e-07,1.9326e-07,1.19e-07,1.52e-07
0.1488,0.00019809,0.98877,1,1.9349e-07,1.9349e-07,1.19e-07,1.52e-07
0.14509,0.00019267,0.98936,1,1.9373e-07,1.9373e-07,1.19e-07,1.52e-07
0.14138,0.00018725,0.98995,1,1.9397e-07,1.9397e-07,1.19e-07,1.52e-07
0.13832,0.00018289,0.99036,1,1.9421e-07,1.9421e-07,1.19e-07,1.52e-07
0.13535,0.00017868,0.99074,1,1.9445e-07,1.9445e-07,1.19e-07,1.52e-07
0.13238,0.00017446,0.99113,1,1.9468e-07,1.9468e-07,1.19e-07,1.52e-07
0.12941,0.00017025,0.99151,1,1.9492e-07,1.9492e-07,1.19e-07,1.52e-07
0.12644,0.00016604,0.9919,1,1.9516e-07,1.9516e-07,1.19e-07,1.52e-07
0.12347,0.00016183,0.99228,1,1.954e-07,1.954e-07,1.19e-07,1.52e-07
0.1205,0.00015762,0.99266,1,1.9564e-07,1.9564e-07,1.19e-07,1.52e-07
0.11753,0.00015341,0.99305,1,1.9587e-07,1.9587e-07,1.19e-07,1.52e-07
0.11484,0.00014963,0.99337,1,1.9611e-07,1.9611e-07,1.19e-07,1.52e-07
0.11245,0.00014636,0.99363,1,1.9635e-07,1.9635e-07,1.19e-07,1.52e-07
0.11007,0.00014308,0.99388,1,1.9659e-07,1.9659e-07,1.19e-07,1.52e-07
0.10769,0.0001398,0.99413,1,1.9683e-07,1.9683e-07,1.19e-07,1.52e-07
0.10531,0.00013652,0.99439,1,1.9706e-07,1.9706e-07,1.19e-07,1.52e-07
0.10292,0.00013324,0.99464,1,1.973e-07,1.973e-07,1.19e-07,1.52e-07
0.10054,0.00012996,0.9949,1,1.9754e-07,1.9754e-07,1.19e-07,1.52e-07
0.098161,0.00012668,0.99515,1,1.9778e-07,1.9778e-07,1.19e-07,1.52e-07
0.09581,0.00012345,0.9954,1,1.9802e-07,1.9802e-07,1.19e-07,1.52e-07
0.093894,0.00012088,0.99557,1,1.9825e-07,1.9825e-07,1.19e-07,1.52e-07
0.091977,0.00011832,0.99574,1,1.9849e-07,1.9849e-07,1.19e-07,1.52e-07
0.090061,0.00011576,0.99591,1,1.9873e-07,1.9873e-07,1.19e-07,1.52e-07
0.088145,0.00011319,0.99607,1,1.9897e-07,1.9897e-07,1.19e-07,1.52e-07
0.086228,0.00011063,0.99624,1,1.9921e-07,1.9921e-07,1.19e-07,1.52e-07
0.084312,0.00010807,0.99641,1,1.9944e-07,1.9944e-07,1.19e-07,1.52e-07
0.082396,0.00010551,0.99658,1,1.9968e-07,1.9968e-07,1.19e-07,1.52e-07
0.080479,0.00010294,0.99675,1,1.9992e-07,1.9992e-07,1.19e-07,1.52e-07
0.078807,0.00010075,0.99688,1,2.0016e-07,2.0016e-07,1.19e-07,1.52e-07
0.077259,9.8735e-05,0.997,1,2.004e-07,2.004e-07,1.19e-07,1.52e-07
0.075711,9.6723e-05,0.99711,1,2.0063e-07,2.0063e-07,1.19e-07,1.52e-07
0.074163,9.4712e-05,0.99722,1,2.0087e-07,2.0087e-07,1.19e-07,1.52e-07
0.072615,9.2701e-05,0.99734,1,2.0111e-07,2.0111e-07,1.19e-07,1.52e-07
0.071068,9.0689e-05,0.99745,1,2.0135e-07,2.0135e-07,1.19e-07,1.52e-07
0.06952,8.8678e-05,0.99757,1,2.0159e-07,2.0159e-07,1.19e-07,1.52e-07
0.067972,8.6667e-05,0.99768,1,2.0182e-07,2.0182e-07,1.19e-07,1.52e-07
0.0665,8.4766e-05,0.99778,1,2.0206e-07,2.0206e-07,1.19e-07,1.52e-07
0.065243,8.3181e-05,0.99786,1,2.023e-07,2.023e-07,1.19e-07,1.52e-07
0.063986,8.1595e-05,0.99794,1,2.0254e-07,2.0254e-07,1.19e-07,1.52e-07
0.06273,8.001e-05,0.99802,1,2.0278e-07,2.0278e-07,1.19e-07,1.52e-07
0.061473,7.8424e-05,0.99809,1,2.0301e-07,2.0301e-07,1.19e-07,1.52e-07
0.060216,7.6838e-05,0.99817,1,2.0325e-07,2.0325e-07,1.19e-07,1.52e-07
0.058959,7.5253e-05,0.99825,1,2.0349e-07,2.0349e-07,1.19e-07,1.52e-07
0.057703,7.3667e-05,0.99833,1,2.0373e-07,2.0373e-07,1.19e-07,1.52e-07
0.056446,7.2082e-05,0.9984,1,2.0397e-07,2.0397e-07,1.19e-07,1.52e-07
0.055387,7.0778e-05,0.99846,1,2.042e-07,2.042e-07,1.19e-07,1.52e-07
0.054361,6.9521e-05,0.99851,1,2.0444e-07,2.0444e-07,1.19e-07,1.52e-07
0.053335,6.8265e-05,0.99857,1,2.0468e-07,2.0468e-07,1.19e-07,1.52e-07
0.052308,6.7008e-05,0.99862,1,2.0492e-07,2.0492e-07,1.19e-07,1.52e-07
0.051282,6.5752e-05,0.99867,1,2.0516e-07,2.0516e-07,1.19e-07,1.52e-07
0.050256,6.4495e-05,0.99873,1,2.0539e-07,2.0539e-07,1.19e-07,1.52e-07
0.04923,6.3238e-05,0.99878,1,2.0563e-07,2.0563e-07,1.19e-07,1.52e-07
0.048204,6.1982e-05,0.99884,1,2.0587e-07,2.0587e-07,1.19e-07,1.52e-07
0.04726,6.0841e-05,0.99888,1,2.0611e-07,2.0611e-07,1.19e-07,1.52e-07
0.046417,5.984e-05,0.99892,1,2.0635e-07,2.0635e-07,1.19e-07,1.52e-07
0.045573,5.8839e-05,0.99896,1,2.0658e-07,2.0658e-07,1.19e-07,1.52e-07
0.044729,5.7838e-05,0.99899,1,2.0682e-07,2.0682e-07,1.19e-07,1.52e-07
0.043886,5.6837e-05,0.99903,1,2.0706e-07,2.0706e-07,1.19e-07,1.52e-07
0.043042,5.5836e-05,0.99907,1,2.073e-07,2.073e-07,1.19e-07,1.52e-07
0.042198,5.4835e-05,0.9991,1,2.0754e-07,2.0754e-07,1.19e-07,1.52e-07
0.041354,5.3834e-05,0.99914,1,2.0777e-07,2.0777e-07,1.19e-07,1.52e-07
0.040518,5.2843e-05,0.99918,1,2.0801e-07,2.0801e-07,1.19e-07,1.52e-07
0.039819,5.2041e-05,0.9992,1,2.0825e-07,2.0825e-07,1.19e-07,1.52e-07
0.03912,5.1238e-05,0.99923,1,2.0849e-07,2.0849e-07,1.19e-07,1.52e-07
0.038421,5.0436e-05,0.99926,1,2.0873e-07,2.0873e-07,1.19e-07,1.52e-07
0.037722,4.9634e-05,0.99928,1,2.0896e-07,2.0896e-07,1.19e-07,1.52e-07
0.037024,4.8832e-05,0.99931,1,2.092e-07,2.092e-07,1.19e-07,1.52e-07
0.036325,4.8029e-05,0.99934,1,2.0944e-07,2.0944e-07,1.19e-07,1.52e-07
0.035626,4.7227e-05,0.99936,1,2.0968e-07,2.0968e-07,1.19e-07,1.52e-07
0.034927,4.6425e-05,0.99939,1,2.0992e-07,2.0992e-07,1.19e-07,1.52e-07
0.034302,4.5724e-05,0.99941,1,2.1015e-07,2.1015e-07,1.19e-07,1.52e-07
0.033719,4.5077e-05,0.99943,1,2.1039e-07,2.1039e-07,1.19e-07,1.52e-07
0.033135,4.4431e-05,0.99945,1,2.1063e-07,2.1063e-07,1.19e-07,1.52e-07
0.032551,4.3785e-05,0.99947,1,2.1087e-07,2.1087e-07,1.19e-07,1.52e-07
0.031967,4.3138e-05,0.99949,1,2.1111e-07,2.1111e-07,1.19e-07,1.52e-07
0.031383,4.2492e-05,0.9995,1,2.1134e-07,2.1134e-07,1.19e-07,1.52e-07
0.030799,4.1845e-05,0.99952,1,2.1158e-07,2.1158e-07,1.19e-07,1.52e-07
0.030215,4.1199e-05,0.99954,1,2.1182e-07,2.1182e-07,1.19e-07,1.52e-07
0.029654,4.0583e-05,0.99956,1,2.1206e-07,2.1206e-07,1.19e-07,1.52e-07
0.029162,4.0059e-05,0.99957,1,2.123e-07,2.123e-07,1.19e-07,1.52e-07
0.028669,3.9535e-05,0.99959,1,2.1253e-07,2.1253e-07,1.19e-07,1.52e-07
0.028177,3.9012e-05,0.9996,1,2.1277e-07,2.1277e-07,1.19e-07,1.52e-07
0.027685,3.8488e-05,0.99961,1,2.1301e-07,2.1301e-07,1.19e-07,1.52e-07
0.027193,3.7965e-05,0.99963,1,2.1325e-07,2.1325e-07,1.19e-07,1.52e-07
0.0267,3.7441e-05,0.99964,1,2.1349e-07,2.1349e-07,1.19e-07,1.52e-07
0.026208,3.6918e-05,0.99966,1,2.1372e-07,2.1372e-07,1.19e-07,1.52e-07
0.025716,3.6394e-05,0.99967,1,2.1396e-07,2.1396e-07,1.19e-07,1.52e-07
0.025285,3.5952e-05,0.99968,1,2.142e-07,2.142e-07,1.19e-07,1.52e-07
0.024866,3.5525e-05,0.99969,1,2.1444e-07,2.1444e-07,1.19e-07,1.52e-07
0.024447,3.5098e-05,0.9997,1,2.1468e-07,2.1468e-07,1.19e-07,1.52e-07
0.024027,3.4671e-05,0.99971,1,2.1491e-07,2.1491e-07,1.19e-07,1.52e-07
0.023608,3.4244e-05,0.99972,1,2.1515e-07,2.1515e-07,1.19e-07,1.52e-07
0.023189,3.3817e-05,0.99973,1,2.1539e-07,2.1539e-07,1.19e-07,1.52e-07
0.02277,3.339e-05,0.99974,1,2.1563e-07,2.1563e-07,1.19e-07,1.52e-07
0.022351,3.2963e-05,0.99975,1,2.1587e-07,2.1587e-07,1.19e-07,1.52e-07
0.021957,3.257e-05,0.99976,1,2.161e-07,2.161e-07,1.19e-07,1.52e-07
0.021596,3.2221e-05,0.99977,1,2.1634e-07,2.1634e-07,1.19e-07,1.52e-07
0.021235,3.1872e-05,0.99977,1,2.1658e-07,2.1658e-07,1.19e-07,1.52e-07
0.020874,3.1523e-05,0.99978,1,2.1682e-07,2.1682e-07,1.19e-07,1.52e-07
0.020514,3.1174e-05,0.99979,1,2.1706e-07,2.1706e-07,1.19e-07,1.52e-07
0.020153,3.0826e-05,0.9998,1,2.1729e-07,2.1729e-07,1.19e-07,1.52e-07
0.019792,3.0477e-05,0.9998,1,2.1753e-07,2.1753e-07,1.19e-07,1.52e-07
0.019431,3.0128e-05,0.99981,1,2.1777e-07,2.1777e-07,1.19e-07,1.52e-07
0.019072,2.9781e-05,0.99982,1,2.1801e-07,2.1801e-07,1.19e-07,1.52e-07
0.018758,2.9494e-05,0.99982,1,2.1825e-07,2.1825e-07,1.19e-07,1.52e-07
0.018444,2.9207e-05,0.99983,1,2.1848e-07,2.1848e-07,1.19e-07,1.52e-07
0.01813,2.8921e-05,0.99983,1,2.1872e-07,2.1872e-07,1.19e-07,1.52e-07
0.017816,2.8634e-05,0.99984,1,2.1896e-07,2.1896e-07,1.19e-07,1.52e-07
0.017501,2.8347e-05,0.99985,1,2.192e-07,2.192e-07,1.19e-07,1.52e-07
0.017187,2.806e-05,0.99985,1,2.1944e-07,2.1944e-07,1.19e-07,1.52e-07
0.016873,2.7773e-05,0.99986,1,2.1967e-07,2.1967e-07,1.19e-07,1.52e-07
0.016559,2.7487e-05,0.99986,1,2.1991e-07,2.1991e-07,1.19e-07,1.52e-07
0.016269,2.7232e-05,0.99987,1,2.2015e-07,2.2015e-07,1.19e-07,1.52e-07
0.015992,2.6996e-05,0.99987,1,2.2039e-07,2.2039e-07,1.19e-07,1.52e-07
0.015715,2.676e-05,0.99988,1,2.2063e-07,2.2063e-07,1.19e-07,1.52e-07
0.015438,2.6524e-05,0.99988,1,2.2086e-07,2.2086e-07,1.19e-07,1.52e-07
0.015162,2.6287e-05,0.99988,1,2.211e-07,2.211e-07,1.19e-07,1.52e-07
0.014885,2.6051e-05,0.99989,1,2.2134e-07,2.2134e-07,1.19e-07,1.52e-07
0.014608,2.5815e-05,0.99989,1,2.2158e-07,2.2158e-07,1.19e-07,1.52e-07
0.014332,2.5579e-05,0.9999,1,2.2182e-07,2.2182e-07,1.19e-07,1.52e-07
0.014062,2.5353e-05,0.9999,1,2.2205e-07,2.2205e-07,1.19e-07,1.52e-07
0.013815,2.5158e-05,0.9999,1,2.2229e-07,2.2229e-07,1.19e-07,1.52e-07
0.013568,2.4963e-05,0.99991,1,2.2253e-07,2.2253e-07,1.19e-07,1.52e-07
0.013321,2.4769e-05,0.99991,1,2.2277e-07,2.2277e-07,1.19e-07,1.52e-07
0.013075,2.4574e-05,0.99991,1,2.2301e-07,2.2301e-07,1.19e-07,1.52e-07
0.012828,2.4379e-05,0.99992,1,2.2324e-07,2.2324e-07,1.19e-07,1.52e-07
0.012581,2.4184e-05,0.99992,1,2.2348e-07,2.2348e-07,1.19e-07,1.52e-07
0.012334,2.399e-05,0.99992,1,2.2372e-07,2.2372e-07,1.19e-07,1.52e-07
0.012088,2.3795e-05,0.99993,1,2.2396e-07,2.2396e-07,1.19e-07,1.52e-07
0.01186,2.3629e-05,0.99993,1,2.242e-07,2.242e-07,1.19e-07,1.52e-07
0.011638,2.3469e-05,0.99993,1,2.2443e-07,2.2443e-07,1.19e-07,1.52e-07
0.011415,2.3309e-05,0.99993,1,2.2467e-07,2.2467e-07,1.19e-07,1.52e-07
0.011192,2.3149e-05,0.99994,1,2.2491e-07,2.2491e-07,1.19e-07,1.52e-07
0.010969,2.299e-05,0.99994,1,2.2515e-07,2.2515e-07,1.19e-07,1.52e-07
0.010746,2.283e-05,0.99994,1,2.2539e-07,2.2539e-07,1.19e-07,1.52e-07
0.010523,2.267e-05,0.99994,1,2.2562e-07,2.2562e-07,1.19e-07,1.52e-07
0.0103,2.251e-05,0.99995,1,2.2586e-07,2.2586e-07,1.19e-07,1.52e-07
0.010086,2.2362e-05,0.99995,1,2.261e-07,2.261e-07,1.19e-07,1.52e-07
0.0098817,2.2231e-05,0.99995,1,2.2634e-07,2.2634e-07,1.19e-07,1.52e-07
0.0096779,2.21e-05,0.99995,1,2.2658e-07,2.2658e-07,1.19e-07,1.52e-07
0.009474,2.197e-05,0.99995,1,2.2681e-07,2.2681e-07,1.19e-07,1.52e-07
0.0092702,2.1839e-05,0.99996,1,2.2705e-07,2.2705e-07,1.19e-07,1.52e-07
0.0090663,2.1708e-05,0.99996,1,2.2729e-07,2.2729e-07,1.19e-07,1.52e-07
0.0088624,2.1577e-05,0.99996,1,2.2753e-07,2.2753e-07,1.19e-07,1.52e-07
0.0086586,2.1446e-05,0.99996,1,2.2777e-07,2.2777e-07,1.19e-07,1.52e-07
0.008455,2.1316e-05,0.99996,1,2.28e-07,2.28e-07,1.19e-07,1.52e-07
0.0082661,2.121e-05,0.99997,1,2.2824e-07,2.2824e-07,1.19e-07,1.52e-07
0.0080772,2.1104e-05,0.99997,1,2.2848e-07,2.2848e-07,1.19e-07,1.52e-07
0.0078884,2.0998e-05,0.99997,1,2.2872e-07,2.2872e-07,1.19e-07,1.52e-07
0.0076995,2.0892e-05,0.99997,1,2.2896e-07,2.2896e-07,1.19e-07,1.52e-07
0.0075106,2.0786e-05,0.99997,1,2.2919e-07,2.2919e-07,1.19e-07,1.52e-07
0.0073217,2.068e-05,0.99997,1,2.2943e-07,2.2943e-07,1.19e-07,1.52e-07
0.0071328,2.0575e-05,0.99997,1,2.2967e-07,2.2967e-07,1.19e-07,1.52e-07
0.0069439,2.0469e-05,0.99998,1,2.2991e-07,2.2991e-07,1.19e-07,1.52e-07
0.0067622,2.0376e-05,0.99998,1,2.3015e-07,2.3015e-07,1.19e-07,1.52e-07
0.0065849,2.0292e-05,0.99998,1,2.3038e-07,2.3038e-07,1.19e-07,1.52e-07
0.0064076,2.0209e-05,0.99998,1,2.3062e-07,2.3062e-07,1.19e-07,1.52e-07
0.0062303,2.0125e-05,0.99998,1,2.3086e-07,2.3086e-07,1.19e-07,1.52e-07
0.006053,2.0041e-05,0.99998,1,2.311e-07,2.311e-07,1.19e-07,1.52e-07
0.0058758,1.9957e-05,0.99998,1,2.3134e-07,2.3134e-07,1.19e-07,1.52e-07
0.0056985,1.9873e-05,0.99998,1,2.3157e-07,2.3157e-07,1.19e-07,1.52e-07
0.0055212,1.9789e-05,0.99998,1,2.3181e-07,2.3181e-07,1.19e-07,1.52e-07
0.0053457,1.9709e-05,0.99999,1,2.3205e-07,2.3205e-07,1.19e-07,1.52e-07
0.0051772,1.9645e-05,0.99999,1,2.3229e-07,2.3229e-07,1.19e-07,1.52e-07
0.0050087,1.9581e-05,0.99999,1,2.3253e-07,2.3253e-07,1.19e-07,1.52e-07
0.0048401,1.9517e-05,0.99999,1,2.3276e-07,2.3276e-07,1.19e-07,1.52e-07
0.0046716,1.9453e-05,0.99999,1,2.33e-07,2.33e-07,1.19e-07,1.52e-07
0.004503,1.9389e-05,0.99999,1,2.3324e-07,2.3324e-07,1.19e-07,1.52e-07
0.0043345,1.9325e-05,0.99999,1,2.3348e-07,2.3348e-07,1.19e-07,1.52e-07
0.0041659,1.9261e-05,0.99999,1,2.3372e-07,2.3372e-07,1.19e-07,1.52e-07
0.0039974,1.9197e-05,0.99999,1,2.3395e-07,2.3395e-07,1.19e-07,1.52e-07
0.0038339,1.9148e-05,0.99999,1,2.3419e-07,2.3419e-07,1.19e-07,1.52e-07
0.0036716,1.9102e-05,0.99999,1,2.3443e-07,2.3443e-07,1.19e-07,1.52e-07
0.0035093,1.9056e-05,0.99999,1,2.3467e-07,2.3467e-07,1.19e-07,1.52e-07
0.003347,1.901e-05,0.99999,1,2.3491e-07,2.3491e-07,1.19e-07,1.52e-07
0.0031847,1.8964e-05,0.99999,1,2.3514e-07,2.3514e-07,1.19e-07,1.52e-07
0.0030224,1.8918e-05,1,1,2.3538e-07,2.3538e-07,1.19e-07,1.52e-07
0.0028601,1.8873e-05,1,1,2.3562e-07,2.3562e-07,1.19e-07,1.52e-07
0.0026978,1.8827e-05,1,1,2.3586e-07,2.3586e-07,1.19e-07,1.52e-07
0.0025371,1.8788e-05,1,1,2.361e-07,2.361e-07,1.19e-07,1.52e-07
0.0023788,1.8758e-05,1,1,2.3633e-07,2.3633e-07,1.19e-07,1.52e-07
0.0022206,1.8729e-05,1,1,2.3657e-07,2.3657e-07,1.19e-07,1.52e-07
0.0020623,1.87e-05,1,1,2.3681e-07,2.3681e-07,1.19e-07,1.52e-07
0.001904,1.8671e-05,1,1,2.3705e-07,2.3705e-07,1.19e-07,1.52e-07
0.0017457,1.8642e-05,1,1,2.3729e-07,2.3729e-07,1.19e-07,1.52e-07
0.0015874,1.8613e-05,1,1,2.3752e-07,2.3752e-07,1.19e-07,1.52e-07
0.0014292,1.8583e-05,1,1,2.3776e-07,2.3776e-07,1.19e-07,1.52e-07
0.0012709,1.8554e-05,1,1,2.38e-07,2.38e-07,1.19e-07,1.52e-07
